,cluster_id,curvature,x,y,z,average_potential
0,1,16.72,9.687825484764543,43.82400831024931,64.28596121883656,-10.029352354570637
1,2,13.57,13.431857627118644,49.287335593220334,62.261186440677974,-11.347827457627119
2,3,20.27,18.49916044776119,53.308835820895524,65.68507835820897,-22.42872798507463
3,4,-0.06,20.70480841121495,44.15133177570094,67.27258411214953,-24.900032710280374
4,5,-1.32,17.162668965517238,44.2271275862069,72.24806896551725,-29.827309310344823
5,6,17.31,11.70623851203501,49.521312910284465,72.18478993435448,-16.20139168490153
6,7,18.0,18.57034892086331,41.95162230215828,57.57137050359712,-8.10328129496403
7,8,16.29,23.61101745200698,46.12326876090751,59.46250087260036,-17.526034031413612
8,9,17.82,26.740308139534882,52.133583333333334,64.50627519379844,-20.96734670542636
9,10,18.23,31.383378289473686,45.973345394736846,62.558585526315795,-7.421864802631579
10,11,19.13,29.388446808510636,45.16730585106383,69.47733776595744,-14.774884042553193
11,12,13.28,11.415904148783978,49.473321888412016,89.33357367668097,-13.888887982832617
12,13,17.64,16.924526315789475,54.5580275689223,92.79011528822053,-10.519176691729323
13,14,13.44,19.191022312373228,56.52713184584179,86.56548884381338,-20.0046369168357
14,15,-17.76,11.457450363196125,46.15008474576271,77.75820338983051,-19.532275060532687
15,16,10.17,14.372398210290827,50.05157941834452,81.12422818791946,-22.745640939597315
16,17,16.2,19.58181557377049,56.39785245901639,79.71946721311477,-23.478709836065573
17,18,16.02,25.160076167076166,47.61028009828009,76.93536117936118,-21.924610565110566
18,19,13.28,24.9989311827957,54.31184086021506,75.96934838709679,-21.274152903225808
