,cluster_id,curvature,x,y,z,average_potential
0,1,17.61,55.15477380952381,26.737160714285718,0.6651428571428571,-20.23567589285714
1,2,19.67,51.00650398406374,23.555203187250996,7.57338047808765,-14.11070298804781
2,3,18.26,63.93977248677249,21.306216931216934,10.014801587301587,-15.130665079365079
3,4,16.13,57.251070422535214,24.760152112676053,11.98510704225352,-18.16850676056338
4,5,16.34,61.48180830670927,30.24235143769968,9.128555910543131,-12.801430990415335
5,6,17.13,62.31475232774675,15.99526815642458,6.090968342644319,-16.065543761638732
6,7,16.03,62.428717948717946,23.077250712250713,-1.3116780626780624,-21.427490028490027
7,8,18.04,66.25510355987055,17.538553398058255,-2.9268867313915856,-17.42038802588997
8,9,22.45,61.744205426356594,17.808251937984497,-7.76908527131783,-10.373037596899225
9,10,16.18,53.391093663911846,18.703782369146005,-5.073553719008265,-14.118898760330579
10,11,18.99,52.804131979695434,15.863862944162435,3.308847715736041,-21.952913197969547
11,12,12.79,58.973682539682535,12.740579365079366,-1.0781349206349207,-12.68093492063492
