,cluster_id,curvature,x,y,z,average_potential
0,1,-1.46,22.580820408163262,44.88057551020408,28.600951020408164,-31.87166857142857
1,2,20.61,27.013693931398418,46.74957783641161,35.008179419525064,-19.760861213720315
2,3,20.34,31.882590436590437,49.78564656964657,31.11895634095634,-12.371386278586279
3,4,18.18,23.92452643678161,39.32198850574713,17.499572413793103,-12.935264827586208
4,5,-0.69,29.212103773584907,35.525511792452825,23.87476886792453,-17.667973820754717
5,6,17.49,28.848087475149104,46.50095029821073,19.326924453280316,-13.491058250497018
6,7,15.05,30.087855113636362,49.677437499999996,24.7349375,-15.97976846590909
7,8,23.05,33.69825,40.25356343283582,19.7697276119403,-9.028744029850746
8,9,16.16,35.43914893617021,40.47053191489363,27.98138061465721,-18.26405295508274
9,10,13.37,14.105502604166666,33.45430859375,36.353851562500004,-13.838621614583337
10,11,19.56,17.884619999999998,34.802884999999996,42.358225000000004,-10.4865255
11,12,17.72,12.868644880174292,40.539174291939,42.21398039215686,-10.201916122004357
12,13,16.31,13.892555160142349,32.06982740213523,26.513405693950176,-9.525976868327403
13,14,10.54,18.790526785714285,37.350387500000004,23.705633928571427,-18.081890178571427
14,15,-5.6,29.928789699570814,38.94699141630901,33.0021287553648,-23.62490557939914
15,16,19.14,26.949849056603774,36.72776886792453,36.804318396226414,-20.384880660377355
16,17,17.48,21.543156804733727,40.956517751479296,39.60659467455622,-14.9611150887574
17,18,12.72,19.404116760828625,35.95773822975518,31.81192655367232,-26.054591148775895
