,cluster_id,curvature,x,y,z,average_potential
0,1,17.85,23.62989732142857,-12.807232142857144,16.95886607142857,-7.979130803571429
1,2,14.28,19.594371764705883,-5.8010705882352935,17.594444705882353,-8.490698117647058
2,3,17.34,26.744204081632653,-6.735120408163265,16.174357142857144,-14.568300204081632
3,4,13.27,20.395824723247234,6.3006088560885605,1.1863763837638377,-11.324112361623618
4,5,13.7,25.286582908163265,7.375220663265307,-5.896293367346938,-9.081100000000001
5,6,25.26,24.395518716577538,1.9039545454545457,6.933639037433156,-13.006620588235293
6,7,17.14,24.540981609195402,-1.3481011494252872,12.280820689655172,-13.081070804597699
7,8,22.22,14.187898678414095,8.074180616740088,7.036035242290748,-8.354446255506607
8,9,17.1,18.499700310559007,1.3689006211180124,8.285066770186337,-12.94542204968944
