,cluster_id,curvature,x,y,z,average_potential
0,1,18.13,-19.514779702970294,-99.6468292079208,-6.446277227722772,-13.023970792079208
1,2,23.29,-26.91596407185628,-101.69529940119762,-8.193323353293415,-16.808640718562874
2,3,14.96,-21.382991758241758,-105.86770604395603,-7.771195054945055,-14.83878543956044
3,4,11.23,-15.292014423076921,-96.43278365384616,-12.990572115384614,-15.179140384615383
4,5,12.8,-18.820514942528735,-93.38914252873563,-4.303825287356322,-12.846882988505746
5,6,20.29,-18.049213675213675,-87.10945868945869,-14.480911680911682,-12.46941396011396
6,7,8.76,-23.802515624999998,-91.625828125,-11.52382421875,-18.953425000000003
7,8,10.67,-24.178543307086617,-89.32758661417323,-18.67588976377953,-17.164268897637793
8,9,-5.28,-21.90694945848375,-102.63909747292418,-18.151350180505414,-36.088153790613724
9,10,16.46,-17.70444978165939,-97.48782751091704,-21.520644104803495,-20.48477205240175
10,11,9.67,-23.27487082405345,-104.23403563474386,-28.812743875278397,-23.433891536748327
11,12,23.57,-22.345457516339867,-97.27329738562092,-31.148820261437912,-18.264572222222224
12,13,4.13,-28.630156862745096,-99.36154411764704,-32.00894607843137,-15.119861274509802
13,14,16.99,-40.312632318501166,-92.64978454332552,-19.772587822014053,-13.295358782201408
14,15,17.86,-35.15772470588235,-93.79452235294117,-27.79064470588235,-18.473568235294117
15,16,19.33,-24.647044247787612,-92.04114159292037,-26.584407079646017,-18.93553982300885
16,17,17.79,-31.471554545454545,-90.63187727272728,-21.14386818181818,-23.586131363636362
17,18,18.33,-33.39706329113924,-103.40657383966244,-29.483308016877636,-24.301437552742613
18,19,15.06,-38.73593962264151,-102.22010188679245,-24.28069811320755,-18.14542641509434
19,20,15.14,-36.34165424430642,-107.89319461697723,-21.73211387163561,-16.006003519668738
20,21,15.86,-28.296688372093026,-108.84872790697676,-20.0946511627907,-20.841881162790695
21,22,-14.03,-30.99021680672269,-104.21425714285715,-13.831500840336131,-28.514435966386557
22,23,17.41,-33.17258139534884,-97.46510697674418,-15.650409302325583,-36.939729069767445
