,cluster_id,curvature,x,y,z,average_potential
0,1,15.42,14.735679127725858,1.3614797507788163,88.22218068535825,-6.750269003115265
1,2,22.89,13.133553719008264,3.096004132231405,77.70588429752067,-4.576207438016529
2,3,15.85,14.4199287054409,7.553401500938086,84.56723076923076,-13.551144277673545
3,4,18.7,11.784476027397261,11.741455479452055,85.15493493150686,-16.026975684931504
4,5,13.83,-2.265618,15.548644,88.92132,-8.9367078
5,6,16.79,3.691719054242003,15.169171070931847,81.22755632823366,-16.463724895688458
6,7,20.92,8.142873278236914,23.02433608815427,79.2703388429752,-9.38278126721763
7,8,20.63,12.191411467116357,16.153679595278245,79.9588431703204,-13.445527655986508
