,cluster_id,curvature,x,y,z,average_potential
0,1,13.94,5.156604826546003,5.855158371040725,37.28923680241328,-16.40875716440422
1,2,11.68,6.462625916870417,16.901430317848412,43.55866014669926,-18.477014180929096
2,3,5.53,5.256064516129032,13.402841935483869,49.24547419354839,-27.86412064516129
3,4,22.33,0.5192108626198084,3.848303514376996,53.05217891373801,-23.81446517571885
4,5,-11.54,1.2151874999999999,5.113277500000001,45.015525,-36.47393925
5,6,16.55,-14.967164328657315,12.1752124248497,52.376929859719446,-23.669996192384776
6,7,5.46,-6.740804878048782,7.190087804878048,56.27594634146341,-22.16246195121951
7,8,17.71,-9.789035190615834,3.2497771260997066,50.21773020527859,-32.91517595307918
8,9,16.96,-10.964708894878706,15.765048517520217,33.503390835579516,-13.132527223719679
9,10,10.32,-1.3583053221288515,11.80220168067227,34.015582633053214,-22.793698599439775
10,11,17.77,-10.077483037156703,7.361827140549273,35.86436025848142,-28.37224054927302
11,12,16.4,-13.928259100642396,4.845728051391863,41.981066381156324,-26.544184154175586
12,13,24.47,-4.423691275167784,1.6184093959731543,38.45981879194631,-16.81994630872483
13,14,19.43,-7.030681440443213,-0.9301855955678671,44.38618282548477,-18.11582354570637
14,15,22.91,6.6807605042016815,11.595596638655463,63.096999999999994,-15.611198319327732
15,16,15.85,3.015644569816643,12.258455571227081,57.368860366713676,-35.780490267983076
16,17,18.48,10.366540051679587,5.457674418604651,56.87860981912145,-11.124714728682171
17,18,13.35,3.2975753715498937,3.8776242038216564,60.59816560509554,-10.801904458598726
18,19,-16.3,-5.522368715083799,14.970525139664806,56.98754748603352,-25.543439106145247
19,20,12.18,-0.891889447236181,20.40140201005025,55.146175879396985,-28.782120100502514
20,21,8.4,-11.875772908366534,24.0496812749004,53.725406374501986,-20.074544223107573
21,22,8.67,0.9916833855799373,21.828310344827585,47.88543260188088,-37.18425830721003
22,23,17.94,-4.223187500000001,26.624528645833333,50.56377864583334,-19.969138802083332
23,24,-11.87,-7.0402629107981225,20.278744131455397,37.669706572769954,-30.626901408450706
24,25,-7.4,-1.728009230769231,22.14234153846154,41.232390769230776,-28.036429846153847
25,26,17.57,-15.021871401151632,15.891921305182343,41.593330134357004,-27.007764299424185
26,27,22.96,-9.286582914572865,26.997959798994977,41.54076381909548,-16.241120100502513
27,28,5.69,-14.175936395759717,23.521865724381627,46.76808127208481,-18.004231802120138
