,cluster_id,curvature,x,y,z,average_potential
0,1,20.14,5.077879452054795,3.0542,24.7957095890411,-21.11527506849315
1,2,8.38,4.8505972222222224,13.010416666666666,23.71588888888889,-14.06550763888889
2,3,15.84,8.981690058479533,7.79061208576998,26.892836257309945,-16.730115204678363
3,4,18.14,11.407413385826773,13.5551437007874,18.382942913385826,-11.776539763779526
4,5,17.85,3.2546635730858466,16.228030162412995,17.96243387470998,-10.548533874709976
5,6,11.63,5.744181176470589,8.852981176470587,14.168305882352943,-17.76947670588235
6,7,8.71,1.95825,0.8900229591836735,18.81569387755102,-22.913065306122448
7,8,-2.7,-4.461382252559726,-0.4380955631399318,17.74545733788396,-22.030204778156996
8,9,23.48,-7.454786713286713,6.2943111888111885,14.084681818181815,-21.55075
9,10,16.76,-3.2793499079189683,12.158110497237567,14.231596685082872,-17.815368508287293
10,11,14.89,-4.45503550295858,-2.897765285996055,27.902526627218936,-16.279126429980277
11,12,15.84,-3.5907094339622643,5.929633962264151,32.91677735849056,-17.41792245283019
12,13,15.21,-3.5006638477801264,10.654179704016913,24.885716701902748,-23.76735285412262
13,14,18.11,-12.625118902439024,-0.9803033536585367,18.53379725609756,-15.933716463414633
14,15,14.33,-11.25929961832061,6.688805343511451,22.22127290076336,-25.894271374045804
15,16,16.35,-13.077459459459458,2.7296891891891892,28.747785714285712,-17.272380694980694
