,cluster_id,curvature,x,y,z,average_potential
0,1,16.77,39.70516341463415,17.677007317073173,13.487514634146342,-23.378387317073173
1,2,19.78,46.474443983402494,19.604398340248963,8.247589211618257,-19.03138174273859
2,3,18.44,43.26322276029057,25.093421307506052,6.438072639225181,-15.52441210653753
3,4,14.83,47.28948773448774,11.634119769119769,18.261809523809525,-8.40412582972583
4,5,13.66,42.76944642857143,7.774478174603175,2.7864047619047616,-18.765426984126982
5,6,15.46,40.153463492063494,8.699650793650795,11.534019047619049,-23.086388253968256
6,7,14.6,46.4355303514377,10.386169329073482,8.704121405750797,-16.54135623003195
7,8,-18.1,31.493065134099613,21.41519540229885,-0.9813409961685824,-30.573647892720306
8,9,22.72,37.980431034482756,21.961814655172414,-8.439021551724139,-22.494990948275863
9,10,21.87,30.870711309523806,24.664532738095236,-7.663973214285715,-15.029263095238093
10,11,13.77,23.171048235294116,18.99538705882353,-7.286092941176471,-12.008704117647058
11,12,16.23,27.436047337278108,12.324130177514794,-8.391550295857988,-16.42269349112426
12,13,8.78,32.68546357615894,15.770986754966886,-11.288658940397351,-15.699282450331127
13,14,12.25,23.624677908937606,15.652330522765595,0.9535801011804383,-17.48896812816189
14,15,19.01,30.758166365280296,21.829902350813743,8.95944122965642,-15.917054792043402
15,16,22.93,32.85883707865168,8.577657303370787,5.304202247191012,-15.364576404494382
16,17,-3.58,29.874444736842108,13.823342105263158,6.721918421052632,-25.29356131578947
17,18,19.26,33.615004273504276,9.35051282051282,-2.147903846153846,-23.99596153846154
18,19,12.74,37.754387225548896,11.502814371257484,-6.334077844311376,-21.108644710578844
19,20,13.95,39.01799522292993,26.458313694267517,-0.7527738853503184,-14.175246656050954
20,21,-11.19,43.42261467889909,16.357651376146787,2.0608623853211014,-22.488049541284408
21,22,-4.64,41.73855450236967,19.928507109004734,-2.834630331753554,-20.843923222748817
