,cluster_id,curvature,x,y,z,average_potential
0,1,-14.99,-22.13546341463415,31.823309756097558,218.61576829268293,-7.855940731707317
1,2,15.53,-22.68594606741573,30.768937078651685,225.83083595505616,-6.522193483146069
2,3,20.22,-27.778286549707605,39.61606140350877,209.0225730994152,-11.539616666666666
3,4,-10.68,-28.446244818652854,34.98884326424871,214.52359326424872,-11.735084974093263
4,5,13.13,-24.060171900826447,44.84338181818182,177.52583471074382,-4.039414049586777
5,6,18.22,-19.454833333333337,49.462968992248065,182.23168992248063,-5.270022868217054
6,7,13.79,-18.575081858407078,48.668537610619474,188.2955973451328,-8.834535619469028
7,8,14.08,-13.079878464818762,49.653108742004264,191.44012579957354,-7.560745628997868
8,9,14.18,-14.008604497354495,51.28727645502645,199.61322883597882,-9.967584126984127
9,10,19.98,-24.32347589424572,43.1356531881804,202.64634059097978,-10.335673405909798
10,11,16.86,-16.58413665943601,42.82253796095445,199.91629284164858,-7.464237744034707
11,12,17.71,-23.195696666666667,43.48572666666667,193.543215,-9.545750333333334
