,cluster_id,curvature,x,y,z,average_potential
0,1,15.2,-9.29595867768595,23.928793388429753,173.4458347107438,-20.834324517906335
1,2,14.09,-3.4721595505617975,21.950975280898877,178.50682921348314,-19.528739550561795
2,3,14.95,-3.145581673306773,29.89691235059761,171.35429482071714,-20.133659760956174
3,4,15.7,-5.074226164079822,21.585368070953436,165.9016341463415,-19.192518625277163
4,5,13.57,-0.5186748633879782,15.480633879781422,167.3095,-17.3496193989071
5,6,19.16,4.0400230414746545,12.650382488479261,172.93676036866356,-11.993959447004608
6,7,12.34,-2.2753030303030304,14.840353535353538,175.6769797979798,-17.987097474747475
7,8,17.54,6.955753779697624,18.19360043196544,178.71764794816414,-18.15519503239741
8,9,12.8,8.438176470588235,25.442235294117648,177.19160588235295,-34.231208823529414
9,10,-0.45,3.14124375,27.441393749999996,175.53652499999998,-36.738156875
10,11,17.98,16.39927035830619,16.433078175895766,177.95347231270358,-10.833148208469055
11,12,16.34,15.683564593301437,27.827923444976076,171.44056459330145,-24.778029665071774
12,13,16.15,15.252796825396826,26.387109523809524,177.58226666666664,-19.097123492063492
13,14,17.76,20.422059210526314,26.617319078947368,165.67430263157894,-11.498637171052634
14,15,13.77,12.8813309352518,23.311456834532375,163.75485611510788,-25.75646942446043
15,16,-11.76,9.507958762886597,17.245569072164947,168.073581443299,-26.273081030927834
16,17,-16.87,4.807416279069768,24.862267441860464,163.7552465116279,-34.1221088372093
17,18,-13.33,6.7770625,32.8227890625,162.08126562500001,-25.1728203125
18,19,-4.67,0.6994278350515464,31.478860824742267,165.45361855670103,-23.614256185567008
19,20,24.28,3.849906060606061,37.478812121212115,167.0025909090909,-13.14377212121212
20,21,23.17,14.195472972972972,33.82392342342342,166.99450000000002,-20.815919369369364
21,22,20.46,7.810494880546076,32.52167918088737,171.47836177474403,-23.076799658703074
22,23,18.43,17.15495,28.59761111111111,156.08628333333334,-9.703990555555556
23,24,15.52,19.916516666666663,29.8884,160.92110238095236,-15.687480952380954
24,25,19.59,12.773558024691356,39.19001481481481,161.95306913580245,-19.196531604938272
25,26,15.11,12.042909961685822,32.92048084291188,156.74205747126436,-19.118187164750957
