,cluster_id,curvature,x,y,z,average_potential
0,1,21.94,17.64941836734694,23.276826530612244,18.817479591836737,-7.310545408163264
1,2,14.88,20.602061757719717,19.685465558194775,23.44051781472684,-31.525907838479814
2,3,17.12,27.49680452342488,25.750549273021,26.949022617124395,-19.290695961227787
3,4,20.0,26.705833333333334,27.03866880341881,18.129384615384616,-7.823476923076921
4,5,16.12,26.19264410058027,18.256245647969052,20.592344294003865,-16.62232920696325
5,6,12.59,19.9822243902439,13.723341463414634,29.267580487804874,-10.989244715447153
6,7,18.34,19.733614814814814,20.05127037037037,32.490151851851856,-20.760842962962965
7,8,18.68,23.770374245472837,22.629979879275655,35.768983903420526,-14.058475653923542
8,9,22.62,34.39759228650137,19.91552341597796,29.86974655647383,-14.500223140495867
9,10,14.47,29.413893186003683,14.604003683241253,32.8783517495396,-16.149196869244935
