,cluster_id,curvature,x,y,z,average_potential
0,1,11.98,10.968804487179487,19.517407051282053,31.477668269230772,-21.49873926282051
1,2,17.22,11.433191842900301,13.16495166163142,33.783167673716015,-14.885933081570997
2,3,22.19,17.26449504950495,27.030828382838283,40.46444884488449,-19.766080858085807
3,4,16.95,19.460426008968607,21.665515695067263,39.83302690582959,-20.844852914798203
4,5,-17.06,11.489056818181817,26.247943181818183,35.274496212121214,-28.028861363636363
5,6,15.34,13.002046997389034,30.093208877284596,43.20682767624021,-15.455151697127937
6,7,15.79,3.6281205882352947,22.14008823529412,38.97125588235295,-20.8595994117647
7,8,16.26,3.9201430976430975,26.645190235690233,44.301072390572386,-19.880414814814817
8,9,13.36,4.702546134663342,17.300443890274313,43.753718204488784,-19.435116458852868
9,10,24.66,13.288639024390246,14.574260975609757,41.744836585365846,-26.62776268292683
10,11,18.5,21.721701674277014,16.649727549467276,44.452477929984774,-17.273413546423136
11,12,19.45,7.722575187969925,28.35651127819549,51.77744736842105,-9.405222180451128
12,13,20.15,12.760891812865495,14.456783625730992,51.5413947368421,-13.468131286549706
13,14,23.69,18.57559793814433,22.79268556701031,49.13476288659794,-18.754356701030925
14,15,18.72,11.688041338582677,20.23357086614173,49.85660826771653,-27.15983582677165
