,cluster_id,curvature,x,y,z,average_potential
0,1,11.48,35.819969780219786,88.82203434065934,63.241519230769235,-5.150934478021978
1,2,21.24,45.190889361702126,83.50433617021277,55.2644,-3.0454255319148937
2,3,16.89,37.58059638554217,80.78285843373494,59.53751807228915,-6.543386144578313
3,4,15.14,37.702367986798684,77.42873597359736,54.532698019801984,-10.33735792079208
4,5,19.2,36.7586432160804,72.2643756281407,47.988412060301506,-8.259944849246232
5,6,21.59,39.19230973451327,71.57728318584071,41.08438938053097,-12.18592418879056
6,7,15.96,41.17993296089385,65.83239851024209,44.08821787709497,-11.327995158286779
7,8,-10.39,42.84372594397077,51.163277710109625,40.418973203410474,-4.7578114494518875
8,9,19.12,44.656365671641794,58.6973631840796,45.43904228855721,-5.774254726368159
9,10,14.88,39.869282110091746,58.93704357798165,39.32972477064221,-12.546892660550458
