,cluster_id,curvature,x,y,z,average_potential
0,1,18.24,0.014307692307692266,3.8353641025641023,8.519112820512822,-11.055256923076922
1,2,14.81,6.648254473161035,6.85575944333996,7.822300198807157,-25.595054870775346
2,3,18.62,9.131662576687116,13.984113496932515,9.784647239263803,-13.943312883435585
3,4,17.33,-0.47089583333333335,14.25366015625,11.1081953125,-12.023364973958332
4,5,16.88,-4.991384491114702,4.178114701130856,-0.39442649434571897,-16.35073214862682
5,6,24.66,-1.6956200000000001,0.95498,-6.797954999999999,-6.0173635
6,7,8.97,0.2762392156862745,8.571933333333332,-4.616721568627452,-24.36152392156863
7,8,22.45,6.97929247311828,3.5541634408602154,-3.432548387096775,-17.401879139784945
8,9,23.26,8.908325779036828,4.383252124645892,2.417348441926346,-12.73881076487252
9,10,14.93,5.3944435483870965,13.013696774193548,-6.420554838709677,-14.147516774193548
10,11,21.74,2.540911392405063,15.411118143459916,2.4117510548523207,-16.845023628691983
11,12,18.77,-3.936611464968153,11.662133757961783,2.7630636942675157,-25.599104140127388
