,cluster_id,curvature,x,y,z,average_potential
0,1,-9.63,21.80806751054852,-0.22186497890295356,47.08945991561182,-30.714969620253168
1,2,-1.74,18.878199040767388,-7.231419664268586,47.00952038369305,-24.465576258992805
2,3,17.44,22.067535372848948,-14.804980879541109,48.611590822179735,-15.849275334608027
3,4,17.48,27.100150684931506,-12.116767123287671,40.91672054794521,-21.277878356164386
4,5,15.86,25.450951008645532,6.985769452449567,39.771968299711816,-19.416323919308358
5,6,25.92,17.84419047619048,-1.6742116402116398,39.897544973544974,-16.025636507936508
6,7,8.38,25.50986411149826,1.8143763066202088,30.934902439024395,-10.38199825783972
7,8,17.45,26.826595092024533,2.6694355828220857,36.4081073619632,-18.741499693251534
8,9,20.49,20.309333333333335,-8.917094594594595,36.73163963963964,-21.01031756756757
9,10,21.74,24.101152000000003,-5.701304,32.696856,-22.570917066666667
10,11,16.96,34.27184307692307,-2.4618153846153845,40.786144615384615,-17.376990461538462
11,12,13.9,31.67484942084942,-6.855227799227799,35.36111583011583,-19.521228571428573
12,13,19.26,25.062196936542676,9.181129102844638,48.41271772428884,-13.397887308533914
13,14,13.51,31.57373548387097,5.810750967741935,44.32488516129033,-23.381458709677418
14,15,18.73,22.778405295315682,3.0841344195519347,55.17575763747454,-12.832260285132383
15,16,19.06,29.34551351351351,-1.8400450450450447,56.94858258258258,-15.112006006006006
16,17,18.76,23.24906117021277,-5.727869680851064,54.77930851063829,-17.46495319148936
17,18,17.72,33.8630067114094,-7.389892617449664,53.807306487695755,-21.800791275167786
18,19,-18.92,28.243431693989073,-9.776087431693988,47.831825136612025,-30.333956830601085
19,20,17.89,33.92471590909091,-5.136806818181819,47.57673106060606,-19.461233333333332
