,cluster_id,curvature,x,y,z,average_potential
0,1,20.33,15.279214285714286,1.7590676020408162,88.15591454081631,-4.127452040816326
1,2,23.15,13.264631578947368,2.884394736842105,77.87044736842105,-0.3587780701754386
2,3,18.97,13.3113324775353,9.078848523748396,85.13350064184853,-6.095519640564826
