,cluster_id,curvature,x,y,z,average_potential
0,1,16.02,40.11553196930946,4.128166240409207,25.045222506393863,-8.423038363171356
1,2,13.41,44.41094969818913,8.640678068410462,31.764533199195167,-11.068788531187122
2,3,15.42,44.81415561959654,9.453296829971181,26.138067723342942,-5.8899907780979825
3,4,12.24,39.302142857142854,10.13026025459689,57.41480056577087,-8.643083734087694
4,5,22.29,37.82760649819495,8.209259927797834,36.835754512635376,-7.257009025270758
5,6,22.62,44.56213875598087,9.198583732057417,38.17021531100478,-11.521957894736842
6,7,14.77,37.97655239786856,6.803152753108348,49.66031971580817,-14.16278294849023
7,8,15.48,44.65024821002386,10.235668257756561,49.514136038186166,-8.800841288782816
8,9,20.06,42.64038823529411,8.87366862745098,43.63741372549019,-11.568905294117647
