,cluster_id,curvature,x,y,z,average_potential
0,1,16.75,31.828298507462687,42.64608395522388,-14.026432835820895,-12.027704291044776
1,2,17.39,31.363670616113748,39.370848341232225,-9.011890995260664,-27.592409478672987
2,3,-8.42,37.85126627218935,43.74218934911243,5.0780473372781065,-23.966471597633138
3,4,3.56,32.052956185567005,40.04520360824743,3.100319587628866,-21.582244845360826
4,5,16.73,44.559789325842694,49.177800561797746,0.07583988764044942,-13.291615168539327
5,6,17.54,38.23304961240311,45.25474108527132,-4.7798992248062016,-17.220091472868216
6,7,-11.78,34.945561111111104,22.329499999999996,0.3430722222222222,-25.80809111111111
7,8,23.91,40.95771739130435,22.354755434782607,1.7658315217391305,-17.960478260869564
8,9,9.87,29.065505102040817,29.62687755102041,4.689403061224489,-16.264953571428574
9,10,17.23,28.05747875354108,23.094458923512747,1.0319688385269121,-12.365762606232295
10,11,16.47,42.191602459016394,25.25063934426229,-5.765954918032787,-15.080829098360658
11,12,16.25,44.361941463414624,33.017819512195125,-5.457643902439025,-21.364298048780487
12,13,13.39,39.14080508474576,32.54594915254237,-10.356245762711863,-22.965286440677968
13,14,19.76,26.814641791044778,34.62641194029851,-1.9962268656716418,-18.606120895522388
14,15,10.25,30.393658227848103,32.815510548523214,-9.45527004219409,-30.927223628691983
15,16,15.88,32.287173076923075,26.26330769230769,-6.972788461538462,-18.56896129807692
16,17,20.2,33.28360714285714,24.298253571428575,9.896935714285716,-14.461268571428572
17,18,18.88,33.909856148491876,32.401248259860786,11.671194895591647,-21.093427610208817
18,19,12.09,42.698928213689484,24.467694490818033,8.51989816360601,-20.070466611018364
19,20,12.51,46.32660344827586,29.261956896551723,2.4443965517241377,-24.262172413793106
20,21,17.68,45.99476748251748,33.15857867132867,11.518716783216783,-16.85590104895105
21,22,25.54,41.00680269058296,41.58780269058297,13.799026905829596,-17.187532735426007
22,23,14.74,37.50925,36.62362012987013,11.742902597402598,-24.721661038961038
23,24,18.38,46.066190909090906,44.62091090909091,7.742107272727272,-18.424987454545455
24,25,19.49,42.723082142857145,40.899907142857145,-1.4536464285714286,-45.599157857142856
25,26,15.28,44.39615880503145,37.960531446540884,3.646440251572327,-62.46704182389937
