,cluster_id,curvature,x,y,z,average_potential
0,1,9.77,41.19307590759075,31.411742574257424,13.471346534653467,-14.366561716171617
1,2,-15.17,37.82305533596837,40.31379051383399,9.007328063241108,-28.895464031620556
2,3,14.03,44.6224693877551,37.80633265306122,12.391222448979592,-19.001070204081632
3,4,21.02,47.49361469933185,32.34446770601337,1.7738285077951004,-30.205667260579066
4,5,13.66,43.37471388888889,24.09125555555556,7.387177777777778,-24.195602222222224
5,6,17.72,45.52274514563106,27.81258495145631,9.282424757281552,-17.048524029126213
6,7,20.26,35.2861935483871,32.60041397849462,-11.401129032258067,-26.430002150537636
7,8,20.36,33.70118469656992,26.756332453825852,-8.395654353562007,-22.847056200527703
8,9,13.13,42.99760975609756,36.49502743902439,-5.656942073170732,-32.2114368902439
9,10,13.51,44.358364238410594,28.737556291390728,-6.086741721854304,-15.099419867549669
10,11,15.19,41.190268882175225,24.021404833836854,-2.0944229607250757,-18.911418731117827
11,12,17.45,28.461100671140937,25.42747818791946,0.2522315436241611,-14.691118959731543
12,13,-4.22,32.400645,35.1539975,8.5170825,-24.83772225
13,14,20.92,33.98364010282776,26.83660411311054,11.448897172236501,-13.338966323907455
14,15,16.72,35.42485677083334,22.557354166666666,4.825658854166666,-24.003798958333334
15,16,17.22,39.56075771971496,45.88614726840855,-4.858593824228028,-19.713696912114017
16,17,14.76,43.2525523613963,48.63704106776181,0.10546817248459958,-15.672145379876797
17,18,22.39,48.765026470588225,45.22685,3.3639382352941176,-17.912335588235294
18,19,18.89,45.18754491017964,44.87620059880239,9.198065868263473,-18.589008982035928
19,20,20.02,35.03433809523809,43.90504761904762,4.195485714285715,-17.68065761904762
20,21,-11.94,43.20754030501089,39.24276906318083,3.2778779956427013,-58.23723725490196
21,22,13.1,32.82386015538291,41.813889012208655,-12.378841287458378,-16.097468812430634
22,23,12.97,29.223535156249994,37.1366484375,1.2713593749999998,-18.453219921875
23,24,15.5,27.17430483271375,34.163185873605954,-6.425144981412639,-26.36884944237918
24,25,-2.86,30.253145985401463,40.57359854014599,-4.353985401459854,-26.443090875912407
