,cluster_id,curvature,x,y,z,average_potential
0,1,12.53,7.869265279583876,20.407500650195058,1.063481144343303,-7.024852015604682
1,2,16.3,10.2508024691358,13.495345679012344,-3.130181069958848,-8.860722633744857
2,3,21.6,5.865885813148789,10.716965397923875,5.444823529411765,-10.530214186851211
3,4,14.15,5.851785817655571,8.584684515195368,-1.5668784370477569,-13.385323299565847
4,5,13.24,-2.198252830188679,3.725515094339623,17.6103679245283,-10.16277603773585
5,6,17.65,-2.3825313351498636,0.6320299727520435,11.744062670299728,-10.988435694822888
6,7,14.71,1.6324072022160665,1.975113573407202,8.320457063711913,-10.066748476454295
7,8,17.32,6.319364835164834,3.724624175824176,5.6459802197802205,-13.780828351648351
8,9,16.77,9.488817174515235,14.343069252077562,14.450163434903047,-6.518179501385041
9,10,17.88,3.710730434782609,9.683004347826087,17.14633260869565,-7.64116652173913
