,cluster_id,curvature,x,y,z,average_potential
0,1,13.97,4.9241955801104975,18.266480662983426,5.68187182320442,-0.34979314917127075
1,2,16.13,-2.2708005319148934,6.415545212765958,7.983625,2.1507196808510636
2,3,13.38,4.821766791044777,11.13717723880597,11.004098880597015,-1.8064735074626868
3,4,14.99,-2.3126864784546806,13.74520059435364,10.601317979197622,5.2151578008915305
4,5,15.67,7.904179365079365,-14.162519047619046,-5.7807619047619045,1.6426660317460318
5,6,14.94,8.757462921348315,-22.45433258426966,-6.570420224719102,1.1582826966292135
6,7,21.84,-0.8577051597051596,0.6444250614250614,8.719289926289926,0.12218771498771507
7,8,17.47,-2.0112065217391306,-4.461372670807453,5.348725155279503,-0.493056055900621
8,9,20.68,-2.2483587443946194,-11.538652466367713,6.313470852017937,-2.2113434977578477
9,10,14.1,2.3213115942028986,-12.014739130434782,0.17341425120772946,-1.003644806763285
