,cluster_id,curvature,x,y,z,average_potential
0,1,13.63,29.069233093525177,70.46300000000001,2.2143913669064745,-10.852946762589927
1,2,21.23,33.49744086021506,61.94859498207885,12.585118279569892,-11.277098566308242
2,3,12.51,25.772975609756095,68.73258093126385,8.764949002217294,-17.750688026607538
3,4,14.19,27.999132158590307,65.69777092511013,13.180266519823787,-12.993416079295155
4,5,21.69,3.0058688524590167,52.65673114754098,3.9247606557377055,-21.04418131147541
5,6,15.52,4.112952879581152,56.38276439790576,10.004725130890053,-19.60223246073298
6,7,-1.11,4.3285233644859815,48.25978971962618,11.56895327102804,-21.948197663551404
7,8,21.6,8.701303124999999,49.907231249999995,16.555415625000002,-24.2329009375
8,9,6.65,9.601636871508381,42.44326536312849,10.625991620111733,-15.852786312849162
9,10,18.46,15.185637554585153,44.75472925764193,3.7734148471615723,-16.35781397379913
10,11,-2.9,9.393185950413223,47.113541322314056,5.910194214876033,-23.950846694214878
11,12,-6.83,11.606388625592416,61.421284360189574,9.637454976303317,-26.795861611374406
12,13,-17.25,16.8639868852459,62.96009836065574,6.812186885245902,-27.172498032786883
13,14,18.23,17.25030740740741,59.90398148148149,0.6068185185185183,-29.778722962962966
14,15,18.51,8.192451901565995,61.89272483221477,2.172586129753915,-18.26358903803132
15,16,16.74,13.219997409326425,51.20785492227979,-4.757191709844559,-15.438190155440413
16,17,18.45,10.251362831858408,53.0559203539823,-1.4153893805309734,-26.00223362831858
17,18,-23.39,19.3027358490566,53.75608176100629,-0.7158867924528302,-28.906729559748428
18,19,18.38,22.22268051118211,50.05888178913738,3.573246006389777,-16.191578594249197
19,20,15.82,13.992440789473683,43.841355263157894,19.67078947368421,-17.61576447368421
20,21,19.25,21.315667638483966,48.38659766763849,19.285693877551022,-15.248252186588921
21,22,17.03,19.537026402640265,46.381792079207926,11.193485148514851,-29.312131023102303
22,23,8.64,13.226451737451736,59.19862162162162,16.207432432432434,-19.061848262548263
23,24,16.83,16.83579766536965,54.19458171206225,18.670630350194553,-22.312091245136187
24,25,-14.12,21.746527415143603,57.450561357702355,7.86869451697128,-35.75641958224543
25,26,13.84,22.03206387225549,61.66053093812375,14.573435129740517,-18.77589660678643
