,cluster_id,curvature,x,y,z,average_potential
0,1,18.84,61.82436486486487,47.981163663663665,20.98884234234234,-7.655207057057056
1,2,17.85,62.15927753303965,39.08788839941263,19.82064464023495,-6.353834948604992
2,3,18.31,68.01366421568626,38.040759803921574,22.106200980392156,-7.015438725490196
3,4,20.05,68.46732911392405,42.47006690777577,16.812741410488247,-8.153671247739602
