,cluster_id,curvature,x,y,z,average_potential
0,1,13.46,12.906957813998085,-12.277267497603068,-6.93512272291467,-0.30202607861936714
1,2,12.79,7.687951467268623,-11.069119638826185,-2.1793329571106095,-0.7118397291196389
2,3,16.81,-8.583527958387517,1.2144772431729518,2.326707412223667,0.00018621586475943736
3,4,16.74,-6.819487554904832,-5.902944363103953,6.9506705710102485,0.6396521229868228
4,5,13.59,-7.9843449920508744,0.05377583465818762,11.698114467408585,2.95342480127186
5,6,16.66,-5.250682519280206,2.929496143958869,-5.808449871465296,-0.25761619537275066
6,7,13.74,1.4181114457831328,-14.154370481927712,-3.848013554216868,1.9941896084337347
7,8,19.69,-6.178874396135266,-15.114065217391305,-1.4682826086956522,0.2261454106280194
8,9,19.38,-5.1261396011396005,-10.304062678062676,1.9421695156695158,0.8290588319088318
