,cluster_id,curvature,x,y,z,average_potential
0,1,-12.75,56.70053550295858,14.20226775147929,2.7214437869822485,-9.227177810650886
1,2,12.94,55.38532686084143,18.141333333333336,-16.0036213592233,-18.726387378640776
2,3,20.06,54.55627413127414,11.707509652509652,-9.16703861003861,-20.00845945945946
3,4,-18.53,47.53933163265305,11.981744897959187,-11.23106632653061,-42.50460306122449
4,5,-2.06,51.53258536585365,12.191130081300813,-15.719126016260162,-19.2541581300813
5,6,17.74,50.66908955223881,18.16686780383795,-2.5994392324093822,-18.40603923240938
6,7,-17.31,51.035615,23.235795,-9.13532,-33.80100375
7,8,-13.8,42.068573033707864,14.473842696629214,-4.91938202247191,-31.33352191011236
8,9,-3.71,43.13544843049326,22.992751121076232,-4.082390134529148,-18.823048878923764
9,10,15.79,41.63749519230769,31.412466346153842,-11.350070512820512,-20.67929807692308
10,11,26.52,49.99921925133692,31.48411229946524,-6.498026737967914,-13.94299732620321
11,12,17.24,50.70610208816706,28.24051740139211,-14.057440835266823,-29.40337099767982
12,13,21.92,45.825480885311876,18.92106438631791,-24.521279678068414,-30.972249295774645
13,14,12.11,52.44827822580645,23.48773790322581,-21.014810483870964,-19.7491875
14,15,20.95,44.417819875776395,26.643257763975154,-22.31286645962733,-22.865975155279504
15,16,11.37,35.60624731182796,21.702752688172044,-25.84469354838709,-24.508480107526882
16,17,18.93,35.57073161764706,30.253742647058825,-16.616360294117644,-17.028817647058823
17,18,12.97,37.60268877551021,27.993260204081633,-22.34688775510204,-23.53109132653061
18,19,-13.1,34.724839449541285,24.62073394495413,-9.70634403669725,-30.644341284403666
19,20,19.7,29.21194716242661,21.784890410958905,-17.976909980430527,-19.419495694716243
20,21,20.09,33.42472586872587,20.559436293436296,-4.053818532818534,-17.933679536679538
21,22,-14.03,35.040670616113744,13.96174644549763,-4.382718009478673,-21.80368483412322
22,23,15.37,27.604005167958658,16.512821705426354,-11.10598708010336,-18.148673126614987
23,24,18.43,31.426071197411,10.163977346278317,-14.3803786407767,-23.49847087378641
24,25,-0.21,38.00507291666667,5.7177395833333335,-17.24654166666667,-17.981534895833335
25,26,11.18,39.65115163934427,6.826420081967213,-10.532545081967212,-22.06657069672131
26,27,15.52,34.5870671641791,14.194533582089553,-24.33802985074627,-24.99831828358209
27,28,17.03,43.06951878354204,10.056595706618962,-21.237100178890877,-28.729337745974956
