,cluster_id,curvature,x,y,z,average_potential
0,1,15.92,40.30057952755905,45.90389291338583,-3.2894866141732284,-21.623802677165354
1,2,20.06,45.014525806451616,49.677754838709674,0.6158645161290323,-10.845001935483872
2,3,14.94,44.978247395833336,45.394695312500005,5.8325390625,-16.509690104166665
3,4,21.54,29.08698333333333,38.15315416666667,-8.156845833333334,-31.366387916666667
4,5,14.56,32.64495750708216,42.50995609065156,-12.772213881019832,-14.58691898016997
5,6,14.31,43.03814010989011,37.085997252747255,-4.533980769230769,-40.512070054945056
6,7,7.59,36.6124686825054,32.637509719222464,-10.876639308855292,-23.886219006479482
7,8,15.39,28.59447126436781,24.531563218390804,2.2519540229885058,-12.878905363984675
8,9,18.29,26.827714285714283,33.52388753799392,-2.6180881458966563,-21.00459544072948
9,10,7.06,30.8734475308642,26.95936419753086,-7.297271604938271,-19.07967901234568
10,11,-0.12,32.91492248062015,42.79038759689922,-0.8182984496124035,-21.300686434108528
11,12,-20.39,35.73914173228347,40.721090551181106,7.272181102362205,-21.51434251968504
12,13,23.64,30.134275720164606,37.08453497942386,2.950555555555556,-20.68885637860083
13,14,12.58,42.15170454545454,23.129948863636365,-0.6138693181818182,-17.894038068181818
14,15,-4.77,36.25292748091603,24.107744274809157,-4.105332061068702,-19.72872748091603
15,16,16.57,44.89641379310345,28.080355172413793,-4.817148275862069,-14.440291034482758
16,17,19.72,46.75750000000001,30.722841530054648,2.385896174863388,-29.326841530054644
17,18,21.72,38.53217218543046,35.874602649006626,13.420430463576158,-22.157603311258278
18,19,20.08,45.22887706855793,31.242231678487,12.123919621749408,-13.968974704491725
19,20,16.17,45.013247135842875,38.377811783960716,4.359677577741407,-58.09538281505729
20,21,17.97,45.34148206278027,40.870224215246644,11.239580717488789,-19.252434753363225
21,22,25.04,33.1140972972973,25.685405405405405,11.72945945945946,-9.95168054054054
22,23,18.88,33.41265789473684,32.44394736842105,11.528980861244019,-20.300219138755978
23,24,13.43,36.922115241635694,22.510836431226764,5.657133828996281,-25.790111524163564
24,25,12.88,43.56885689948893,24.67555706984668,8.611904599659285,-17.88299710391823
