,cluster_id,curvature,x,y,z,average_potential
0,1,20.01,37.990297222222225,22.95801666666667,4.9260777777777776,-28.360815555555554
1,2,-7.17,37.379861818181816,23.711912727272725,-3.4556945454545454,-19.591866545454543
2,3,-3.12,29.35413853904282,34.07199244332493,3.4515289672544083,-18.807385390428216
3,4,12.24,31.865638795986627,27.368488294314382,9.431177257525086,-17.037440468227423
4,5,16.33,28.642435294117647,23.226985882352942,1.2512117647058822,-12.753556
5,6,14.56,45.157543859649124,34.66704561403509,2.520256140350877,-46.95440175438596
6,7,8.31,45.69865566037737,27.174165094339624,-1.034933962264151,-21.257622641509435
7,8,18.91,44.25587979539642,26.472314578005115,7.465539641943733,-17.15981381074169
8,9,16.41,44.84381611570248,33.42727272727272,12.096014462809917,-16.779886983471073
9,10,12.25,34.601406250000004,36.265888888888895,10.717305555555555,-24.86706840277778
10,11,-19.09,36.254324637681165,29.633666666666667,12.926504347826087,-14.728310434782609
11,12,13.82,45.90001089324619,44.55897603485839,5.747111111111111,-21.97101002178649
12,13,14.21,43.49982639885223,40.94217790530846,10.66764131994261,-24.45854849354376
13,14,-20.41,43.18671904761904,41.73560952380953,-2.1515619047619046,-34.77440857142857
14,15,17.6,43.816406614786,48.59062645914398,-0.11727237354085598,-14.028529377431909
15,16,18.09,34.972619186046515,43.118,3.8685697674418607,-18.811905523255813
16,17,-12.0,32.64591925465839,42.67358385093167,-3.8382236024844723,-24.208866459627327
17,18,18.69,37.958791907514446,45.82085838150289,-5.247979768786127,-15.742629190751446
18,19,16.33,31.59329508196721,42.90838729508198,-13.782573770491805,-11.316823770491805
19,20,13.71,34.564124390243904,37.02120487804878,-11.511426829268292,-23.669758536585366
20,21,-0.26,43.894749090909094,35.32356000000001,-5.607218181818182,-24.079718181818183
21,22,4.76,42.008120996441285,29.21577224199288,-8.267195729537367,-15.092580071174375
22,23,15.28,27.616925847457626,36.61718008474576,-5.492591101694916,-24.589230932203385
23,24,22.32,35.64182300884955,26.78001327433628,-9.585309734513274,-19.211775221238938
24,25,13.5,29.52251464435146,28.130753138075313,-6.1300627615062755,-22.425387447698746
