,cluster_id,curvature,x,y,z,average_potential
0,1,17.4,17.579359084406295,6.777492131616596,42.745555078683836,-22.250991845493562
1,2,17.53,7.920676659528907,4.12986295503212,47.692124197002144,-20.2925
2,3,18.5,15.152348591549295,0.6484471830985915,45.75625352112676,-16.946945422535215
3,4,-13.84,15.690278450363198,5.437433414043583,51.73496368038741,-27.66932832929782
4,5,18.6,8.889408415841585,22.602824257425745,54.34307425742574,-22.02370297029703
5,6,11.93,4.537831325301205,15.149925702811245,54.87935742971888,-19.733429116465864
6,7,20.22,11.626810699588477,8.204393004115227,57.57887654320987,-20.905565432098765
7,8,16.41,1.6738170144462279,7.269409309791332,50.75126003210272,-14.755748796147673
8,9,-15.99,10.508359580052494,34.47514960629921,42.47951181102362,-14.928866404199473
9,10,-10.35,9.360978991596639,30.297529411764707,47.21450840336134,-25.813416176470586
10,11,16.04,13.536438979963572,30.836418943533705,56.981142076502735,-19.649321129326047
11,12,16.88,14.907747572815536,35.24737475728155,51.61965631067961,-19.766275533980583
12,13,18.78,19.271238512035012,19.800218818380742,61.27071991247265,-25.119545076586434
13,14,8.66,19.418771084337347,14.157670682730924,56.92220481927711,-37.889753815261045
14,15,27.07,12.368089108910892,15.418871287128713,60.37598514851486,-18.211240594059408
15,16,-11.01,20.652916905444126,25.202667621776502,53.92045558739255,-28.5940005730659
16,17,17.91,26.006867881548974,19.152560364464694,52.3199589977221,-34.6689528473804
17,18,23.12,28.114842741935483,16.78661693548387,44.08160080645162,-20.842691532258065
18,19,15.63,23.993420803782506,12.304820330969267,47.41093617021277,-28.11361111111111
19,20,23.92,15.653490625,15.2477,39.553831249999995,-23.8237709375
20,21,8.42,8.319902173913045,12.94913586956522,46.91370652173913,-29.71709021739131
21,22,11.4,12.92307590759076,18.15526072607261,47.06458580858086,-49.458328052805285
22,23,16.61,22.49586308492201,22.290613518197574,42.777142114384745,-27.170421837088387
23,24,15.92,12.411457831325302,25.05309156626506,38.70325060240964,-17.443843614457833
24,25,-1.41,18.250140740740743,28.423217283950613,43.55203703703703,-20.68395481481482
