,cluster_id,curvature,x,y,z,average_potential
0,1,18.9,46.33726785714286,45.38171071428572,2.1320214285714285,-26.188582142857143
1,2,18.41,46.504408212560385,48.87507729468599,8.015584541062802,-12.6641961352657
2,3,-15.56,40.34891693290734,44.90050159744409,18.18706389776358,-10.012206709265175
3,4,-1.12,40.31115075376884,38.1114472361809,6.419924623115577,-23.433058793969852
4,5,14.88,43.80583289817232,43.2535639686684,10.296088772845954,-18.846097127937337
5,6,15.51,36.97363742690059,48.40345029239767,7.530175438596491,-20.348161403508772
6,7,16.68,36.276515625,40.98290234375,12.408591796875001,-13.794345507812501
7,8,-15.83,36.232609677419354,49.96969354838709,-14.913487096774196,-16.794546451612902
8,9,11.74,37.07059068010076,44.90084005037782,-18.32357934508816,-14.75167329974811
9,10,18.71,29.960798866855527,52.10523512747876,-7.929586402266289,-19.882306798866853
10,11,7.01,35.86640774487472,57.108059225512534,-8.38905922551253,-15.763022323462415
11,12,15.08,40.15758920187794,38.38429342723005,-9.994572769953052,-18.828188028169013
12,13,26.93,46.54258426966293,39.59466853932584,-3.813960674157303,-22.386305617977527
13,14,24.62,45.53690295358649,44.26702109704641,-11.176392405063293,-18.267859071729955
14,15,-2.01,38.40643648208469,39.13254723127036,-0.024250814332247565,-42.16536254071661
15,16,16.0,44.062583157894736,48.86081684210526,-6.630903157894737,-30.13284905263158
16,17,-1.68,39.63730733944954,52.526653669724766,-1.3456926605504587,-22.57043371559633
17,18,19.36,32.47266216216216,39.637030405405405,-8.010841216216217,-23.529297297297298
18,19,17.16,28.275034623217923,38.50963951120163,-4.227596741344196,-16.51648431771894
19,20,14.96,30.686114906832298,42.94983850931677,4.798086956521739,-24.495365838509315
20,21,-13.11,30.675002202643167,50.28453964757709,0.3816123348017622,-35.265946475770924
21,22,19.95,27.19385263157895,45.2393,-2.193742105263158,-27.28592736842105
