,cluster_id,curvature,x,y,z,average_potential
0,1,-3.12,43.75151987767584,4.254079510703364,17.56922018348624,-18.65992385321101
1,2,15.55,38.10882081911263,5.621547781569967,15.849276450511944,-16.53257252559727
2,3,-5.77,46.138936170212766,11.062982978723406,21.55794893617021,-16.61288638297872
3,4,21.16,48.6624119601329,13.195754152823922,14.286976744186047,-21.10831661129568
4,5,16.7,50.42523461538461,4.746663461538462,22.120126923076924,-16.345614615384616
5,6,14.13,50.987199619771864,5.554977186311787,14.185148288973384,-18.266311596958175
6,7,13.27,34.56202127659574,6.01112929623568,8.580184942716858,-16.033084451718498
7,8,13.15,32.79994705882353,13.754214705882353,6.006579411764705,-14.847758235294117
8,9,16.33,36.52129713114754,13.200684426229508,0.7837315573770492,-9.776321311475408
9,10,-8.48,41.93483870967742,15.507209677419354,17.030139784946236,-17.61798548387097
10,11,15.12,38.95062921348315,18.801092134831464,12.437105617977528,-13.452628539325843
11,12,11.15,45.00240786240785,6.149093366093365,6.232756756756757,-15.739668796068797
12,13,-1.0,46.20408148148149,17.910237037037042,10.353125925925925,-14.867808888888888
13,14,9.8,44.380037558685444,13.97380516431925,5.686098591549295,-16.166595070422535
14,15,19.54,59.46767625899281,8.526669064748202,16.999052757793763,-15.940238848920863
15,16,17.71,57.946241379310344,6.843219600725952,24.704268602540836,-19.245229038112527
16,17,13.52,69.98396000000001,7.237013333333333,22.501996666666667,-17.512739666666665
17,18,10.94,67.50748952380953,9.354255238095238,28.54926857142857,-15.355038095238097
18,19,17.71,65.33728571428571,0.5275281385281385,27.881025974025977,-16.169793290043287
19,20,15.46,63.11874309392265,2.5913839779005525,20.74024309392265,-18.03563535911602
20,21,11.39,84.77774474474475,6.868752752752753,39.980063063063064,-11.328117417417419
21,22,11.3,79.49617767988252,4.96574449339207,33.53835095447871,-14.624648311306903
22,23,10.99,73.21840648379052,7.501630922693267,35.18133416458853,-16.969806982543645
23,24,11.99,74.73424108658743,6.182181663837012,27.862383701188453,-18.296836332767402
