,cluster_id,curvature,x,y,z,average_potential
0,1,14.41,24.480346314325452,-11.672744089012516,16.139472878998607,-10.034856606397776
1,2,20.08,27.64485483870968,-3.785241935483871,15.889822580645163,-11.569449677419355
2,3,12.96,19.479050505050505,-5.792542929292929,17.504608585858584,-8.515716414141414
3,4,14.74,21.222441704035877,6.404576233183857,-0.5224529147982064,-10.930256278026906
4,5,13.69,25.42278843226788,7.1360060882800616,-6.353913242009132,-8.360110197869101
5,6,17.44,16.39801304347826,7.305343478260869,6.527317391304347,-10.238010869565219
6,7,18.12,20.660949999999996,0.5303862068965518,6.0616,-14.396771896551723
7,8,20.26,23.247594516594514,-0.23816450216450222,10.917031746031746,-12.792423665223666
