,cluster_id,curvature,x,y,z,average_potential
0,1,14.51,18.49430239520958,-16.54585628742515,32.93480239520957,-3.6063284431137723
1,2,14.78,11.792733082706768,-13.06340037593985,30.043907894736844,-7.82947612781955
2,3,14.85,9.995553811659192,-4.277670403587444,22.59235426008968,-18.14553071748879
3,4,16.78,7.8191228813559315,-12.275726694915255,22.56455720338983,-11.633660169491526
4,5,-12.59,14.999014814814814,-13.776291358024691,21.058427160493828,-13.781351111111112
5,6,21.0,19.02728328611898,-12.405609065155808,4.1152974504249284,-25.83710198300283
6,7,18.46,21.202306282722517,-6.4694476439790565,-0.5044607329842932,-15.908957853403143
7,8,15.72,20.576579617834394,-13.530834394904458,11.272859872611466,-20.08420063694268
8,9,16.13,19.68379945799458,-5.898165311653117,12.195577235772356,-24.306263956639565
9,10,-6.85,13.363681462140992,-16.980302872062662,13.213459530026107,-21.111432375979113
10,11,14.9,16.301975,-20.88005681818182,8.650427272727272,-12.749086590909089
11,12,-3.37,12.268843971631206,-15.081939716312057,3.5687588652482267,-29.536638652482267
12,13,17.27,5.732557610241821,-11.28888335704125,4.400260312944523,-28.39656984352774
13,14,3.52,13.165012779552713,-0.9682044728434505,17.54855910543131,-20.961989137380193
14,15,18.36,7.577895774647888,3.0401126760563386,12.396214084507045,-15.747052676056338
15,16,16.18,14.953942307692309,3.723663461538462,12.2113125,-23.721197596153846
16,17,21.33,4.274615384615385,-2.617267692307692,6.148695384615385,-18.994061538461537
17,18,14.4,5.551705756929637,-8.058769722814498,14.40356289978678,-28.072683795309167
18,19,21.15,13.36274672489083,-8.713921397379911,-3.4055764192139737,-17.999608733624452
19,20,13.82,8.609070056497176,-1.6699581920903954,-1.8050033898305085,-21.255050960451975
20,21,18.76,20.075404878048783,1.9089878048780486,8.530014634146342,-15.900759268292683
21,22,17.01,15.271715294117648,2.3755811764705883,2.7133176470588234,-21.561184235294117
