,cluster_id,curvature,x,y,z,average_potential
0,1,-12.73,39.29517213114754,2.55866393442623,16.18398770491803,-28.718292213114758
1,2,16.2,38.01070175438596,-8.73085380116959,12.34719298245614,-22.22072222222222
2,3,-2.89,39.82513350785341,-4.051774869109948,16.634675392670157,-21.33063848167539
3,4,23.95,31.030140909090907,4.990136363636363,8.511286363636364,-19.715302272727275
4,5,18.99,32.343219839142094,1.629402144772118,13.895707774798929,-17.158802949061663
5,6,19.62,33.62453918495297,-4.323752351097179,1.1151065830721005,-21.291057053291535
6,7,16.85,30.275554545454547,-3.4017295454545455,6.897563636363636,-20.399352272727274
7,8,18.52,38.431525386313474,10.290748344370861,-2.5750706401766004,-13.456098675496689
8,9,-23.65,44.56702145922746,3.213635193133047,-0.34473390557939915,-30.33307296137339
9,10,20.19,45.7411850899743,11.540200514138817,-0.35574293059125967,-14.996270694087405
10,11,-8.62,37.87762897526502,1.9751378091872789,-3.1924416961130744,-21.94127597173145
11,12,14.6,31.732638655462186,5.374266106442577,0.8718123249299721,-16.113744257703082
12,13,7.09,42.897530405405405,-3.767334459459459,-0.14761148648648653,-25.897651013513514
13,14,15.64,40.211105442176866,-8.800057823129253,4.783625850340136,-29.851704761904763
14,15,12.06,47.71670186335403,-4.745031055900621,16.355987577639752,-24.109577018633537
15,16,15.88,48.465641791044774,-9.112829424307035,9.928891257995735,-21.71086950959488
16,17,25.14,57.442804020100496,1.875683417085427,10.13527135678392,-16.90761105527638
17,18,9.86,54.300418604651156,-3.011583979328165,12.456850129198966,-16.632747286821704
18,19,-5.15,50.914637065637066,4.870409266409266,5.134571428571428,-30.27634555984556
19,20,14.21,50.887534296028875,-4.598891696750902,1.2598736462093862,-18.667549097472925
20,21,22.12,54.05447663551402,0.26551401869158875,3.5770436137071653,-21.26091246105919
21,22,8.18,53.61808114035088,9.528877192982458,13.853947368421052,-15.272781798245612
22,23,21.71,44.54682509505703,11.481087452471485,16.39042205323194,-22.28480076045627
23,24,18.62,49.67647564469915,3.4972808022922632,17.85236389684814,-25.147388252148996
24,25,-19.34,39.59306639004149,8.395410788381742,5.146846473029045,-28.76883112033195
25,26,-15.46,42.206495348837215,5.841155813953488,10.800309302325582,-41.78927767441861
26,27,16.72,49.94728372093024,13.0152,4.26586511627907,-18.445727441860466
27,28,16.78,46.19459918200409,15.631331288343558,9.642179959100204,-17.9096572597137
