,cluster_id,curvature,x,y,z,average_potential
0,1,10.44,5.978466950959488,82.92600426439233,13.377579957356074,-24.997719402985076
1,2,15.65,15.660106029106027,85.11418918918919,18.221814968814968,-21.216870062370063
2,3,16.21,13.323698224852071,76.32773668639054,21.018275147928993,-15.015191124260353
3,4,12.59,17.851565420560746,80.12568691588785,22.472932242990655,-12.72884976635514
4,5,19.3,12.32018487394958,70.74465546218487,7.497574229691876,-12.310849859943975
5,6,17.92,10.440414682539682,77.6655634920635,5.258638888888889,-20.088844047619048
6,7,22.39,18.799848039215686,68.79776960784314,19.339651960784316,-5.072224509803921
7,8,11.28,18.56101818181818,77.31899393939395,12.59859393939394,-19.903625454545455
8,9,19.89,11.99984856396867,72.37520104438643,14.794997389033943,-16.389566840731074
9,10,12.38,4.559428571428571,83.82947619047619,4.696502976190477,-22.401306249999998
10,11,24.72,2.4153599999999997,88.45593000000001,1.5672500000000003,-17.946740666666663
11,12,16.15,8.323282467532467,92.0126461038961,0.5628636363636365,-22.56811266233766
12,13,-3.74,7.977730769230768,92.27639102564102,11.003762820512819,-26.72362756410256
13,14,16.57,2.530079245283019,94.02118113207547,6.710135849056604,-15.742529056603773
14,15,12.89,16.9321,90.99412352941177,-2.4798264705882347,-17.144933823529414
15,16,18.5,25.48309722222222,89.68590277777778,-0.3510590277777778,-9.005283680555555
16,17,-10.49,20.04147272727273,88.70721454545455,4.872218181818181,-41.57278181818182
17,18,-2.64,18.71263849765258,81.98193427230048,7.661957746478873,-24.224460093896717
18,19,10.2,14.72472030651341,84.43143295019156,-0.14178544061302684,-23.5293030651341
19,20,12.86,20.056878787878784,96.50736796536795,5.783359307359307,-14.97750735930736
20,21,19.35,12.863792405063291,97.58737721518987,4.487777215189873,-24.95247974683544
21,22,19.54,20.280098696461828,89.80949720670391,12.805217877094972,-27.7275843575419
22,23,21.59,12.296844875346261,94.31234626038781,16.025650969529085,-19.565381994459834
23,24,13.96,18.945928870292885,98.25033054393305,14.991179916317991,-13.004050836820083
