,cluster_id,curvature,x,y,z,average_potential
0,1,16.92,11.504781544256122,72.56616195856873,6.072870056497174,-13.405674952919021
1,2,13.69,7.706382775119617,75.23106220095694,12.418387559808613,-15.290256937799045
2,3,21.25,14.0541796875,71.48192187500001,14.536800781250001,-17.26828046875
3,4,-4.57,18.027152941176467,76.79475294117645,11.793517647058822,-17.84467019607843
4,5,-13.75,17.526072234762978,71.71792550790067,20.09781264108352,-8.92908374717833
5,6,-15.81,11.469996070726918,79.34223575638508,17.405007858546167,-47.10746660117878
6,7,19.75,16.260525490196077,79.17485098039215,24.90912156862745,-11.073609019607844
7,8,21.1,18.883133333333333,83.35854666666665,19.317639999999997,-14.808842666666665
8,9,14.15,17.313597842835133,100.45605546995378,16.705078582434513,-11.616759167950692
9,10,-5.46,8.671386597938143,87.93359278350515,12.334077319587628,-37.38230515463918
10,11,19.11,4.708967479674796,82.95442276422764,11.439682926829269,-23.922532113821138
11,12,21.49,2.8220281124497992,85.81799999999998,1.7324899598393573,-18.691485943775103
12,13,17.49,3.447543478260869,93.04123695652173,5.999430434782609,-19.500889782608695
13,14,20.24,20.452142276422766,85.7811768292683,8.559146341463416,-28.825833536585368
14,15,21.05,20.907831099195715,90.79541018766757,13.107479892761395,-23.07244745308311
15,16,19.78,14.724434262948206,89.17082470119522,16.17513545816733,-34.8218139442231
16,17,19.61,11.64724109589041,94.42817808219179,15.696134246575342,-18.736882739726028
17,18,6.52,16.139183431952663,81.30044970414201,2.426952662721894,-23.321113609467456
18,19,18.0,9.48524152542373,80.82208474576272,1.5239025423728816,-18.522567796610172
19,20,11.68,13.268647727272729,88.25682196969699,-2.478060606060606,-19.059607575757575
20,21,18.77,8.40912703583062,91.51135504885994,0.10785667752442993,-20.714080781758955
21,22,17.06,21.059709832134292,89.72196402877698,-0.4195515587529976,-15.586813908872902
22,23,20.96,15.509008720930233,97.38465988372091,2.3948052325581397,-18.471301453488373
23,24,17.88,16.430397499999998,96.8433225,9.029485,-24.589581499999998
