,cluster_id,curvature,x,y,z,average_potential
0,1,11.82,60.05262424242425,-4.028830303030302,14.537213636363635,-12.846956212121214
1,2,16.79,55.280284182305635,-6.256549597855227,18.54430294906166,-8.87793672922252
2,3,15.99,60.114370139968884,-12.47646034214619,16.654916018662522,-9.841563763608088
3,4,15.41,59.70902267002518,4.310775818639799,-3.9982770780856423,-7.985585894206549
4,5,16.05,62.32481818181818,8.769115909090909,-8.136109090909091,-9.425895454545454
5,6,14.66,55.91988604651163,-0.558939534883721,6.916706976744186,-13.884019767441862
6,7,22.7,61.50695876288659,1.0322061855670102,8.718512886597939,-11.550802319587632
7,8,12.66,51.85157403651116,4.907129817444219,9.765306288032455,-10.607147870182557
8,9,-13.8,56.527706008583685,6.3354506437768245,2.177293991416309,-11.547566309012876
