,cluster_id,curvature,x,y,z,average_potential
0,1,19.02,25.550154506437764,-19.701593705293273,16.992210300429186,-11.778168669527899
1,2,15.43,22.055907665505227,-8.42425087108014,11.406632404181185,-7.021297212543553
2,3,12.99,31.06014809160305,-8.346079389312976,12.222551145038167,-6.943708091603054
3,4,14.17,25.71224320457797,-12.739243204577969,17.327733905579397,-9.8524782546495
4,5,16.05,20.29224144486692,-26.040081749049435,16.251703422053232,-10.412108555133079
5,6,21.86,23.09838912133891,-29.676665271966527,25.215874476987445,-10.197528451882842
6,7,20.83,22.511645994832044,-24.469240310077524,23.107162790697675,-10.632279069767442
7,8,13.29,20.348408000000003,-38.95672,24.8695152,-7.7167905600000015
8,9,14.6,20.63835214446953,-33.242729119638824,17.322823927765235,-11.771803386004516
