,cluster_id,curvature,x,y,z,average_potential
0,1,24.59,53.2436447368421,61.95846929824561,-19.730021929824556,-16.255937719298245
1,2,19.06,55.4451253071253,55.9135773955774,-16.158889434889435,-11.645900737100737
2,3,16.91,49.597559322033895,58.55464648910411,-12.596757869249394,-17.442630024213074
3,4,13.67,45.791370772946856,58.622986714975845,-21.076840579710144,-13.030532971014491
4,5,16.42,47.06058386411889,66.30528237791931,-16.22971762208068,-14.190002760084925
5,6,15.9,34.43725988700565,71.44048870056497,-0.6210084745762713,-7.807647740112994
6,7,15.44,29.56258320610687,67.15282442748091,-0.01023969465648854,-10.087689618320612
7,8,22.96,42.35880620155039,62.67067958656331,-10.948850129198966,-15.947619638242895
8,9,20.76,38.27527852348993,68.2026677852349,-12.949080536912751,-8.88886409395973
9,10,18.89,35.14722388059701,68.9071119402985,-7.141604477611941,-9.054098880597017
10,11,14.15,35.87960416666667,61.96285256410256,-6.352455128205128,-11.869754166666667
