,cluster_id,curvature,x,y,z,average_potential
0,1,18.91,-1.2154102564102565,3.165355311355311,-7.65471978021978,0.966212087912088
1,2,16.99,-7.258454545454545,4.534356265356265,-9.607266584766583,-1.818785257985258
2,3,21.56,-4.243837662337663,15.970821428571428,-3.062909090909091,-0.42921623376623375
3,4,17.48,-9.03865067466267,14.723589205397305,-6.9988455772113936,1.1320626686656672
4,5,6.61,-0.11383774250440916,12.79189770723104,-11.327985890652558,0.7183758377425045
5,6,-6.28,5.557945544554455,8.641287128712872,-8.500252475247526,-3.328388118811881
6,7,17.34,5.646771717171717,17.086559595959596,-7.607646464646465,-6.065527272727274
7,8,-14.75,16.57418867924528,5.733512129380054,0.1654501347708895,-1.483667654986523
8,9,12.4,22.919674486803515,1.1007722385141738,1.3047614858260022,-3.791476735092864
9,10,17.4,15.42612183544304,11.352770569620251,3.566270569620253,-3.892296360759494
10,11,21.11,11.543925816023739,15.258694362017804,-2.2145578635014838,-5.370902077151335
11,12,-6.46,11.278541538461537,8.17019076923077,-2.5930553846153845,-2.4714464615384615
12,13,-3.19,4.133257225433526,4.087401734104046,0.6010549132947978,-0.9664239884393063
13,14,19.04,-1.696831967213115,11.041329918032787,3.2575102459016394,2.223984836065574
14,15,3.63,4.420270072992701,14.466294403892945,2.6757883211678832,-2.4434355231143554
15,16,14.0,8.599492116182573,-0.10421493775933616,-5.903654771784232,-3.8161377593361
16,17,19.82,5.835680709534368,6.742691796008868,9.178937915742797,2.1890432372505546
17,18,14.57,11.442963394342762,0.7641547420965058,9.303552412645592,-1.546373044925125
