,cluster_id,curvature,x,y,z,average_potential
0,1,18.94,-23.000708053691273,-22.57013087248322,237.73924328859056,-3.35564177852349
1,2,16.28,-29.679482587064676,-23.96946517412935,238.7514303482587,-7.318237064676616
2,3,7.31,-34.85804102564102,-20.037671794871798,241.97522051282047,-5.21558
3,4,22.37,-29.673691622103384,-14.381370766488411,240.1563547237076,-3.26207486631016
4,5,13.98,-39.532241551939926,-28.043379224030037,245.89036045056318,-5.481293992490613
5,6,13.73,-37.42316067653277,-25.59635095137421,252.13014587737845,-5.421290486257929
6,7,18.61,-36.89062432432433,-33.94702702702703,250.09094054054052,0.31885108108108107
7,8,17.69,-32.772795402298854,-33.174531034482754,253.78737931034485,-0.9463795402298851
8,9,-3.84,-27.003324731182797,-28.49649032258065,247.56660645161293,-8.317676559139784
9,10,21.66,-30.086073964497043,-26.4699674556213,259.47844082840237,-2.4928355029585796
10,11,15.14,-36.020341389728095,-20.45829003021148,258.15377643504536,-2.853763746223565
11,12,20.93,-18.597966139954853,-14.90365914221219,258.125158013544,-7.607670654627539
12,13,19.26,-22.758233333333333,-21.839074999999998,261.6127305555556,-6.9410019444444435
13,14,-14.5,-26.561988709677415,-15.22217258064516,261.2902887096774,-7.039530967741936
14,15,7.59,-19.535032640949556,-21.29944807121662,245.98709495548965,-1.0097047477744807
15,16,23.02,-16.977154241645245,-17.739401028277637,250.2914344473008,-0.30706735218509
16,17,22.72,-16.542319559228652,-23.83317906336088,255.5119476584022,-1.3176165289256199
17,18,13.1,-23.963059748427675,-27.752657232704408,254.0598364779874,-1.8049572327044026
18,19,17.96,-36.11083333333333,-14.337638211382114,247.73269376693767,-3.754785365853658
19,20,13.14,-28.62396025104602,-10.694774058577405,252.40445815899582,-6.472426778242677
20,21,17.53,-34.399170731707315,-9.049021341463416,253.90572256097562,-2.805589329268293
21,22,19.41,-36.31593516699411,-13.348581532416503,257.7737347740668,-5.384644793713163
22,23,17.77,-19.51091785150079,-8.205047393364929,252.82964454976306,-3.260919273301738
23,24,-1.77,-21.997828897338405,-13.454836501901141,242.87623574144484,-4.417784790874524
24,25,15.54,-24.34885424588086,-5.900700887198987,244.64094423320657,-4.912430544993663
