,cluster_id,curvature,x,y,z,average_potential
0,1,-1.49,14.589973214285715,-2.359330357142857,-6.263526785714286,-15.597247767857143
1,2,19.78,5.26642214532872,-0.164961937716263,-4.904813148788928,-11.235619031141868
2,3,21.85,8.292544354838709,-6.28848185483871,-7.934673387096774,-6.229809677419355
3,4,13.52,10.345377682403432,-13.643388412017167,0.18058154506437765,-5.696048068669528
4,5,17.75,10.675580705009276,-12.971066790352506,-7.393447124304267,-6.193672912801484
5,6,19.88,13.361199699699702,5.914484984984985,-1.2531516516516519,-13.135967117117117
6,7,25.43,5.862944444444444,-4.42532962962963,1.8104333333333333,-10.333987777777777
7,8,13.95,10.460849162011174,1.259117318435754,4.482081936685288,-22.268132029795158
8,9,15.97,23.689931407942236,-0.3419241877256318,1.7241227436823106,-10.583019855595667
9,10,15.74,22.81948974358974,3.6632769230769227,-4.454248717948718,-6.192967179487179
10,11,16.15,16.798473684210524,-6.229287593984963,6.828973684210527,-10.689395488721805
11,12,20.71,19.04365814696485,-13.123648562300318,1.0832907348242813,-5.912941853035143
12,13,17.06,21.7156008492569,-7.190828025477707,-1.2526263269639064,-8.177536305732485
