,cluster_id,curvature,x,y,z,average_potential
0,1,19.95,16.518457943925235,-13.185383177570095,39.37964018691589,-18.692734112149534
1,2,15.48,11.228773371104817,-12.923033994334277,37.445764872521245,-26.13956175637394
2,3,17.11,20.812106,-14.361972,29.788792,-25.257302799999998
3,4,15.89,11.396149321266968,-17.256533936651582,29.535592760180997,-25.00978235294118
4,5,-20.24,16.411495901639345,-15.568319672131148,24.32994262295082,-22.167645901639343
5,6,17.77,10.591713541666666,-3.0570520833333332,39.513859374999996,-28.566933333333335
6,7,-16.27,17.655317880794698,0.25497682119205295,38.32750662251655,-28.803509933774833
7,8,12.53,20.247226262626263,-6.8898525252525245,39.6547595959596,-22.150932121212122
8,9,21.36,27.281721649484535,-9.697749140893471,33.443800687285226,-14.396124054982819
9,10,12.13,24.54498583569405,-3.1380226628895183,32.52983852691218,-24.3031104815864
10,11,14.98,3.0794453781512603,7.7440042016806725,32.33478151260504,-17.16189579831933
11,12,-3.14,6.439817204301074,1.792272401433692,39.28886021505377,-24.77493727598566
12,13,14.96,12.0053995215311,7.630411483253588,36.04655263157895,-23.59370119617225
13,14,19.68,17.88094583333333,9.780535416666668,24.786372916666664,-16.938797291666667
14,15,-19.41,12.464311764705883,7.211179411764707,26.933379411764708,-32.77126058823529
15,16,14.81,14.797469973890339,4.895997389033942,21.08578851174935,-25.538796866840727
16,17,22.69,21.40877134986226,0.6006363636363636,22.88079063360881,-19.845696694214876
17,18,13.82,21.117008450704226,5.4817323943661975,31.721825352112674,-18.894476619718308
18,19,18.94,4.854669014084507,-9.786538732394366,22.826785211267605,-32.55852042253521
19,20,19.81,5.690550724637681,-14.978110144927538,25.585997101449276,-19.121463478260868
20,21,19.46,12.336610759493672,-9.714544303797469,17.95020253164557,-16.104941455696203
21,22,12.65,18.16253082191781,-7.939445205479451,21.573342465753424,-24.06392294520548
22,23,8.36,12.438421686746986,-0.6469277108433735,19.584903614457833,-17.647314457831325
23,24,18.45,6.574038834951457,-3.6664886731391593,21.884430420711976,-38.256888025889964
24,25,18.71,5.252204275534441,5.837976247030878,22.864083135391926,-16.62529168646081
25,26,-13.6,-0.5346927835051548,2.5585257731958766,24.57347628865979,-20.38815072164948
26,27,6.24,4.313648293963254,-9.269377952755905,34.329535433070866,-20.091605511811025
27,28,-0.54,1.8824600550964186,-2.4136253443526168,31.37662258953168,-30.059869972451796
