,cluster_id,curvature,x,y,z,average_potential
0,1,17.94,5.0980190311418685,4.049930795847751,-0.13179930795847752,-16.56229757785467
1,2,16.08,9.630546875,0.4444531249999999,3.24466796875,-22.606503125
2,3,18.72,-4.852829787234042,2.711139817629179,5.878942249240121,-6.8822148936170215
3,4,16.19,3.629555223880597,0.945558208955224,12.841020895522389,-20.194470149253736
4,5,-14.56,3.2604613466334165,5.322137157107233,7.048291770573567,-23.55341995012469
5,6,19.57,22.952771126760563,-4.038130281690141,9.49419014084507,-18.937263028169014
6,7,16.64,27.781399543378996,-4.79088584474886,13.947860730593604,-12.495288584474887
7,8,-21.77,15.165859090909093,-5.503209090909092,11.814504545454545,-31.242814090909086
8,9,18.35,20.363243291592127,-0.5938747763864043,17.386118067978533,-18.143796064400714
9,10,11.31,12.599752475247524,6.055975247524754,17.177861386138613,-17.90085693069307
10,11,13.94,8.866055374592834,9.205231270358308,12.996127035830618,-24.063305211726384
11,12,14.06,10.962432234432235,10.461003663003664,4.468124542124542,-15.873950183150185
12,13,4.52,17.78590640394089,8.76625369458128,8.867970443349753,-18.688007881773398
13,14,-6.9,12.207391472868217,-0.8101162790697674,18.85558527131783,-15.502196124031006
14,15,15.07,8.137352320675104,-7.326801687763713,14.833303797468353,-13.808806329113924
15,16,21.32,9.695357414448669,-6.185429657794677,1.9758212927756658,-13.361638022813688
16,17,19.66,9.421821428571427,-7.445022727272727,8.583532467532468,-23.825684090909093
17,18,17.97,18.638460843373498,-5.482024096385542,2.154102409638554,-18.099433433734937
18,19,16.97,17.39679668049793,2.0242904564315354,1.4569211618257258,-16.396450207468877
19,20,-4.38,21.249357142857146,2.648964285714286,7.263510714285715,-20.369422857142858
