,cluster_id,curvature,x,y,z,average_potential
0,1,15.97,-16.85773279352227,-0.9144331983805668,-58.16394736842105,-10.018709716599192
1,2,13.59,-9.340778236914602,2.018055096418733,-58.94561157024793,-11.305252479338842
2,3,18.64,-13.14026717557252,-4.743893129770993,-42.48604007633588,-13.28551641221374
3,4,12.55,-12.266943683409437,3.0854200913242003,-48.12742922374429,-15.956057077625573
4,5,7.88,-8.119029520295205,-3.3694797047970475,-53.70227306273063,-11.664377490774907
5,6,11.33,-12.292265217391304,-4.474595652173914,-49.076580434782606,-13.557967608695652
6,7,15.25,-23.163556701030927,-5.05860824742268,-22.8333337628866,-10.981035051546392
7,8,19.42,-16.79266935483871,3.1110443548387097,-26.85661290322581,-12.200161290322582
8,9,13.04,-17.886181019332163,-4.241377855887522,-26.437381370826014,-14.316625483304042
9,10,12.77,-15.73059735973597,3.827019801980198,-42.01603300330033,-11.137044224422443
10,11,-10.39,-21.77957037037037,0.8715827160493826,-36.14706913580247,-12.374084197530864
11,12,18.13,-14.389217592592592,-0.41619675925925925,-32.73034490740741,-14.93116111111111
12,13,17.34,-23.150157556270095,-7.321128617363344,-33.645244372990355,-14.587761736334404
13,14,20.69,-16.679472271914133,-5.831325581395349,-37.71864221824686,-17.27578711985689
