,cluster_id,curvature,x,y,z,average_potential
0,1,13.61,37.2399298245614,-3.096426065162907,21.384260651629074,-13.371712280701756
1,2,10.91,29.45355793226382,-5.701504456327985,19.045005347593584,-9.002723351158645
2,3,13.88,33.80762549277267,-5.292060446780551,12.942190538764782,-10.664282260183969
3,4,18.46,37.99822392638036,15.437684049079753,34.24436809815951,-10.664748159509204
4,5,14.0,33.59911374407583,13.50778515007899,29.535060031595574,-8.029330805687204
5,6,18.19,29.054762523191098,4.504619666048238,32.43896103896104,-10.748720779220779
6,7,20.91,31.92548261327713,3.0950158061116966,25.489967334035825,-13.36631359325606
