,cluster_id,curvature,x,y,z,average_potential
0,1,16.1,12.609674676524952,76.26034750462107,7.22822550831793,-13.948803512014788
1,2,14.1,10.716641921397379,84.08009825327511,2.6617489082969437,-21.196616157205238
2,3,20.24,16.429060096153844,81.82099278846152,23.714002403846152,-11.388301682692306
3,4,20.95,19.930443965517238,88.12074568965517,18.679383620689656,-14.595978448275861
4,5,14.75,11.720310104529618,87.98978048780488,17.903275261324044,-27.71772543554007
5,6,14.1,16.380939051918737,73.36077652370203,17.450627539503387,-11.091446275395034
6,7,8.71,18.384464285714287,80.80262857142856,14.526339285714288,-23.350102142857143
7,8,5.46,9.340265206812653,79.08424330900242,16.9941897810219,-15.046948661800485
8,9,18.35,4.310660746003553,97.91641740674956,5.656381882770869,-21.96055896980462
9,10,15.66,2.9118952991452987,90.60281837606837,4.826589743589744,-23.2154094017094
10,11,-1.86,8.666687898089172,91.85224203821656,12.168343949044587,-40.429190445859874
11,12,16.23,3.962733766233766,85.26046428571428,12.004896103896103,-18.443833116883116
12,13,19.82,9.581987220447283,93.90044408945687,-0.60985303514377,-20.048866453674123
13,14,17.24,16.355744827586207,92.81127356321838,-2.341045977011494,-18.341684827586207
14,15,16.94,23.915719817767656,94.3297403189066,2.428198177676537,-14.85816150341686
15,16,8.9,20.225197368421053,96.77881315789473,7.9283789473684205,-37.78394368421053
16,17,-0.1,18.727309523809524,87.0273869047619,4.644053571428572,-22.49876845238095
17,18,21.49,21.560394366197183,89.61562676056337,11.86705985915493,-18.26008943661972
18,19,20.17,12.97195849056604,108.39790566037736,6.635132075471698,-9.528762264150945
19,20,16.68,14.578551532033426,102.32714484679666,3.3719916434540385,-18.63687019498607
20,21,14.4,14.82881527093596,101.46395320197044,13.320692118226603,-17.05445024630542
21,22,14.03,15.795116138763198,95.5752911010558,16.213938159879337,-33.00201463046757
