,cluster_id,curvature,x,y,z,average_potential
0,1,18.32,23.52110677083333,20.505684895833333,-13.822684895833333,-18.078012239583334
1,2,15.65,23.973630862329806,26.52481694402421,-8.695827534039335,-20.820793343419062
2,3,17.4,16.57244,29.983384444444447,-3.556082222222222,-17.552954222222223
3,4,15.13,13.112560483870968,24.629243951612903,2.3883225806451613,-17.215421370967743
4,5,-6.4,17.427322751322748,20.488291005291003,-8.20879365079365,-23.70752645502645
5,6,11.75,12.486171597633136,23.098911242603553,-4.509875739644971,-11.57273550295858
6,7,5.9,16.535024590163935,13.818270491803279,-3.597516393442622,-15.939560245901639
7,8,-7.82,23.919594594594596,22.97823243243243,0.13199459459459464,-28.107730810810814
8,9,14.63,18.436252173913044,22.71857391304348,5.1610304347826075,-25.63331826086957
9,10,21.6,27.33702419354839,15.218209677419358,-2.6004005376344086,-28.890922043010754
10,11,8.32,31.508580729166667,19.002528645833333,-8.614583333333334,-15.229118229166666
11,12,16.03,21.161821029082777,12.563747203579416,-10.938868008948544,-15.27217874720358
12,13,15.5,31.914392504930966,13.29703353057199,-10.450670611439842,-18.0755382642998
13,14,-13.47,29.637543175487465,9.161334261838439,-13.19230919220056,-9.436198050139277
14,15,22.4,17.59058450704225,7.854197183098591,6.526735915492958,-15.012090140845071
15,16,16.69,17.87037668161435,12.188800448430493,2.4544260089686096,-25.035842600896864
16,17,20.22,21.585070093457944,12.424030373831775,11.385922897196263,-15.282853271028035
17,18,18.63,24.4703119266055,18.94934633027523,7.536288990825688,-22.491140596330272
18,19,20.85,32.60585714285714,16.016301242236025,2.587310559006211,-14.907651242236026
19,20,-15.35,28.525538461538467,9.514325443786982,2.9719437869822483,-18.07731124260355
20,21,17.97,28.306087786259543,5.401053435114504,13.270767175572518,-5.789842748091603
21,22,14.14,30.907567028985504,12.451534420289853,10.933990942028986,-12.481225543478262
