,cluster_id,curvature,x,y,z,average_potential
0,1,16.17,-9.675846153846154,-25.83882051282051,40.54660416666667,-9.568781410256411
1,2,20.83,-16.32447340425532,-32.8114335106383,42.47402925531915,-14.475021010638297
2,3,-9.33,-23.743479532163743,-28.4842865497076,40.351055555555554,-12.877739181286548
3,4,12.48,-20.477762749445674,-24.66159201773836,45.56774944567628,-9.915574944567627
4,5,14.38,-15.654114583333333,-21.530156249999997,40.21219444444444,-12.310572222222223
5,6,11.45,-17.432515892420536,-29.559161369193156,35.96977506112469,-12.05393740831296
6,7,22.05,-23.342982300884955,-19.696608407079648,36.851442477876105,-12.81697146017699
7,8,17.54,-32.06835874439462,-18.3192130044843,36.445464125560534,-13.929513901345292
8,9,-9.38,-26.7135,-16.076592760180997,31.051943438914023,-10.280200226244345
9,10,14.53,-28.12635476190476,-12.268888095238095,17.20362857142857,-8.728042857142857
10,11,12.77,-32.44520704225352,-14.690497183098593,20.562767605633802,-11.816458873239435
11,12,18.66,-34.56647105788423,-13.004904191616765,30.452886227544912,-12.620771856287424
12,13,19.91,-36.616913265306124,-18.515079081632653,24.17158418367347,-15.29647474489796
13,14,-6.51,-32.932760705289674,-21.550105793450882,28.686332493702775,-9.836881108312342
