,cluster_id,curvature,x,y,z,average_potential
0,1,17.83,18.92200308641975,34.586165123456794,41.674239197530866,-12.042013734567902
1,2,20.97,23.609778097982712,34.03330259365995,34.4628674351585,-13.956803458213257
2,3,17.6,27.290724223602485,37.18747204968944,40.23901242236025,-13.255509565217391
3,4,14.13,37.54819959677419,36.58254032258065,26.818076612903226,-9.60111068548387
4,5,16.48,32.07339007092199,39.62760756501183,32.046070921985816,-10.00852340425532
5,6,18.8,31.039076103500758,31.12757686453577,32.05698630136987,-9.566856468797564
