,cluster_id,curvature,x,y,z,average_potential
0,1,18.19,61.12588264058679,-27.1561564792176,2.3041980440097802,-8.813702444987774
1,2,14.53,58.631246653919696,-16.40458508604207,4.3425965583174,-17.61630573613767
2,3,12.7,52.205897280966774,-19.131569486404835,-1.4893413897280967,-13.209151661631418
3,4,-13.77,49.87315309446254,-19.126127035830617,5.91614006514658,-23.075951465798045
4,5,18.43,55.26747422680412,-23.56033762886598,5.46634793814433,-13.441146907216496
5,6,-8.04,61.22863052208835,-2.650144578313253,0.4654497991967872,-16.0765859437751
6,7,-3.66,56.08200335570469,-10.231110738255031,-2.2917248322147654,-26.8746577181208
7,8,-16.82,59.786737373737374,-8.963003367003367,4.518993265993267,-25.191183501683497
8,9,13.4,48.0216037735849,-11.418959119496856,1.9563207547169812,-24.420964150943398
9,10,16.01,44.271503184713374,-10.114409766454354,8.258127388535033,-17.754693842887477
10,11,9.34,57.708107142857145,-7.673414835164834,14.280032967032966,-15.427288461538463
11,12,18.17,51.69561157024794,-13.50226170798898,14.24438292011019,-15.976848760330581
12,13,-16.09,50.23116959064327,-6.067122807017544,11.096064327485381,-26.471552631578945
13,14,15.91,62.32085656565657,-0.9835434343434344,10.493276767676768,-23.481569090909094
14,15,14.96,56.39144505494505,1.4303553113553111,14.24632967032967,-16.526377838827834
15,16,16.17,57.08502493765587,0.5906009975062344,-5.578299251870325,-10.963967082294264
16,17,16.4,51.43279999999999,-1.7191094339622643,-1.8944905660377362,-26.789603773584904
17,18,19.67,60.717171355498714,5.812846547314579,4.279023017902813,-17.74883375959079
18,19,13.26,55.01806168831168,7.644337662337663,0.05646103896103896,-15.556671753246752
19,20,18.71,43.00713394919168,2.8856420323325636,6.939951501154734,-15.123695612009238
20,21,8.9,45.94662655601659,-1.9278755186721992,1.2183651452282156,-19.423859336099586
21,22,15.24,48.472774253731345,9.427953358208955,5.251100746268657,-14.348251119402986
22,23,12.88,51.14489438943894,3.667950495049505,10.027712871287129,-19.85180132013201
