,cluster_id,curvature,x,y,z,average_potential
0,1,13.31,-2.3139697452229298,44.44893789808917,17.141383757961783,-30.38637977707007
1,2,21.46,-9.461354430379746,46.154797468354424,14.985599156118145,-19.495736286919833
2,3,12.82,-9.746781609195402,42.52441522988506,19.68364367816092,-15.041380172413794
3,4,15.15,10.934564986737401,41.094891246684355,15.498190981432359,-19.29839655172414
4,5,-12.28,5.048056561085973,40.10202714932126,18.79660859728507,-17.46615022624434
5,6,6.16,4.728560869565218,50.100665217391295,18.164413043478262,-29.129523043478258
6,7,18.71,10.483635974304068,46.176458244111345,22.39171948608137,-18.86055653104925
7,8,17.01,12.72780501930502,52.90599613899614,14.707189189189188,-25.665143436293434
8,9,7.02,3.39901581027668,42.062355731225296,9.44596837944664,-30.5979581027668
9,10,17.64,9.696670520231214,40.87000289017341,2.510586705202312,-19.581467341040465
10,11,-6.31,10.876778947368422,47.44293684210527,6.7471192982456145,-37.016161052631574
11,12,14.97,6.82685,45.47277777777778,-2.682488888888889,-27.911998333333333
12,13,13.1,7.996257653061225,50.97751020408163,-4.581380102040816,-28.78582270408163
13,14,12.76,1.556041935483871,41.98803870967741,1.795474193548387,-34.298338709677424
14,15,8.25,-4.944173374613003,44.25965015479876,2.0308111455108357,-25.575565944272448
15,16,14.53,-10.911444270015698,52.65302668759812,-1.8659309262166404,-18.14461114599686
16,17,-1.63,-2.252024691358025,49.68159670781893,-3.2239547325102884,-29.275776131687245
17,18,20.76,-5.777450184501845,57.73373431734318,-2.0387822878228783,-27.408666051660514
18,19,-20.04,-10.260659459459458,50.03801621621622,8.480144144144143,-40.638782882882886
19,20,15.67,-8.716769927536232,58.378492753623185,7.248451086956521,-39.04941050724638
20,21,14.94,-6.099159453302961,62.40805239179955,14.89054214123007,-15.85045284738041
21,22,-4.16,-5.271802966101696,54.4991122881356,16.085938559322035,-32.52289576271187
22,23,17.36,0.026010958904109666,62.21462739726027,4.341778082191781,-25.508868219178083
23,24,21.35,2.073211678832117,59.13765693430656,-1.4481605839416059,-28.460445498783454
24,25,19.12,4.255947791164659,61.10875502008033,13.360696787148596,-21.457467068273093
25,26,11.39,10.703502040816325,57.81334285714286,1.052795918367347,-22.337581632653063
26,27,5.39,10.078208333333334,57.26454166666666,7.621494047619048,-23.108533035714284
