,cluster_id,curvature,x,y,z,average_potential
0,1,16.06,-35.23713377926422,27.91594871794872,-2.316190635451505,-10.624742140468229
1,2,13.07,-32.86654685099846,29.14579262672811,4.028276497695853,-16.00596267281106
2,3,16.9,-17.395907534246575,24.292722602739726,22.49942465753425,-8.4332
3,4,13.27,-19.90490784557908,17.592947696139476,20.09956911581569,-10.681847571606477
4,5,19.75,-23.549427184466023,25.22762621359223,15.998975728155338,-13.827075485436893
5,6,17.61,-21.323144596651446,22.124156773211563,9.82144596651446,-11.283331354642314
6,7,21.21,-28.78603365384615,23.214913461538462,5.948396634615384,-11.787497115384614
7,8,17.31,-28.107509803921566,28.62227807486631,11.614657754010695,-14.396077005347594
