,cluster_id,curvature,x,y,z,average_potential
0,1,12.13,-28.250155982905984,24.892333333333337,-12.865621794871796,-10.815310042735042
1,2,15.02,-24.250551976573938,31.084263543191806,-12.12907467057101,-13.691963250366031
2,3,23.87,-33.01242307692308,23.54094551282051,-19.197403846153843,-10.53378108974359
3,4,14.67,-29.116713881019834,30.41611898016997,-20.264184135977334,-17.591381728045324
4,5,18.02,-42.46860648148149,17.50643287037037,-32.14451851851852,-5.813697222222223
5,6,14.77,-42.218252988047816,23.82898605577689,-33.6926374501992,-10.671598007968129
6,7,19.4,-36.993701897018965,19.751913279132793,-26.16521409214092,-9.218751219512194
7,8,18.62,-36.338233333333335,27.030186666666673,-31.739060000000002,-10.438554666666665
8,9,23.9,-32.522924302788844,26.40156573705179,-26.58942629482072,-14.959224701195218
9,10,19.43,-39.109798469387755,27.596709183673468,-24.54627295918367,-11.664196173469389
