,cluster_id,curvature,x,y,z,average_potential
0,1,14.09,-16.454843267108167,9.18871412803532,4.049216335540839,-9.672112582781459
1,2,21.74,-10.048978947368422,5.107052631578948,8.384115789473684,-8.890644210526316
2,3,17.58,-9.954209897610921,5.236750853242321,0.4616928327645052,-11.541661604095562
3,4,18.16,5.714322505800466,7.726450116009282,8.83892807424594,-12.192925986078887
4,5,13.07,2.043139322916667,11.54178125,14.00097265625,-9.561951822916667
5,6,20.36,-6.38264074074074,12.13024074074074,6.269412962962964,-9.37112537037037
6,7,18.21,-1.3875112107623317,9.085890134529148,5.602656950672645,-15.153312556053812
