,cluster_id,curvature,x,y,z,average_potential
0,1,15.31,-9.697263333333334,51.441646666666664,123.68666000000002,-12.521802333333333
1,2,15.18,-12.47510195227766,45.25694577006508,120.63205856832973,-13.1978852494577
2,3,13.47,-18.244589015151515,50.854679924242426,121.54229166666667,-10.355617045454546
3,4,14.35,-17.306584951456312,45.99295873786407,112.02768203883495,-14.673554126213594
4,5,12.77,-14.066040257648954,51.934066022544286,114.2369694041868,-8.855705958132045
5,6,20.16,-12.91574609375,46.11502734375,128.923939453125,-15.4759341796875
6,7,18.09,-8.164425051334701,41.623887063655026,131.56935523613961,-10.472846817248461
7,8,19.87,-9.795418655097613,46.23150976138828,138.03874403470715,-16.385805422993492
8,9,12.78,-5.676568345323741,49.9985035971223,134.02797841726618,-19.533230215827338
9,10,-16.47,-2.579274131274131,45.88712741312741,133.9165521235521,-20.875298841698843
10,11,12.99,3.062791428571429,45.89128,134.18395999999998,-14.651668571428571
11,12,17.0,9.64651309707242,47.31152696456086,134.21709553158706,-8.134752080123267
12,13,15.68,3.320073359073359,52.27617953667954,138.67567567567568,-12.504829343629345
