,cluster_id,curvature,x,y,z,average_potential
0,1,-1.45,-5.10453634085213,5.426614035087719,74.03221303258145,-23.487072431077692
1,2,9.31,-0.7771866666666666,1.7340044444444442,64.07063555555555,-18.57709422222222
2,3,18.98,2.8271716738197425,8.194373390557939,61.114283261802576,-20.78153519313305
3,4,18.02,2.103600985221675,6.179108374384236,68.764960591133,-23.95231871921182
4,5,18.48,-9.764403013182674,9.912514124293786,52.340395480225986,-15.599813559322035
5,6,14.2,-13.53331557377049,16.573190573770493,58.758360655737704,-29.22522704918033
6,7,17.22,-16.299713362068964,4.879491379310345,69.41979956896552,-22.87046012931034
7,8,-0.4,-18.906533678756475,11.944658031088082,65.25058549222798,-34.104456476683936
8,9,16.52,-18.440581854043394,5.2450769230769225,61.0505641025641,-18.357079289940827
9,10,20.35,-11.17140925266904,4.359430604982206,56.70906049822064,-24.424538078291818
10,11,18.24,-7.221124015748031,0.26207480314960635,58.199850393700785,-17.355163976377952
11,12,25.84,-13.735948275862068,-2.969517241379311,65.50181896551723,-20.796711637931033
12,13,19.73,-6.004155,-1.95106,68.92938249999999,-20.946197499999997
13,14,21.05,3.107073732718894,14.955866359447004,58.72525806451613,-23.841740092165896
14,15,8.54,-3.8523421052631575,12.639663157894738,56.837910526315795,-27.67050157894737
15,16,22.05,-7.36625321888412,24.349991416309013,60.730519313304725,-18.840461802575106
16,17,14.49,-1.2794761215629524,21.225237337192475,61.17830535455862,-38.77714500723589
17,18,19.96,6.973305647840532,22.660279069767444,61.1156611295681,-14.264069767441859
18,19,19.0,4.1248467908902695,13.15271221532091,69.75621946169773,-25.3818099378882
19,20,16.41,-14.010157657657658,24.166045045045042,70.22997297297297,-16.73972725225225
20,21,-2.0,-15.05081896551724,15.978150862068963,71.8371077586207,-26.01260818965517
21,22,18.07,-18.27123611111111,21.17458611111111,65.95800555555556,-18.20479527777778
22,23,17.95,-1.2887341389728098,22.988655589123866,75.57663746223565,-21.00334743202417
23,24,16.12,-4.8461409168081495,26.141797962648553,70.38091680814941,-23.525802886247877
24,25,-8.71,-9.177515513126492,12.834708830548927,74.2552816229117,-40.88271527446301
25,26,-9.3,-1.6889463087248324,14.224305369127515,75.33528859060402,-37.920712416107385
26,27,19.43,-7.24307225433526,18.52736416184971,78.53082658959538,-18.4372936416185
