,cluster_id,curvature,x,y,z,average_potential
0,1,15.51,-45.92841597796143,3.3253333333333335,-8.702752066115703,-13.955414325068869
1,2,22.24,-44.52186610878662,-2.892845188284518,-3.142677824267782,-8.550618828451883
2,3,18.67,-43.53517460317461,5.134150793650794,0.7151944444444444,-19.525406349206353
3,4,14.52,-49.993147410358574,4.657762948207171,-2.376149402390438,-12.650695219123504
4,5,15.13,-52.23875923718713,-2.5411835518474373,-2.707042908224076,-10.94016495828367
5,6,23.47,-41.906490909090905,8.732696969696969,-6.266566666666666,-12.485963636363635
6,7,15.35,-36.474895322939865,4.416708240534521,-4.958472160356347,-15.426369265033408
7,8,15.72,-29.367413084112147,10.889469158878505,-16.573902803738317,-8.312615140186915
8,9,8.71,-36.73630548926014,8.321513126491647,-12.263276849642004,-11.297550119331742
9,10,17.97,-33.54371260997067,12.440832844574782,-4.1295865102639295,-10.644872727272727
10,11,18.42,-29.655327272727273,10.597143181818183,-9.924718181818182,-14.019501136363637
