,cluster_id,curvature,x,y,z,average_potential
0,1,14.03,-11.73355533596838,-16.136717391304344,-30.1908814229249,-9.5330290513834
1,2,12.88,-10.70801801801802,-14.730232432432434,-42.510711711711714,-7.8693209009009015
2,3,13.1,-10.29297904540163,-20.095180442374858,-36.86225844004657,-9.850531199068683
3,4,17.06,-0.6871766467065868,-19.055205089820358,-19.769109281437125,-13.387266467065867
4,5,16.09,-8.996033333333335,-15.90828245614035,-23.631728070175438,-10.943976315789476
5,6,-6.86,-3.363,-9.549888198757763,-22.36316149068323,-19.243137267080744
6,7,21.73,-2.0274123222748814,-13.41462559241706,-28.915298578199057,-21.84608530805687
7,8,14.25,3.3671395348837208,-7.944167441860465,-30.2991488372093,-15.206505581395348
8,9,-13.87,4.272003875968992,-5.002106589147287,-22.80591085271318,-31.579976550387602
9,10,12.56,9.795481751824818,-6.771091240875912,-26.80885401459854,-14.567212773722627
10,11,23.16,11.415154078549849,-13.091208459214503,-17.369752265861027,-11.484427190332326
11,12,13.29,7.637889328063241,-15.919337944664031,-23.91665019762846,-16.444278260869567
12,13,14.38,0.5774808988764044,-11.79901797752809,-15.242368539325842,-12.528050561797754
13,14,15.43,3.3496359550561796,-5.831746067415729,-16.769591011235956,-10.349440898876404
