,cluster_id,curvature,x,y,z,average_potential
0,1,64.81,-10.393198198198201,31.7981981981982,32.523909909909904,-62.29266216216215
