,cluster_id,curvature,x,y,z,average_potential
0,1,11.76,-5.512247491638796,-10.662602006688962,-1.9005384615384615,-9.004239910813824
1,2,13.5,-0.3557752577319588,-10.39684329896907,7.2798845360824735,-14.926212164948454
2,3,13.58,-4.3339347258485645,-3.430681462140992,6.5341227154047,-12.304513054830286
3,4,12.22,1.6700094786729855,-4.849469194312796,0.22239099526066347,-10.751072511848342
4,5,18.1,15.77276536312849,19.67166759776536,24.19591899441341,-9.249072905027933
5,6,10.63,12.272545177664973,16.203820304568527,20.155158375634517,-10.695184873096446
6,7,16.36,2.710058426966292,2.545530337078652,5.42283595505618,-12.63797797752809
7,8,21.67,1.3863841584158416,-0.6963445544554456,11.973691089108911,-12.075664158415842
8,9,11.96,8.896225433526011,10.725486994219654,16.196547687861273,-11.021432658959538
9,10,18.42,3.156953367875648,7.928818652849741,12.131564766839379,-13.294475474956823
10,11,9.67,7.772763713080169,2.6381244725738395,14.96465611814346,-10.609202531645572
