,cluster_id,curvature,x,y,z,average_potential
0,1,20.26,2.5183991416309013,29.9137339055794,12.283008583690986,-5.717451931330472
1,2,22.74,-9.82463358778626,34.645950381679384,17.003076335877864,-11.746569083969465
2,3,15.04,-2.065119230769231,35.28424999999999,19.765434615384613,-17.251885
3,4,11.54,-4.960982323232324,29.15707828282828,16.072742424242424,-16.592340404040407
4,5,16.76,5.933317073170731,26.28297967479675,25.20409756097561,-13.80485243902439
5,6,18.44,3.7737569832402236,32.167793296089386,21.56714804469274,-14.788211173184356
6,7,11.63,-3.3885685714285714,34.34914571428572,30.798714285714283,-23.522621714285716
7,8,-8.86,0.12466863905325438,30.391582840236683,33.59480473372781,-29.66832662721894
8,9,9.91,2.4978678571428574,22.340435714285714,31.925067857142857,-19.597292857142858
9,10,-2.44,-2.475860805860806,22.34547619047619,23.16775091575092,-21.51835274725275
10,11,15.95,-3.9278421052631574,14.660213032581455,35.56378947368421,-16.874990726817042
11,12,11.73,-9.456361742424242,15.037530303030303,31.35276704545454,-32.62002462121212
12,13,16.41,-4.330768707482994,29.733309523809528,39.754744897959185,-19.79260646258503
13,14,11.98,-6.9717022471910095,22.455775280898877,41.66106179775281,-15.64004438202247
14,15,-7.55,-1.4341122994652409,22.118417112299465,37.9810320855615,-21.064539037433153
15,16,13.49,-15.19383647798742,18.34537316561845,41.346488469601674,-13.65172536687631
16,17,18.62,-11.850943775100403,28.089267068273088,40.604232931726905,-21.209349799196787
17,18,23.03,-14.8407928802589,20.38780582524272,25.691343042071196,-25.402342394822007
18,19,16.39,-18.14880909090909,20.192327272727276,33.84285151515152,-13.598399696969699
19,20,-4.55,-14.334146226415093,28.70438679245283,32.51705660377358,-25.716348584905663
20,21,18.82,-19.11780212014134,26.299060070671377,28.599247349823322,-19.161879858657244
21,22,-10.12,-9.947277966101696,31.88378644067797,26.039281355932204,-25.896478644067795
22,23,17.49,-11.049963258785942,23.940247603833864,22.87553514376997,-25.1716
