,cluster_id,curvature,x,y,z,average_potential
0,1,20.98,53.72716224188791,86.00370796460177,38.80077581120944,-23.81619616519174
1,2,19.11,56.08856607929516,79.05499779735682,36.65050440528634,-11.609414096916302
2,3,15.54,62.19032566371681,80.2397203539823,40.94742123893805,-20.40760831858407
3,4,19.11,60.76499734748011,81.04540848806366,50.36651724137931,-31.361573474801062
4,5,17.86,65.11900226244344,74.09425339366517,45.69508371040724,-13.585717420814479
5,6,18.19,56.8609039039039,74.96411711711711,46.38666066066067,-27.767634834834837
6,7,20.62,43.51089198606272,94.44838327526132,44.97348432055749,-15.666994076655053
7,8,14.29,44.28152516411378,92.05007877461706,51.18936323851204,-19.351542669584244
8,9,8.08,52.673683076923076,95.22370461538462,46.30052615384616,-32.613691076923075
9,10,15.47,48.75934802784222,91.02532482598608,41.631234338747106,-21.585945707656613
10,11,16.36,58.652984177215195,97.39957278481012,52.94074367088608,-17.591619620253162
11,12,19.1,61.218895705521476,90.65475766871165,44.14016871165644,-21.893386503067486
12,13,11.25,61.220083832335334,90.56448203592814,51.08257784431138,-26.547980838323355
13,14,14.88,47.40703232998886,72.9843054626533,58.523795986622076,-18.2571641025641
14,15,-18.33,48.36345871559633,75.64768807339449,50.978055045871564,-32.34645366972477
15,16,15.22,51.53898956521739,72.24286260869566,49.24046260869566,-20.276733391304347
16,17,11.35,53.39403258145363,80.68594736842105,57.27585964912281,-31.103858395989977
17,18,23.95,43.375672199170126,83.90141078838174,45.62035684647304,-19.048185892116184
18,19,-17.21,50.750276785714284,79.60729910714285,44.83886160714285,-31.626922767857142
19,20,17.53,38.840128,85.47458999999999,54.258398,-15.9363554
20,21,17.06,43.72631077694236,79.29133082706767,55.56746115288221,-23.30355614035088
21,22,14.58,56.93861005434782,89.0102472826087,61.54131521739131,-21.33531725543478
22,23,14.84,51.136044226044234,92.78309582309582,57.491444717444715,-41.90892481572481
23,24,20.68,44.279932816537475,90.84089664082687,59.96476227390181,-19.531836950904395
