,cluster_id,curvature,x,y,z,average_potential
0,1,13.01,23.890968992248062,-12.910428940568476,9.702474160206718,-2.994243669250646
1,2,13.96,20.56500982800983,-7.068710073710074,13.337267813267813,0.3567643734643734
2,3,19.75,22.52126072607261,-14.043759075907591,15.618231023102313,-1.4284323432343236
3,4,17.11,24.220432228915666,-9.29385843373494,25.807489457831323,0.9757704819277107
4,5,16.46,23.660799363057325,-7.4418152866242036,18.951254777070062,-1.0425573248407642
5,6,13.36,28.574803337306314,-12.688562574493444,19.45417759237187,0.4502386174016687
6,7,16.82,22.973205980066442,-13.362099667774086,5.092112956810632,-3.6753312292358804
7,8,22.47,27.691540838852102,-11.567041942604856,2.156181015452539,-0.007090286975717392
8,9,20.94,19.725323877068554,-9.156082742316785,-2.4908321513002365,0.556728841607565
9,10,19.68,23.17036037735849,-16.97266226415094,0.0921509433962264,-0.47706830188679245
10,11,12.95,22.674660936007644,-18.22808022922636,-20.321852913085003,-1.5881472779369628
11,12,16.6,18.590010362694304,-12.498996545768566,-14.484378238341968,-0.29493022452504325
12,13,14.58,25.87871694915254,-16.44083728813559,-12.498674576271187,0.2553349152542373
13,14,13.44,19.13185819521179,-18.793116022099447,-7.357123388581952,1.2114309392265195
14,15,12.81,23.115243055555556,-11.994020833333332,-6.844351851851853,-0.5858476851851853
