,cluster_id,curvature,x,y,z,average_potential
0,1,9.82,3.590278225806452,25.531806451612905,10.679552419354838,-13.560139112903226
1,2,16.36,0.12804161073825499,30.894041610738256,17.86280268456376,-17.31993302013423
2,3,20.68,-10.898065517241381,30.627639655172405,10.329112068965518,-15.104335689655173
3,4,16.95,-1.7165302096177555,31.693821208384712,8.092130702836005,-16.822063501849566
4,5,19.96,0.16325732217573216,19.078529288702928,16.0356129707113,-12.215899581589955
5,6,19.02,-5.743485564304462,20.818548556430443,10.419041994750655,-11.693494225721782
6,7,23.81,-4.914681818181818,23.619412337662336,21.15410714285714,-18.286033766233768
7,8,15.34,-11.644450980392154,21.826290849673203,15.247725490196078,-15.146224509803922
8,9,17.18,-11.40626797385621,28.124053921568624,18.931583333333336,-11.548885620915032
