,cluster_id,curvature,x,y,z,average_potential
0,1,16.12,24.89689513108614,20.995992509363298,4.510893258426966,-8.628357116104869
1,2,14.15,28.925522834645665,19.344099212598426,-2.2768645669291336,-9.745630236220475
2,3,12.33,21.14555079006772,15.423103837471784,-0.28150790067720094,-12.150183295711061
3,4,9.83,19.138435483870968,20.125885080645162,-4.786991935483871,-11.931484072580647
4,5,18.7,13.980813953488372,1.6432713178294571,-23.748732558139533,-11.607778682170544
5,6,14.55,12.83197792494481,9.187397350993377,-24.83452538631347,-15.71297174392936
6,7,16.91,6.5307464788732394,3.375568075117371,-22.89612441314554,-13.73881103286385
7,8,12.97,8.648859574468085,6.998297872340427,-17.394005673758866,-13.392135460992908
8,9,21.9,20.753,17.739358620689654,-12.603879310344828,-14.576540344827588
9,10,16.33,26.73783374689826,14.509349875930521,-9.609466501240695,-11.868331017369728
10,11,19.28,19.558273076923076,5.371811538461539,-16.936959615384616,-9.577393461538461
11,12,18.93,16.78946875,13.367472656250001,-15.924957031250003,-18.756683593749997
12,13,19.87,15.260930555555554,7.932722222222221,-10.258111111111111,-13.98955888888889
13,14,20.66,20.89427969348659,9.82516091954023,-8.330563218390806,-12.463172413793103
