,cluster_id,curvature,x,y,z,average_potential
0,1,15.29,-9.25495382165605,13.398138535031846,-10.39008280254777,-9.941782643312102
1,2,17.46,-5.876983606557377,10.03535154826958,2.7535482695810565,-14.891517122040073
2,3,-12.0,-5.304606965174129,8.395089552238806,-3.62489552238806,-12.6166368159204
3,4,13.68,-7.889552511415524,14.693814307458142,-2.7274718417047183,-12.23448782343988
4,5,21.9,-3.7614705882352943,2.0513984819734343,0.2262296015180266,-13.12941366223909
5,6,22.33,-4.469213151927438,3.8203968253968252,7.697553287981859,-11.145643083900227
6,7,20.14,3.758418060200669,-9.944498327759199,11.45594314381271,-11.516631438127089
7,8,15.83,4.223763358778625,-9.785358778625953,5.237653944020357,-5.429246819338424
8,9,18.8,1.7656533333333335,-0.73325,5.850606666666668,-16.870412666666667
9,10,9.67,-4.095469740634005,-5.974037463976945,7.68436311239193,-7.88936916426513
10,11,16.28,0.561504854368932,-3.7685889967637536,14.382833333333334,-9.371226213592236
