,cluster_id,curvature,x,y,z,average_potential
0,1,14.54,2.1517848837209304,20.697426356589148,21.850823643410855,-10.397412596899224
1,2,13.91,6.549641791044777,23.51084328358209,27.23165422885572,-14.810001492537314
2,3,18.14,10.420241730279898,18.611806615776082,31.145328244274808,-12.288863867684478
3,4,19.07,7.126875236294897,15.48794517958412,25.959897920604917,-10.589467674858223
4,5,16.18,16.867961057023642,34.168414464534074,47.42253824756607,-8.8783123783032
5,6,-10.53,15.195478448275864,32.90940301724138,42.22716810344828,-11.501013793103448
6,7,21.08,16.497362397820165,23.389779291553133,33.07225885558583,-12.98174659400545
7,8,23.57,10.551587336244543,28.22334934497817,31.559061135371177,-17.166858515283845
8,9,-15.74,13.177063882063884,33.56439066339067,35.99647911547911,-12.177394594594594
9,10,19.79,11.261815286624204,25.15483439490446,39.187124203821654,-12.106752866242038
10,11,16.41,19.36502745098039,27.334747058823528,39.553456862745094,-14.880993137254903
