,cluster_id,curvature,x,y,z,average_potential
0,1,15.88,-26.7292009569378,-0.5564306220095694,8.133203349282297,-4.914841148325358
1,2,16.85,-30.42924780316344,3.5774499121265375,14.139659050966609,-8.372902108963093
2,3,12.5,-47.31128398058252,-6.362042475728155,8.268808252427185,-7.804218932038834
3,4,21.58,-43.535673295454544,1.4703267045454547,14.918548295454547,-9.37086931818182
4,5,19.96,-40.551746268656714,3.9290559701492542,11.384436567164178,-8.65163526119403
