,cluster_id,curvature,x,y,z,average_potential
0,1,14.64,51.122356145251395,11.758364525139667,-47.818402234636864,-6.559392458100558
1,2,17.47,47.297022727272726,30.884503246753244,-37.91884740259741,-5.103437337662338
2,3,19.11,42.95418731117825,23.617652567975828,-37.61703625377644,-6.006751661631419
3,4,18.13,41.48860661157025,15.46833553719008,-35.260314049586775,-8.087297190082644
4,5,20.96,46.0301843003413,13.664283276450513,-40.94960921501706,-6.051766211604096
