,cluster_id,curvature,x,y,z,average_potential
0,1,23.32,-16.55035792349727,-4.722822404371584,4.488710382513662,1.1660614754098362
1,2,13.37,-16.825441140024786,-2.95707063197026,11.985867410161092,-1.596746964064436
2,3,15.95,-14.518765743073047,8.509491183879094,14.256778337531486,-0.07329382871536524
3,4,12.73,-11.899168224299064,1.055753894080997,15.09959813084112,-0.5101691588785047
4,5,15.47,-19.599345679012345,4.27263139329806,16.808539682539685,-8.343707407407408
5,6,14.3,-16.215265171503958,-18.58771635883905,13.254815303430076,0.20700910290237468
6,7,23.39,-19.084767379679143,-10.675374331550803,13.809489304812834,-5.935111497326204
7,8,19.36,-15.897699029126214,-12.515256742179073,7.34574541531823,0.9051349514563107
8,9,14.74,-9.912309322033899,-35.56587994350283,5.478820621468927,-1.9425563559322032
9,10,10.87,-9.472506958250497,-30.109330019880716,8.25178330019881,-4.661220079522862
10,11,-14.49,-17.694123456790127,-30.305602880658434,5.829829218106996,1.4285913580246914
11,12,11.78,-15.080877966101696,-23.191013559322037,7.649866666666666,-0.8923394350282486
