,cluster_id,curvature,x,y,z,average_potential
0,1,18.41,58.41488328075709,15.12202208201893,-7.7167160883280745,-4.471484227129338
1,2,11.09,58.209171171171164,19.046486486486486,-2.689355855855856,-7.993380030030029
2,3,-9.57,61.30449999999999,24.949647773279352,-4.862493927125506,-11.051015384615384
3,4,17.57,52.92929429429429,25.49170570570571,-7.46033933933934,-14.62925945945946
4,5,15.16,57.849472868217056,28.970147286821703,-4.269348837209303,-12.256937015503876
5,6,11.86,39.051335866261404,41.887724924012154,-3.165939209726444,-6.264335410334345
6,7,22.63,41.89677227722772,48.272896039603964,-7.2355841584158425,-3.6162435643564352
7,8,12.2,45.19725657894737,39.44141447368422,-4.621609649122807,-11.620011403508771
8,9,20.18,55.267699398797596,33.97773146292585,-5.453436873747495,-13.658524248496995
9,10,15.83,50.53931926121373,35.41173878627968,-9.196300791556729,-10.176952242744061
10,11,17.11,50.455448202959836,42.466158562367866,-7.315706131078224,-13.32576976744186
