,cluster_id,curvature,x,y,z,average_potential
0,1,12.66,-15.565091025641026,12.429312820512822,0.5745628205128205,-12.473233076923078
1,2,17.13,-19.53467512690355,17.15875126903553,-4.4672487309644655,-7.876012182741117
2,3,13.22,-14.722092664092663,20.36237258687259,0.18856177606177607,-10.828620656370656
3,4,20.71,-25.45088157894737,0.491359649122807,-1.7521842105263155,-8.449412719298246
4,5,22.33,-17.720469512195123,0.5777865853658537,-1.4689268292682927,-8.56142012195122
5,6,21.6,-21.40404563492063,4.366843253968254,5.976464285714285,-9.805440873015872
6,7,18.62,-19.89270297029703,7.281970297029703,-1.2788613861386138,-11.191680445544554
7,8,22.32,-19.156833333333335,-12.053208333333334,-2.029431818181818,-8.407835984848486
8,9,14.21,-21.985800376647838,-5.839048964218455,-1.9776158192090396,-7.563472316384179
9,10,16.44,-17.56827135678392,-5.533615577889447,6.070037688442211,-9.748254271356783
10,11,16.26,-24.887584637268844,-7.245617354196302,4.90651920341394,-8.253700995732576
