,cluster_id,curvature,x,y,z,average_potential
0,1,14.79,-4.8826957403651114,40.00922920892496,-13.124914807302233,-5.9642294117647054
1,2,22.75,-1.5866213017751476,38.25475147928994,-4.70473372781065,-2.9433171597633137
2,3,14.4,-3.21725,34.06010416666667,-10.874485416666667,-7.359625625000001
3,4,17.06,1.988311320754717,22.161547169811318,-9.134179245283018,-12.209909905660377
4,5,-15.41,-1.6080220883534135,28.336763052208838,-10.2485,-8.62788253012048
5,6,16.55,0.5201346938775511,13.714293877551022,2.3381333333333334,-13.496919591836734
6,7,19.69,6.005166666666667,14.942677192982458,-4.838154385964913,-16.422968245614033
7,8,23.16,-1.4626102150537634,22.271817204301076,-2.862287634408602,-11.775730645161289
8,9,21.76,0.09707253886010364,15.76043005181347,-3.5718290155440418,-17.261567098445596
9,10,20.34,4.051129568106312,0.7678073089700996,17.049607973421928,-6.909292358803987
10,11,14.8,8.677764705882353,-1.3644621848739495,11.939500840336136,-7.717161008403362
11,12,16.45,-4.585529137529138,6.242368298368298,4.950897435897436,-6.806316317016317
12,13,14.2,2.700547738693467,8.084243718592965,9.089585427135678,-7.8786095477386935
13,14,16.8,1.7178344086021506,-0.021937634408602198,7.976722580645162,-7.471356559139785
