,cluster_id,curvature,x,y,z,average_potential
0,1,-12.61,1.520608391608392,41.449100233100225,6.232037296037296,-6.062771561771562
1,2,19.47,10.909260204081633,38.46067346938775,11.45870918367347,-7.295229591836735
2,3,11.85,2.880660206718346,40.18467183462533,13.846723514211888,-8.609440439276487
3,4,21.89,-0.9112598425196851,25.278208661417324,3.46186220472441,-10.787761023622048
4,5,-12.86,3.275745886654479,22.905866544789763,8.583731261425958,-13.668843692870201
5,6,17.26,0.5521724137931034,31.687098143236074,11.648835543766578,-10.235906631299734
6,7,18.44,4.866888382687927,31.9009020501139,5.021047835990887,-7.430355808656036
7,8,16.33,-5.743595419847328,0.3378687022900763,-15.57303816793893,-10.008865038167938
8,9,13.81,-4.150920454545455,-1.171431818181818,-7.9834568181818195,-7.917799772727273
9,10,18.06,-2.457193925233645,6.887502336448598,-10.475934579439254,-9.430355607476637
10,11,23.56,4.811378151260504,16.95783473389356,3.6333109243697477,-15.9327081232493
11,12,19.27,-3.247651491365777,16.276913657770802,4.52353689167975,-20.291179434850864
12,13,22.3,5.3295956521739125,6.258930434782609,-5.285117391304347,-4.706315652173913
13,14,19.46,-2.0822125,14.934634375000002,-1.912659375,-13.0950021875
14,15,15.36,1.1781927710843372,10.276186746987952,-2.8323253012048193,-7.933814608433734
