,cluster_id,curvature,x,y,z,average_potential
0,1,-17.47,39.47167078189301,58.81562139917696,37.092325102880665,-8.481091769547325
1,2,-11.88,42.05186610169492,51.8987,39.156940677966105,-7.159100508474577
2,3,13.44,44.65473365617433,68.77422881355932,39.96384382566586,-14.25357118644068
3,4,20.16,38.2752396313364,64.92765898617512,45.95165437788018,-13.186277880184333
4,5,14.83,44.55976704545455,59.35923106060606,44.62114583333334,-9.733233712121212
5,6,22.19,38.41214968152867,73.19476592356688,47.7561576433121,-14.444939012738852
6,7,14.78,39.11139274924471,76.56154531722055,51.83776435045317,-12.77052854984894
7,8,15.13,33.63241265822785,90.03145316455696,68.51723797468355,-8.804350379746836
8,9,12.93,32.729837037037036,90.67264444444444,63.04159506172839,-9.822359259259258
9,10,16.93,44.043701570680625,82.82097905759163,54.93825392670157,-6.181707329842931
10,11,17.07,36.46426451612903,92.2879741935484,57.1037,-7.36616193548387
11,12,15.82,37.36174381625442,83.56127031802122,59.33125265017668,-9.524183215547703
