,cluster_id,curvature,x,y,z,average_potential
0,1,-14.72,11.971696202531644,5.881341772151899,43.42683966244726,-5.381854852320676
1,2,-21.42,17.925531365313656,4.803280442804428,46.76363099630996,-4.503960885608856
2,3,20.81,16.021992574257425,-1.9702648514851484,47.0642103960396,-0.6087589108910891
3,4,20.76,11.29794290976059,-2.392338858195212,34.794657458563535,3.7256642725598526
4,5,14.65,8.070567615658362,-1.0082064056939504,41.26643950177936,-0.8769350533807827
5,6,23.33,25.039444168734487,-3.3927990074441694,43.617602977667495,-0.3388382133995036
6,7,15.29,18.585828220858897,-4.61,32.0400736196319,0.22083128834355834
7,8,13.46,18.87648577235772,-4.5820081300813005,39.33179065040651,-1.4101904471544717
8,9,20.58,29.33868729641694,-5.312635179153094,36.03947231270358,-8.542473289902281
9,10,-13.98,27.796499999999995,-3.72461186440678,30.037983050847462,-2.000416440677966
10,11,-3.62,30.564561881188116,4.788084158415842,33.16174504950495,-1.9543658415841585
11,12,16.61,29.86620335820896,3.5861473880597017,40.90599440298507,-7.037395335820895
12,13,17.39,27.60439967105263,20.285342105263158,26.527965460526318,-0.03810707236842098
13,14,-3.56,21.91928346456693,15.325152230971128,30.010160104986873,-1.2829383202099736
14,15,15.4,28.79838888888889,15.826972222222224,34.81516374269006,-1.8197590643274855
15,16,17.87,23.959774603174605,4.5868126984126985,48.254012698412694,-1.8769409523809524
16,17,8.04,26.468568464730293,14.164879668049792,43.23407883817428,-7.34618132780083
17,18,19.59,29.030939890710385,10.31057194899818,46.79850637522768,-3.737200364298725
18,19,11.25,18.0627824933687,15.58055702917772,39.18693103448276,-7.858750663129973
19,20,14.03,17.964136612021857,12.869058287795992,47.57715846994536,-3.000807285974499
20,21,15.75,15.008006237006237,11.128885654885654,30.637174636174635,1.7535999999999998
21,22,-12.12,10.809481099656356,7.329857388316152,36.03645360824742,-0.038127835051546315
22,23,-0.45,19.756484739676843,3.4415062836624775,28.426290843806104,0.9227789946140035
23,24,16.91,21.08929120879121,10.407681318681318,23.27363186813187,-1.325656043956044
24,25,15.99,27.726850174216025,8.362031358885018,25.370104529616725,0.5990855400696865
