,cluster_id,curvature,x,y,z,average_potential
0,1,17.01,6.195803493449781,-15.687264192139738,-20.771080786026197,0.08335043668122279
1,2,17.6,-0.6599162995594714,-14.961755506607929,-22.23289207048458,-1.238877973568282
2,3,22.38,8.184903896103897,-11.510516883116884,-13.631545454545456,-4.296508311688311
3,4,14.64,2.081163967611336,-12.6893016194332,-11.144868421052632,1.9190220647773282
4,5,-16.2,-6.64465071770335,-1.9388277511961725,-17.64812918660287,0.48602727272727275
5,6,-13.02,-2.638088068181818,-7.240497159090908,-14.635892045454545,1.1086125
6,7,-15.34,-2.586577981651376,-8.584550458715597,-25.994288990825687,-0.15137155963302742
7,8,5.98,-5.406849462365592,-11.454359139784946,-18.9217935483871,1.890474623655914
8,9,-4.5,4.928837288135593,0.46118305084745753,-18.736301694915255,0.36103016949152555
9,10,13.79,5.653646484375,-6.4341406249999995,-21.501638671875,-3.50431796875
10,11,18.94,-0.777778761061947,-1.6698466076696163,-10.162616519174042,-1.7529943952802358
11,12,17.79,6.611614634146341,-2.5526439024390246,-10.996153658536585,-6.404710975609755
12,13,15.32,-5.589045161290322,8.493279569892474,-19.971518279569896,0.5651670967741934
13,14,21.14,-1.4338980477223429,11.62083514099783,-24.62580477223427,0.9794813449023863
14,15,19.48,-5.801681614349775,5.380677130044844,-26.10695067264574,1.6848692825112108
15,16,12.4,3.0295804195804195,6.154678321678323,-22.96648251748252,-3.116060839160839
16,17,21.06,-2.3450208333333333,-0.570363782051282,-25.006402243589744,0.1767134615384615
17,18,7.69,-6.298330434782609,7.421911304347827,-13.203540869565218,-1.5399438260869567
18,19,20.79,0.8570810810810809,12.071506142506143,-9.851093366093368,-7.573123095823096
19,20,17.52,3.2181741472172356,6.797734290843805,-13.608917414721724,-2.6073339317773785
20,21,17.43,-6.577031331592688,15.201874673629243,-28.07195039164491,-1.7021229765013055
21,22,15.73,-5.322421052631579,22.05229239766082,-14.136044834307992,-5.549776608187134
22,23,14.8,-5.799705107084019,16.849995057660625,-11.507093904448107,-4.1106784184514
