,cluster_id,curvature,x,y,z,average_potential
0,1,15.76,-49.705861244019125,15.252193779904305,5.786875598086125,-8.937586602870814
1,2,17.43,-54.20680837004406,10.62058810572687,6.761,-13.255667621145374
2,3,13.48,-51.48439506172841,6.211271604938272,11.941970679012346,-16.464127932098766
3,4,12.61,-46.649901724137926,2.565603448275862,7.01915,-21.02785068965517
4,5,17.43,-36.62460626029654,-15.189411861614497,-3.3924612850082374,-15.333245963756179
5,6,21.14,-44.406338582677165,-11.793240157480316,-2.551417322834646,-15.854726377952758
6,7,19.09,-42.33555395683454,-13.551363309352517,4.738410071942445,-14.699540647482015
7,8,19.03,-35.482732313575525,-10.444351816443596,8.117001912045891,-21.75544741873805
8,9,18.79,-27.993105140186916,-11.323455607476637,3.5506869158878502,-18.284014252336448
9,10,14.5,-28.71984428223844,-6.7124841849148424,-0.5180340632603406,-19.74884598540146
10,11,9.98,-47.290875816993456,-3.5069444444444446,-0.9456895424836602,-18.001918954248367
11,12,10.22,-39.04703806228373,1.3102249134948096,8.3430276816609,-20.759122837370242
12,13,13.24,-44.02669788519638,-5.738293051359516,7.094906344410877,-25.555397583081568
13,14,16.36,-33.16212142857143,-1.3348446428571432,-7.194519642857143,-25.392556607142858
14,15,12.19,-36.47220245398773,-8.231394683026585,-6.3684355828220855,-22.40578282208589
15,16,-4.96,-33.87406355932203,2.4223262711864404,2.8889830508474574,-19.891325
16,17,16.18,-33.2243582375479,6.82669540229885,-3.0737318007662835,-19.334529118773947
17,18,15.67,-41.793973190348524,1.2122171581769434,-7.615077747989276,-20.6503581769437
18,19,-3.34,-42.22785597826087,5.881755434782608,-1.5123994565217391,-20.166985054347826
