,cluster_id,curvature,x,y,z,average_potential
0,1,13.74,14.37692748091603,5.972278625954199,46.002500000000005,-12.065521183206107
1,2,11.55,19.491273504273504,4.425468376068377,42.74798461538462,-13.76738735042735
2,3,14.43,9.672736276849642,11.613645584725537,45.16452863961814,-9.965330668257756
3,4,19.88,5.900190265486725,9.500199115044248,38.80426548672567,-5.507267256637169
4,5,17.03,13.12462573099415,9.804116959064327,36.11226023391813,-9.687192982456141
5,6,13.2,21.809396226415092,-0.2770817610062893,20.187114779874214,-11.813782704402517
6,7,12.86,29.11463853211009,2.8804495412844036,21.61770642201835,-9.002714678899084
7,8,19.28,27.020007228915663,3.5152024096385537,14.91703373493976,-12.218495903614457
8,9,13.64,20.695264976958523,-4.527774193548387,44.81246543778802,-14.384836405529954
9,10,18.64,26.75248221343874,-5.4172648221343875,39.13388537549407,-12.999883399209487
10,11,19.82,23.854169921875,-0.809939453125,38.522818359374995,-14.5004806640625
11,12,16.8,28.146944045911045,-7.3421635581061695,30.464807747489235,-9.152731850789095
12,13,15.77,24.876894927536235,1.8039528985507247,31.152044685990333,-12.176550724637682
