,cluster_id,curvature,x,y,z,average_potential
0,1,18.33,17.484307349665922,-14.094579064587974,24.82493095768374,-32.047352783964364
1,2,-10.06,21.783570512820514,-16.334775641025644,29.705717948717947,-36.3761842948718
2,3,20.51,28.465632183908046,-19.898068965517243,29.850283524904214,-18.66385019157088
3,4,15.83,26.91486577181208,-17.42993288590604,36.619761744966446,-28.630298993288587
4,5,20.28,30.524457746478873,-8.437341549295775,33.24016197183098,-19.389180633802816
5,6,17.22,32.211200361010825,-13.945698555956678,28.91168772563177,-18.047640433212997
6,7,5.42,27.321444954128445,-5.539165137614679,39.05442660550459,-22.60937293577982
7,8,24.2,20.27749806949807,-1.1524980694980695,42.522057915057914,-14.643422007722009
8,9,20.05,21.528916666666664,-1.4281493055555556,33.920249999999996,-28.251360069444445
9,10,-8.62,24.40506741573034,-6.711191011235956,24.648337078651686,-25.768177902621723
10,11,14.86,23.963635097493036,0.5124233983286905,26.247122562674097,-12.70980139275766
11,12,21.24,16.315722921914357,-0.10329219143576827,25.31296473551637,-17.51600579345088
12,13,17.95,12.16452561247216,-7.29611135857461,22.48899777282851,-14.032385746102449
13,14,14.81,12.054961764705881,-4.411311764705882,30.92472647058824,-27.440328823529416
14,15,16.33,14.743170940170943,0.5972649572649572,36.72766666666667,-22.884759401709402
15,16,12.23,9.263533333333335,-3.5779305555555556,38.01638333333334,-21.136479166666668
16,17,17.93,-0.5862671081677703,-6.170958057395143,37.88083222958058,-7.23774701986755
17,18,24.34,8.713458498023716,-10.583810276679843,37.88338735177865,-26.884272727272727
18,19,15.27,2.921687188019967,-11.23975207986689,41.26258402662229,-14.18052013311148
19,20,-5.1,16.081076305220883,-7.7403413654618465,42.5920562248996,-28.223930923694777
20,21,17.69,23.074799999999996,-9.407080519480518,44.053194805194806,-23.541856363636363
21,22,-8.16,23.01356557377049,-18.759581967213112,42.267377049180325,-14.398123360655738
22,23,22.11,14.012896226415092,-16.72479245283019,44.50817924528302,-19.654970047169815
23,24,-2.39,17.838508849557524,-20.911247787610623,37.80804424778761,-19.84828407079646
24,25,20.62,12.571703264094955,-20.857109792284867,32.03236795252225,-15.938706824925815
25,26,-4.23,10.899320224719101,-13.063112359550564,28.495573033707863,-19.634785393258426
26,27,16.5,8.279398416886544,-16.82413192612137,36.86666754617414,-13.939715303430079
