,cluster_id,curvature,x,y,z,average_potential
0,1,10.49,16.485889830508476,75.32287923728815,-20.975103813559322,-13.42535
1,2,12.47,25.127897683397684,77.94548262548261,-23.596853281853285,-12.629127992277994
2,3,16.0,20.768100732600733,82.55621062271062,-20.958459706959705,-12.446959890109891
3,4,17.04,14.057844298245612,73.55154824561404,-10.147594298245615,-6.533347149122807
4,5,16.23,18.411569444444446,80.27328935185186,-9.369136574074073,-9.427459953703703
5,6,18.54,18.64754079254079,80.34901398601399,-15.144634032634034,-12.425352913752914
6,7,13.51,29.071960061443935,59.591248847926266,-14.976039938556069,-10.028605683563748
7,8,12.98,29.05240816326531,70.01626757369614,-34.43572789115646,-8.83057596371882
8,9,17.83,23.402312688821752,73.9464410876133,-30.726596676737156,-13.512341993957703
9,10,16.1,30.403711696869852,63.27418945634266,-32.02434761120264,-9.143495222405273
10,11,15.91,32.56340055248619,63.634171270718234,-20.011638121546962,-6.8082055248618785
11,12,14.09,27.35406856187291,61.37001003344482,-24.15235117056856,-11.467033110367892
