,cluster_id,curvature,x,y,z,average_potential
0,1,17.64,66.31080124223602,9.136177018633541,39.84840683229814,2.5367236024844724
1,2,13.49,64.66656976744186,5.384661129568106,45.44899833887043,-1.6765199335548173
2,3,15.46,67.23556737588652,-4.4352439716312055,37.65808226950354,-2.0659112056737587
3,4,-12.58,60.40013967310549,-3.8690074294205052,41.2314294205052,-2.255439227340268
4,5,13.0,65.50178130217027,-1.8346227045075123,45.337240400667774,-4.478833722871452
5,6,19.79,47.956017587939684,-10.557896984924623,37.56076130653267,-1.1011085427135676
6,7,17.64,42.56483458646617,-6.594646616541354,34.49231328320802,-2.448626065162907
7,8,-11.71,43.00152676056339,-3.690587323943662,41.244871830985915,2.8168095774647885
8,9,13.5,48.90197619047619,-1.2887414965986395,37.82759863945578,0.875801530612245
9,10,12.76,56.24318662952646,-4.620919220055711,35.54859192200557,1.9114956824512535
10,11,10.3,53.225584251968506,-4.637869291338583,42.90068346456693,-0.8079469291338582
11,12,14.1,36.06626724137931,-8.462297413793102,33.899672413793105,-3.8593765086206897
12,13,16.34,35.57525215252153,-1.8425842558425585,36.9439950799508,-3.3654734317343173
13,14,-15.39,18.55192099322799,-8.13256659142212,35.575611738148986,0.6106103837471784
14,15,-11.78,21.82889502762431,-3.2365322283609577,38.45000920810313,-0.1764670349907919
15,16,16.89,29.63000847457627,-6.33908686440678,34.64792161016949,-7.140308262711865
16,17,-8.92,26.84218166089965,-3.229264705882353,32.8505847750865,-5.816169204152248
17,18,-15.49,14.864184738955823,9.593995983935741,39.85528112449799,-2.2061538152610445
18,19,16.28,8.318162420382166,8.387307324840764,39.158754777070065,-2.7620843949044587
19,20,10.87,16.77186046511628,14.248914244186047,33.94223691860465,-1.0316218023255812
20,21,17.18,10.663943231441047,11.813209606986899,32.89843959243086,-2.081491557496361
21,22,19.09,10.58089218328841,-4.214132075471698,34.16257412398922,-8.420565768194068
22,23,12.06,12.145215873015873,2.7752587301587304,35.36144285714286,-0.5054904761904762
23,24,15.04,15.854098827470688,-3.571256281407035,28.25415577889447,-5.212867504187605
24,25,-8.42,20.268624000000003,2.573022,31.527784,-1.8347824000000001
