,cluster_id,curvature,x,y,z,average_potential
0,1,14.65,37.39843235294118,-55.4805,-39.65579117647059,-10.082775294117647
1,2,-9.73,27.373399538106238,-48.50367898383372,-37.49800230946882,-11.167628406466513
2,3,13.94,33.564176165803104,-48.075097150259076,-37.23767875647668,-11.365192357512953
3,4,18.69,22.715175803402644,-44.26209073724008,-39.749506616257094,-12.679793383742911
4,5,23.16,17.076925064599482,-40.62927906976744,-37.790157622739024,-13.982394832041342
5,6,19.86,18.249553633217992,-46.42815916955018,-32.74673702422145,-11.801409169550173
6,7,12.81,3.5534731707317073,-46.40666707317074,-30.97793780487805,-12.835286097560976
7,8,10.71,9.65325,-44.91826506024096,-36.6615,-11.297103915662651
8,9,19.28,12.785036764705882,-39.03303921568627,-30.187338235294117,-14.643102450980392
9,10,16.71,8.021112860892389,-42.52797375328084,-28.16048556430446,-11.122504461942256
