,cluster_id,curvature,x,y,z,average_potential
0,1,20.13,-2.2954604316546763,57.17621223021583,9.029773381294964,-7.003979856115109
1,2,15.74,-0.7109329608938547,63.53487337057728,8.342756052141526,-16.769027560521412
2,3,13.69,8.788824519230769,64.8001610576923,10.874377403846154,-23.082870432692307
3,4,17.66,3.299669201520912,67.10670722433461,4.400593155893536,-15.028400760456273
4,5,14.43,4.759379310344827,72.95540689655172,6.283593103448276,-23.620592758620692
5,6,-13.13,3.2928993506493502,65.15219805194805,18.408537337662338,-25.735899675324674
6,7,20.86,-1.1658983050847456,72.59940847457626,15.002347457627122,-22.466466271186444
7,8,15.22,13.211726449275364,77.41874456521738,6.4696213768115935,-20.414661050724636
8,9,-2.99,4.234967032967033,78.03251098901099,11.098912087912087,-26.958767032967035
9,10,19.09,10.470600000000001,83.68510873786407,11.480260194174758,-18.49522
10,11,21.74,17.43668215158924,79.2065599022005,22.509476772616136,-19.621738630806846
11,12,10.6,21.520018716577535,72.84099465240641,21.064692513368986,-16.81693663101604
12,13,15.97,17.181471636953,65.21551863857374,17.11727066450567,-25.953514910858996
13,14,-4.24,16.868315789473684,77.4936023391813,14.315210526315788,-27.281665497076027
14,15,17.37,19.126401162790696,70.52833430232558,11.239988372093025,-15.899237209302326
15,16,-21.6,14.298324324324323,71.83402162162162,26.366578378378378,-24.18995945945946
16,17,16.72,12.944811965811969,65.55296296296298,23.879974358974355,-23.12553190883191
17,18,12.88,5.031278317152103,67.8328284789644,27.6687572815534,-16.51978932038835
18,19,16.85,8.670810810810812,61.506351351351356,27.672800000000002,-11.77517927927928
19,20,13.91,4.802532786885246,74.55982786885247,26.148808196721312,-20.914472295081964
20,21,20.24,5.88524,82.77173647058822,18.841484705882355,-17.874093411764704
21,22,14.24,10.491981873111783,80.08144410876133,25.613969788519636,-15.675432930513596
