,cluster_id,curvature,x,y,z,average_potential
0,1,15.1,-52.59579006772009,-47.36355304740406,-14.322451467268621,-10.240943340857788
1,2,10.79,-45.79456170886076,-45.23685601265823,-14.768275316455698,-11.290689082278481
2,3,13.57,-52.818302068965515,-61.44205655172414,-13.197264827586206,-8.293698206896552
3,4,-13.95,-49.77702813299233,-54.631649616368286,-17.93999232736573,-9.402343478260871
4,5,12.3,-49.318426470588236,-53.1875525210084,-10.695964285714286,-10.622527100840335
5,6,25.27,-48.00149090909091,-25.506367272727275,-11.60641090909091,-12.364570181818182
6,7,19.06,-42.11420119521912,-29.401051792828685,-13.175358565737051,-19.559408764940237
7,8,13.4,-48.61901879194631,-32.775832214765096,-15.136753020134227,-13.581715570469798
8,9,15.64,-43.10100518134714,-37.97795077720207,-13.316243523316064,-15.387500518134713
9,10,-12.2,-51.77945391705068,-39.19501843317972,-15.182769585253455,-9.077353225806451
10,11,10.26,-41.185264604810996,-22.489030927835056,-9.794312714776632,-17.949057731958764
11,12,11.82,-46.330660818713454,-19.675315789473682,-15.745368421052632,-14.45017231968811
12,13,11.95,-46.07883486238533,-16.447454128440366,-7.8730871559633036,-13.615387155963303
13,14,-8.83,-47.90563120567376,-10.53963829787234,-8.456765957446809,-11.559751773049646
14,15,15.53,-38.76079104477612,-14.733432835820896,-7.92009328358209,-12.772582462686566
15,16,14.7,-40.981863636363634,-8.728038961038962,-14.702175324675325,-16.344412987012987
16,17,12.75,-40.70780844155844,-15.318438311688311,-15.877178571428573,-12.767562662337664
17,18,18.02,-43.4047512605042,-6.413749579831932,-5.676198319327731,-11.625088235294117
18,19,10.83,-45.98838241308793,-11.039496932515338,3.4510501022494893,-10.205202351738242
