,cluster_id,curvature,x,y,z,average_potential
0,1,17.86,22.053487584650114,20.52605643340858,-66.28786907449211,-6.998719187358916
1,2,14.24,21.632392045454548,25.304554924242424,-62.25770643939393,-10.016741477272728
2,3,11.59,25.230662222222218,24.642257777777775,-56.95140666666667,-7.958233333333333
3,4,14.16,16.67190445859873,27.749787685774947,-53.95290233545648,-12.942259447983016
4,5,19.7,23.019617135207493,29.315045515394914,-49.46021419009371,-12.821924765729586
5,6,15.58,22.333533807829184,31.900485172004743,-37.262754448398574,-6.389899525504153
6,7,-17.21,16.265640138408305,28.81897577854671,-45.830304498269896,-9.147043252595155
7,8,13.89,20.988647810218975,28.508757299270073,-41.47658394160584,-10.198412408759124
