,cluster_id,curvature,x,y,z,average_potential
0,1,16.74,-15.055670520231216,-6.808182080924855,-3.3270317919075136,-11.45363352601156
1,2,13.75,-7.765823140495868,-8.821132231404958,-3.776927272727273,-12.200278842975207
2,3,11.35,-13.82535090909091,-13.598125454545453,-8.186132727272726,-12.886728
3,4,18.85,-14.542449029126212,-16.796655339805827,-15.427555825242719,-10.45738713592233
4,5,13.08,-8.495548128342246,-11.835355614973261,-13.625676470588237,-13.055346256684494
5,6,13.85,-15.384371382636656,-8.98548231511254,-15.86248874598071,-11.882265434083601
6,7,17.93,-11.605608139534883,-7.854789534883722,4.2707883720930235,-8.480811046511628
7,8,25.05,-12.184666666666669,-11.762884057971014,15.480782608695652,-12.021037198067635
8,9,17.17,-11.454486567164178,-8.324007462686568,10.955862686567164,-9.845774029850746
9,10,10.0,-8.652505226480837,-7.162547038327525,18.56255052264808,-8.504453658536585
10,11,13.86,-16.239942105263157,-8.864094736842105,21.845581578947368,-16.85296105263158
11,12,11.54,-12.842272549019608,-2.0719901960784317,20.33214117647059,-12.27615274509804
12,13,15.75,-16.612527821939583,-2.4836200317965025,33.34674880763115,-7.936077583465818
13,14,10.19,-16.02129185185185,-4.923955555555556,27.987622222222225,-9.472234518518517
