,cluster_id,curvature,x,y,z,average_potential
0,1,14.79,-7.853422893481717,4.343794912559618,-10.209100158982512,-9.308751987281399
1,2,13.78,-4.467444987775061,11.344711491442544,-9.121591687041565,-11.432909535452321
2,3,17.78,-0.26605396290050587,6.407887015177066,-13.226370994940979,-12.4881
3,4,23.75,-7.746068181818182,1.9818636363636364,-2.966357954545455,-18.785205681818184
4,5,16.53,-4.589417769376181,7.2077032136105865,-1.425122873345936,-10.580421361058601
5,6,16.39,-12.549025041736227,7.642325542570952,3.55322203672788,-7.9228160267111845
6,7,16.79,-10.310943421052631,2.002665789473684,7.390253947368421,-7.249525394736842
