,cluster_id,curvature,x,y,z,average_potential
0,1,17.26,42.02476818181818,-5.822768181818182,22.922220454545453,-15.82058590909091
1,2,11.97,40.749217194570136,-6.598493212669682,15.264823529411764,-26.268286877828054
2,3,17.78,35.08280787037037,3.501997685185185,23.511048611111114,-24.419488194444444
3,4,-18.17,33.63491891891892,0.6624121621621623,12.358277027027025,-27.302463513513512
4,5,16.69,38.24502884615385,3.1473677884615388,16.844713942307692,-23.15429495192308
5,6,17.9,34.359842287694974,-4.874391681109186,30.083644714038126,-24.59527001733102
6,7,15.42,31.139676328502418,2.911608695652174,28.76324637681159,-27.20881594202899
7,8,18.04,23.697486997635934,1.386016548463357,29.815482269503548,-23.776025059101656
8,9,14.51,18.293064965197214,-2.5346705336426916,24.770735498839908,-31.19157563805104
9,10,12.88,23.707354430379752,5.6205854430379745,21.30748101265823,-23.93476265822785
10,11,-25.56,19.787668639053255,0.581266272189349,16.88046153846154,-32.97056923076923
11,12,-3.94,26.224835341365463,3.4693132530120483,13.443429718875501,-26.8949016064257
12,13,17.62,14.495610465116279,-8.221616279069767,19.093017441860464,-20.81872703488372
13,14,12.72,13.221311594202895,-11.223073913043478,12.203408695652172,-15.325793913043478
14,15,15.07,25.1085,-2.2677684824902724,6.421354085603113,-25.56718210116731
15,16,13.97,16.427648437499997,-3.2052929687500002,9.331724609375001,-18.513045898437504
16,17,15.38,23.18564794816415,-15.890634989200866,28.75501727861771,-15.792012958963284
17,18,-3.21,18.835845679012348,-9.174333333333335,26.101154320987654,-22.680588888888888
18,19,-15.36,25.722708955223883,-8.320980099502489,30.922161691542286,-23.098807213930346
19,20,22.53,31.192518367346935,-5.958889795918367,7.763763265306123,-26.600508979591837
20,21,12.61,35.96986868686869,-8.116006734006735,11.608026936026935,-26.39516498316498
21,22,23.23,36.61312195121951,-13.487393728222997,19.732623693379793,-21.192576655052267
22,23,-0.63,29.758030000000005,-13.944273333333333,23.849613333333334,-27.57027066666667
23,24,-13.1,22.115758064516132,-15.824403225806453,18.43471572580645,-26.900176008064513
24,25,21.78,24.298428152492665,-19.3168064516129,11.254727272727273,-16.94118416422287
25,26,18.35,30.76136981132076,-17.81067924528302,14.820901886792452,-18.183549056603773
26,27,-18.52,22.93183665338645,-11.883816733067729,11.381059760956177,-37.61317729083666
27,28,21.56,28.990816,-13.460796,7.78128,-20.174620799999996
