,cluster_id,curvature,x,y,z,average_potential
0,1,19.03,-17.42334805194805,16.992493506493506,-18.053355844155845,-6.584796623376624
1,2,16.08,-15.19866395663957,12.43491598915989,-22.28482655826558,-4.651673712737128
2,3,22.84,-23.261179487179483,26.19301025641026,-8.00983076923077,-5.633122564102563
3,4,15.42,-17.436424603174604,24.017246031746033,-10.734345238095239,-7.795735317460318
4,5,13.72,5.82719375,15.312820833333335,-6.1461958333333335,-7.272109583333334
5,6,18.53,3.863914814814815,19.742640740740743,-12.38894074074074,-7.3425985185185185
6,7,16.58,11.225896805896804,17.360815724815726,-10.900201474201474,-7.671939557739558
7,8,27.65,-4.905403614457832,7.544433734939758,-2.8194698795180724,-2.875065662650602
8,9,18.0,-2.244473684210526,14.391949392712549,-6.432698380566802,-7.111003643724696
9,10,18.82,-10.753756696428571,10.450055803571429,-15.175082589285713,-9.067779910714284
10,11,13.72,-8.777187017001546,11.741281298299846,-9.28967233384853,-6.949517156105101
