,cluster_id,curvature,x,y,z,average_potential
0,1,12.03,33.66118764044944,-17.18948202247191,3.7326404494382026,-1.0429348314606741
1,2,14.84,28.35696698113208,-30.294718553459116,6.189147798742138,-4.024251886792452
2,3,16.95,29.29614395393474,-23.039174664107485,6.407604606525912,-2.2009374280230327
3,4,13.38,28.310563614744353,-35.46019143876338,12.431332936979786,-0.7661077288941734
4,5,18.97,24.430712480252765,-28.702466034755133,25.179526066350714,0.3197530805687203
5,6,18.18,27.775635705669483,-33.860898673100124,23.040879372738235,-0.11021519903498199
6,7,12.66,14.414169467787115,-39.175823529411765,18.497844537815126,-0.4362774509803922
7,8,10.6,16.907280405405405,-30.645755912162166,31.33563175675676,-1.5226734797297299
8,9,18.89,13.735474285714284,-37.724337142857145,24.07401142857143,-2.4596131428571426
9,10,17.33,10.5835736196319,-34.77792791411043,30.32311963190184,-1.5994587423312883
