,cluster_id,curvature,x,y,z,average_potential
0,1,14.96,25.88359565807327,26.171056987788326,23.218750339213024,0.5880525101763908
1,2,12.92,18.435895287958118,24.225893979057595,20.27220157068063,-2.064125261780105
2,3,21.91,19.450541786743514,21.457668587896254,27.499331412103746,0.7734288184438042
3,4,16.15,13.677660421545667,18.08346604215457,26.52602341920375,-0.05304613583138169
4,5,20.54,9.871158371040723,27.498812217194565,25.497570135746606,2.156224208144797
5,6,14.95,8.654492990654205,18.87381308411215,22.29523831775701,0.44528551401869143
6,7,18.88,4.55079120879121,25.155400000000004,19.73611208791209,2.732791428571429
7,8,8.03,10.863383419689118,24.877077720207254,16.31837305699482,2.3599492227979275
8,9,21.1,6.114097244732577,15.01413128038898,16.403755267423016,2.5524131280388977
9,10,17.56,-0.4248470319634704,12.927961187214612,12.042687214611872,-0.41934771689497713
10,11,25.59,4.002004366812227,18.801183406113534,11.125689956331877,0.8454502183406115
11,12,19.27,-1.5389253731343284,20.357849087893864,15.316943615257046,1.5659524046434494
12,13,-13.29,-11.975656108597285,9.062619909502262,0.2859607843137253,-1.7084355957767723
13,14,12.9,-4.507548262548262,20.633021235521237,7.704791505791507,3.1172496138996135
14,15,13.7,-12.556490641711232,16.423077540106952,7.3049251336898395,0.9349838235294117
15,16,-12.91,-9.848308900523561,14.272204188481675,13.638581151832462,-5.999737434554974
16,17,11.36,-7.834613114754098,10.516240983606558,7.4029983606557375,-3.3826016393442617
