,cluster_id,curvature,x,y,z,average_potential
0,1,10.92,33.55617521367522,2.0459594017094016,19.452707264957265,-22.753222863247863
1,2,-14.46,30.97458292682927,-3.6273,12.871595121951218,-10.994858048780486
2,3,19.02,32.52973161764706,3.664705882352941,4.670724264705882,-28.216868382352942
3,4,7.26,25.5154422310757,2.4488366533864543,7.929043824701195,-19.32619282868526
4,5,18.48,27.58894205298013,13.629049668874172,3.8227119205298017,-25.46358940397351
5,6,12.04,31.345734584450398,20.16815013404826,8.2881581769437,-25.063638069705096
6,7,19.52,35.11933952254641,10.95223872679045,1.2276233421750664,-20.30442572944297
7,8,13.92,39.00945868945869,9.940304843304844,6.640709401709402,-24.788831623931625
8,9,18.92,43.39451428571428,7.133848571428571,12.173577142857145,-16.570987428571428
9,10,25.26,38.337611111111116,1.8688531746031747,10.9993373015873,-22.333205555555555
10,11,13.95,31.77484577114428,10.258781094527363,27.770597014925375,-19.017972636815923
11,12,17.65,29.895120147874305,18.329369685767094,28.483872458410353,-17.435534750462107
12,13,25.86,40.32706666666666,14.131548717948718,15.171343589743591,-25.766672307692314
13,14,-16.75,37.30133333333333,19.754401433691758,12.76141577060932,-23.630819713261648
14,15,15.72,38.26039569892473,19.869163440860216,21.310238709677417,-19.30206559139785
15,16,-17.07,38.0660640569395,12.397188612099644,25.51288256227758,-18.64951708185053
16,17,-2.1,37.870000000000005,8.935114285714286,20.869918367346944,-27.890216326530613
17,18,21.11,18.421533724340176,16.84000879765396,17.554703812316717,-23.118135483870965
18,19,15.7,21.660730627306275,17.102734317343174,10.359774907749077,-23.805748339483394
19,20,20.18,23.226961352657003,20.971719806763282,21.65595169082125,-24.142685748792267
20,21,7.9,28.99003448275862,21.539721003134797,17.93700626959248,-37.969187774294674
21,22,13.74,18.723357400722023,8.655223826714803,21.880079422382668,-22.31066570397112
22,23,17.83,23.955551876379694,7.409907284768212,25.781576158940396,-20.098737969094923
23,24,5.89,22.060318584070796,1.0348495575221237,15.939005899705013,-18.430858112094395
24,25,17.5,18.420201133144477,6.815036827195469,8.029637393767706,-15.450869121813033
25,26,16.32,15.886117478510029,8.641472779369627,14.30665042979943,-16.21563954154728
