,cluster_id,curvature,x,y,z,average_potential
0,1,-17.69,23.7444,16.748180645161288,-14.609251612903227,-14.350756774193547
1,2,15.66,17.9994701897019,15.483487804878047,-18.483684281842816,-9.578448373983742
2,3,21.46,21.130533707865165,15.300769662921347,-0.9986741573033708,-13.66798764044944
3,4,11.85,22.465365344467642,12.359425887265136,-6.069162839248434,-13.942324425887266
4,5,13.49,13.639142857142856,10.764093506493506,-5.579496103896105,-11.839547012987012
5,6,12.6,15.470988416988417,13.569606177606177,-13.396629343629343,-11.495266023166023
6,7,15.08,19.884317258883243,13.384515228426395,-10.166908629441624,-14.555146192893401
7,8,12.37,14.118083164300202,4.9200669371196755,22.631131845841786,-15.1402845841785
8,9,7.63,20.462225872689938,8.573098562628337,23.822673511293633,-13.731974948665297
9,10,9.94,14.007966777408642,10.107704318936877,29.236845514950165,-14.243989534883717
10,11,16.76,19.321463601532567,5.29164367816092,32.15969348659004,-9.310585823754788
11,12,14.83,12.569651465798046,2.1843517915309447,32.93182410423453,-9.527623941368077
12,13,12.85,19.275447409733122,7.1923673469387746,13.598248037676607,-14.873378963893249
13,14,24.63,13.372897297297296,15.444567567567567,10.31415135135135,-9.140841621621622
14,15,12.23,15.476385416666668,12.413359374999999,16.146260416666667,-15.923108072916667
15,16,20.18,22.732574948665295,13.051041067761807,8.32624229979466,-13.329459753593428
16,17,21.92,14.893145098039216,12.447111764705882,3.7099313725490197,-15.454039215686274
17,18,20.8,19.390847402597405,5.221850649350649,7.156801948051949,-13.046988636363636
18,19,23.61,19.779241228070173,8.187355263157896,1.123,-15.296587719298245
