,cluster_id,curvature,x,y,z,average_potential
0,1,-13.52,-1.8803004291845493,5.512248927038626,-4.892480686695278,-27.704139484978544
1,2,14.51,-7.557362416107382,2.17779418344519,-2.383217002237137,-22.58182281879195
2,3,20.38,-10.662041484716157,-5.317310043668122,-5.878895196506551,-16.265277947598253
3,4,5.47,-5.684165116279069,-4.948376744186046,2.4824418604651157,-22.13491069767442
4,5,19.0,-3.6586755646817246,-12.073587268993839,-7.833496919917864,-25.638170636550303
5,6,15.4,-0.29742028985507246,-4.80699585921325,-14.661002070393375,-22.257777432712214
6,7,-3.92,1.0569098360655738,3.9531393442622953,-10.55770081967213,-28.73813975409836
7,8,23.34,-4.962763157894736,1.2323684210526316,-12.438881578947367,-22.583851754385964
8,9,15.26,11.467735849056606,-0.5012767295597483,-10.838932914046122,-29.04143605870021
9,10,16.77,8.880901081916537,-10.287676970633694,-12.845593508500773,-23.80089799072643
10,11,-16.11,7.022182017543859,-6.874912280701754,7.8197368421052635,-30.088653728070177
11,12,15.01,5.11287323943662,-12.665870892018779,2.0453075117370894,-21.605309859154932
12,13,22.47,13.092399408284024,-8.389103550295857,-2.3786923076923077,-31.57746893491124
13,14,22.92,8.119160655737705,-14.393501639344262,-6.982731147540984,-21.16326131147541
14,15,22.58,2.5198248407643313,-13.949522292993633,-3.158812101910828,-29.166563694267513
15,16,-14.73,25.159203791469192,2.245654028436019,9.73817298578199,-8.950370142180095
16,17,20.58,22.899011627906976,1.209139534883721,2.142794573643411,-15.11747596899225
17,18,13.44,17.702372750642674,-0.12500000000000003,-1.268133676092545,-27.80470077120823
18,19,-8.94,14.090171597633134,-5.608479289940828,5.327538461538461,-21.116349112426036
19,20,-13.45,18.468599502487564,-1.3785572139303481,8.686101990049751,-16.644818656716417
20,21,-7.75,-0.004000000000000006,5.6530564102564105,5.723230769230769,-20.96521
21,22,21.12,5.391781065088757,-1.3241183431952661,12.916760355029584,-16.406357100591716
22,23,10.7,-0.33305291005290993,-3.690791005291006,10.300328042328042,-16.328479894179893
23,24,-11.06,8.37174336283186,1.165882005899705,7.003988200589972,-29.04654424778761
24,25,-1.47,12.26167175572519,6.608286259541985,4.477610687022901,-21.819767938931296
25,26,-2.12,6.560003174603174,7.181301587301586,-7.19296507936508,-28.42168634920635
26,27,24.44,3.899072398190045,9.9920407239819,0.5948823529411764,-24.21529547511312
27,28,13.46,12.63035026737968,7.232275401069519,-2.756382352941176,-20.524818983957218
