,cluster_id,curvature,x,y,z,average_potential
0,1,15.85,42.768679452054805,15.273827397260275,3.379723287671233,-8.77186602739726
1,2,9.72,39.4587895652174,16.56799652173913,-3.986900869565217,-12.938136173913042
2,3,14.94,45.816177734375,17.306541015625,-8.490455078124999,-11.482267578125
3,4,13.81,49.945865921787714,15.30691843575419,-1.150641340782123,-8.682242681564246
4,5,22.26,34.801132196162044,17.867773987206824,1.513221748400853,-10.39922196162047
5,6,21.83,31.883463878327,12.825015209125477,-2.6612357414448664,-7.547358935361218
6,7,19.02,28.439863247863247,16.929450854700853,2.814337606837607,-9.925531623931624
7,8,13.7,22.21780875912409,23.638604379562043,6.431141605839416,-9.465066715328467
8,9,-12.33,25.607071969696968,18.13687121212121,-4.325507575757577,-10.335840909090908
9,10,13.27,21.42189881956155,19.464826306913995,1.0820590219224282,-9.543173355817876
