,cluster_id,curvature,x,y,z,average_potential
0,1,14.84,-9.286751054852319,-16.953103375527427,7.739869198312236,-14.264454641350211
1,2,12.91,-15.545491315136477,-19.985682382133998,10.758888337468983,-12.42351488833747
2,3,12.44,-11.236082995951417,-18.94563967611336,14.780131578947369,-16.534802834008097
3,4,12.48,-17.82920320855615,-12.796156862745098,7.869718360071301,-11.27314688057041
4,5,17.41,-15.686074074074073,-15.460476190476191,1.5909259259259259,-7.649142328042328
5,6,13.91,-20.979956953642386,-19.95332284768212,2.378776490066225,-10.45417831125828
6,7,19.62,-7.3144353448275865,-24.50372844827586,14.887062499999999,-15.594533189655174
7,8,15.11,-7.093970501474925,-28.24271681415929,22.842395280235987,-19.767161061946904
8,9,18.2,-1.3572693602693604,-22.230979797979796,18.826659932659933,-13.916171043771046
9,10,18.22,-7.324584288052373,-18.583903436988543,22.408297872340427,-16.259352373158755
10,11,15.9,-3.8208037225042304,-27.30981049069374,31.95604568527919,-13.985704906937393
11,12,10.56,0.4615235920852362,-24.368840182648402,28.01210654490107,-14.807479147640793
12,13,17.08,-3.8247974025974028,-19.357612987012985,38.208254545454544,-13.780527792207792
13,14,11.65,-8.194477958236659,-15.261220417633412,36.7179385150812,-10.999652320185616
