,cluster_id,curvature,x,y,z,average_potential
0,1,13.96,-13.87270112781955,56.12475563909774,-1.8812067669172934,-17.391263533834586
1,2,19.24,-16.856927855711422,55.534659318637274,3.8848537074148295,-11.750226853707414
2,3,13.33,-16.158417362270452,46.874552587646086,0.19147746243739555,-17.447372287145242
3,4,-12.06,-13.87879373368146,47.73278067885117,-8.127146214099216,-15.759862924281984
4,5,14.91,-12.524701666666667,42.168245,-2.6809933333333333,-13.574900000000001
5,6,13.5,-11.383443896424168,39.551061652281135,-20.09249568434032,-13.935745376078916
6,7,14.56,-8.57537777777778,50.65014999999999,-13.391327777777779,-15.763678888888888
7,8,17.91,-7.764280645161289,52.73411290322581,-6.814654838709676,-17.0607335483871
8,9,20.24,-11.481895833333333,38.911770833333335,-10.032370833333335,-15.394652916666667
9,10,13.93,-8.078000000000001,42.651528925619836,-14.380617079889806,-19.96276033057851
10,11,11.65,-1.805759574468085,47.3124085106383,-11.737668085106382,-15.220877021276596
11,12,14.26,-2.118625514403292,41.80915432098765,-9.703141975308643,-12.434556790123457
12,13,13.5,-10.296752704791345,75.0107403400309,-5.018964451313757,-7.115806646058733
13,14,16.97,-2.9493181818181813,67.95755681818181,-5.967195454545454,-9.993600227272728
14,15,17.16,-9.782439024390243,59.870585365853664,-4.655941463414634,-11.818321463414632
15,16,16.54,-8.468985530546622,64.42869774919613,-7.440765273311897,-8.938601607717041
16,17,16.76,-33.54263585434174,71.55150980392158,6.982137254901961,-6.95076050420168
17,18,-12.34,-30.963678714859437,73.3772670682731,1.4123453815261042,-7.603685341365462
18,19,15.69,-25.99426174496644,78.45057941834452,1.8160447427293063,-6.894355257270693
19,20,16.78,-14.011342105263157,80.73717105263158,-3.357517543859649,-6.995233333333333
20,21,12.7,-20.163647749510762,81.18131702544031,-1.499569471624266,-11.899743052837575
