,cluster_id,curvature,x,y,z,average_potential
0,1,13.26,-29.405591549295774,35.15709507042254,8.986265845070424,-7.618371654929577
1,2,15.66,-27.151925000000002,28.505211538461538,12.48141153846154,-11.183355576923077
2,3,24.47,-16.290527272727275,10.644945454545455,28.56116727272727,-12.394619636363638
3,4,11.35,-15.233340770791076,12.242068965517241,22.227296146044626,-16.567306085192698
4,5,14.17,-17.622895000000003,3.8276866666666667,19.958178333333333,-14.311694333333332
5,6,17.78,-21.88057356076759,4.980982942430704,25.735234541577828,-11.856122814498933
6,7,21.5,-27.52656395348837,14.419238372093023,19.322264534883722,-14.858537209302325
7,8,-3.54,-19.008029069767442,17.934482558139536,23.309505813953486,-28.09861220930233
8,9,14.68,-22.92596446700508,20.676076142131983,17.362997461928934,-18.70460736040609
9,10,-14.17,-30.005160211267608,24.184723591549297,19.314149647887326,-20.865794366197182
10,11,15.78,-23.876923076923074,27.122678062678066,22.97525356125356,-27.314421794871794
11,12,20.0,-18.13921649484536,20.014356701030927,31.780393814432987,-16.491418762886596
12,13,23.69,-27.98722491349481,18.74706574394464,36.435681660899654,-15.92807508650519
13,14,15.04,-23.94131632653061,25.981054421768707,32.579874149659865,-20.74566768707483
14,15,14.38,-34.120722789115646,20.40440476190476,28.100457482993203,-15.274230272108843
15,16,-21.14,-23.693598360655738,13.850327868852458,30.7650368852459,-32.73887868852459
16,17,8.39,-29.890639455782313,14.134887755102042,28.31673129251701,-21.134178571428574
