,cluster_id,curvature,x,y,z,average_potential
0,1,20.72,-17.690532133676093,15.558231362467867,16.699159383033418,-8.75288791773779
1,2,15.29,-24.20892253521127,11.60444190140845,17.395086267605635,-11.996795422535211
2,3,14.06,-23.429082278481008,17.318278481012662,20.965240506329117,-11.512400421940928
3,4,20.54,-33.68064098360656,18.37283606557377,17.163081967213113,-15.337597049180328
4,5,23.79,-38.9361536231884,30.910495652173918,20.822524637681163,-7.305654492753623
5,6,20.29,-40.85535806451613,24.939496774193547,26.43075806451613,-6.4560461290322575
6,7,19.51,-38.38141791044776,19.459937810945274,21.853004975124378,-11.894622885572138
7,8,19.09,-32.71089037433155,26.563427807486637,26.631783422459893,-8.287297593582887
8,9,14.91,-30.929503875968997,25.147917829457363,20.930982945736435,-13.520800930232559
