,cluster_id,curvature,x,y,z,average_potential
0,1,-11.23,-7.4681072607260734,-21.690696369636964,-25.708503300330033,-8.848974587458747
1,2,16.4,0.5483743589743588,-19.774002564102563,-25.076641025641024,-11.261551282051283
2,3,15.97,-1.8716018518518516,-20.762611111111113,-18.635293981481478,-15.995271527777778
3,4,13.66,-8.173780701754385,-18.276885964912278,-17.4098567251462,-13.353592105263157
4,5,19.39,-8.387923232323232,-11.57857777777778,-14.88030505050505,-14.06858707070707
5,6,16.27,-5.704522981366459,-12.424014906832298,-25.057790062111803,-15.883610931677017
6,7,25.83,-10.807539534883722,-8.023037209302325,-29.897362790697677,-17.296949302325583
7,8,10.8,-6.156338491295938,-4.925361702127659,-24.642295938104446,-12.018308510638299
8,9,18.62,-15.098307881773398,3.9320246305418722,-26.708261083743842,-8.228209852216748
9,10,16.21,-9.4027,-0.21110151515151523,-30.071657575757577,-13.199594848484848
10,11,14.1,-14.064210674157305,-3.118738764044944,-12.010154494382022,-6.2464058988764055
11,12,18.88,-14.632244210526316,-8.984966315789475,-15.535760000000002,-14.357412
12,13,13.78,-20.277856164383564,-0.5103698630136987,-13.399041095890409,-6.930105936073059
13,14,15.68,-25.618658783783783,3.648711148648649,-13.148574324324324,-5.38120793918919
