,cluster_id,curvature,x,y,z,average_potential
0,1,20.14,19.095143333333333,54.15552999999999,15.862616666666666,2.530045
1,2,15.39,14.119865598027125,57.84604685573366,14.585448828606657,-0.2283956843403206
2,3,11.59,11.77793736017897,49.01358836689038,17.518635346756152,1.0913131991051455
3,4,10.93,7.404777777777778,55.50023520923521,13.803396825396824,1.3211356421356422
4,5,16.11,-10.750162929745889,44.35067563527653,35.00277130044843,-1.791906576980568
5,6,12.56,-3.8476049250535334,46.311330835117765,35.36470021413276,-2.3641662740899356
6,7,16.2,4.014587771203156,48.42355818540434,31.78158974358974,-4.30542741617357
7,8,7.9,0.22888863636363632,45.15375454545455,29.564813636363635,-2.934008181818182
8,9,18.73,0.4078287937743191,52.314622568093384,26.682737354085603,-0.614088326848249
9,10,18.73,5.571315422885573,50.3543432835821,22.04541592039801,-1.4848178109452737
