,cluster_id,curvature,x,y,z,average_potential
0,1,-10.8,8.067460580912861,-47.93853941908714,11.281560165975103,-13.985246473029047
1,2,17.83,7.6981052631578955,-41.59551315789474,9.250265037593984,-16.783376315789475
2,3,13.28,14.998227748691098,-47.54225392670156,7.88455497382199,-15.373982984293196
3,4,-13.8,13.165042718446601,-43.30385825242718,12.736071844660193,-17.634792427184465
4,5,10.45,15.29568703108253,-31.573712754555196,16.298199356913184,-16.887870096463022
5,6,15.97,20.49615945330296,-26.73309567198178,11.96999088838269,-10.421310933940774
6,7,18.4,24.428223880597013,-31.8035223880597,11.580459701492538,-19.816837014925373
7,8,13.15,30.128947154471547,-38.38829132791327,10.64279403794038,-11.115531300813007
8,9,13.35,23.00221059782609,-46.287634510869566,11.017270380434782,-13.375520923913044
9,10,-14.81,18.43995145631068,-38.91510922330097,15.19806796116505,-21.953673300970877
10,11,14.38,25.115501805054155,-37.90485198555957,17.43632490974729,-13.820545848375453
11,12,16.88,0.27605853658536583,-43.93384878048781,12.67559024390244,-16.39254048780488
12,13,10.13,2.3901839999999996,-45.196812,4.34771,-12.8703086
13,14,18.85,-2.089772435897436,-37.125884615384614,7.058278846153846,-16.288845192307694
14,15,16.33,-4.613492346938775,-45.502890306122445,8.492206632653064,-16.961818877551018
15,16,13.56,-8.225137184115523,-40.77359566787003,8.100644404332131,-12.056778700361011
16,17,16.98,-15.712697286012526,-43.69956158663882,2.451964509394572,-9.675187473903968
17,18,16.31,-14.843853293413172,-38.714485029940114,9.544694610778443,-14.965468862275449
18,19,-17.5,-13.993720000000001,-35.54812,2.9846266666666663,-14.8119592
19,20,14.66,-21.328630841121495,-36.096207943925236,0.08992757009345793,-15.75572523364486
20,21,18.35,-26.774773333333336,-35.08007466666667,4.5136346666666665,-8.354735466666666
21,22,17.47,-29.24821755027422,-39.090846435100545,-0.5057385740402194,-11.974766544789762
22,23,12.15,-22.23641244239631,-40.07017511520737,6.131483870967743,-13.218325576036866
