,cluster_id,curvature,x,y,z,average_potential
0,1,17.46,-18.119673410404626,106.1206098265896,27.664575144508667,-10.410550578034682
1,2,13.57,-12.023537918871252,102.66257142857143,27.232992945326277,-18.051602998236334
2,3,14.9,-11.096172506738545,109.49407412398922,30.036564690026957,-10.609682345013477
3,4,14.82,3.402856301531213,101.57273262661955,37.52683038869258,-12.41099116607774
4,5,14.59,-2.644762264150944,99.44602075471698,27.725364150943395,-11.450606603773585
5,6,14.28,0.5104217877094972,102.29634078212291,32.06498603351955,-9.95399469273743
6,7,18.02,-4.123555309734512,105.50125442477876,33.55561504424779,-12.202716814159293
