,cluster_id,curvature,x,y,z,average_potential
0,1,19.23,-5.6461491002570705,11.059799485861182,-27.48882776349614,2.273447043701799
1,2,12.86,-11.622363134657837,10.953256070640178,-24.440311258278143,-1.056996136865342
2,3,-11.11,-4.844748191027496,16.666816208393634,-20.573978292329954,0.878163531114327
3,4,-11.87,-11.259609147609146,17.325112266112267,-16.97354261954262,3.8957455301455304
4,5,12.38,14.182980662983423,14.304040055248619,-6.4892651933701675,4.047611602209945
5,6,18.28,3.4588489583333333,13.923027777777778,-4.351444444444444,4.213100000000001
6,7,16.43,7.961767764298094,17.97832062391681,-2.3364471403812828,3.0701455805892546
7,8,-5.79,8.620938744257273,22.71960490045942,-7.988470137825421,2.8026977029096476
8,9,19.89,9.35574193548387,18.009075268817206,-12.960383512544803,-0.9034551971326166
9,10,22.87,3.6665725938009786,18.71005872756933,-13.464230016313214,-0.12078890701468184
