,cluster_id,curvature,x,y,z,average_potential
0,1,12.25,27.272216400911162,-1.487850797266515,12.874419134396357,-9.859102733485193
1,2,22.42,23.79131707317073,8.516841463414636,15.627565040650406,-5.946548780487805
2,3,12.44,31.388801694915262,4.470249152542373,5.982383050847457,-11.707717627118644
3,4,11.72,31.853456241032994,6.61890530846485,13.853550932568147,-10.184152223816357
4,5,15.35,26.149323529411763,23.160620098039214,-3.718531862745098,-9.397655637254902
5,6,11.64,21.285722857142858,21.070087142857144,-6.747167142857142,-7.040251571428571
6,7,-12.28,29.03571906354515,23.643025083612045,3.1199765886287625,-6.4418409698996655
7,8,26.24,31.663682634730538,11.073640718562872,3.119586826347305,-8.366502395209581
8,9,-12.88,28.59617364341085,17.06154418604651,-0.8471782945736435,-7.978437674418605
