,cluster_id,curvature,x,y,z,average_potential
0,1,15.28,20.07016402116402,-22.373052910052913,1.7539365079365081,-6.6802605820105825
1,2,16.14,30.803272727272734,-25.560632323232323,-2.6951878787878787,-6.526893535353535
2,3,10.97,28.74082477678572,-18.73789955357143,0.8899709821428571,-8.903028348214287
3,4,19.99,30.628178625954202,-7.515635114503817,-4.7854427480916035,-10.74762427480916
4,5,16.88,28.119654867256635,2.7718163716814157,-15.3968296460177,-8.586839380530973
5,6,14.61,26.117716446124767,-0.46713799621928176,-9.669841209829867,-10.86982551984877
6,7,22.82,23.05947727272728,-7.71869090909091,-15.787363636363635,-5.133841818181818
7,8,16.04,32.03828439153439,-5.96865873015873,-14.00855687830688,-9.27186917989418
