,cluster_id,curvature,x,y,z,average_potential
0,1,-22.43,74.08492462311558,-47.98001005025126,62.98349748743719,-27.98375376884422
1,2,15.82,72.1412576112412,-42.505168618266985,64.72240281030444,-17.675202341920375
2,3,14.18,70.08383303411131,-37.14564631956912,60.3285763016158,-17.25459497307002
3,4,19.83,61.36376923076923,-38.30414918414918,58.77172027972028,-13.012237762237762
4,5,16.42,63.62648504273504,-43.28465170940171,59.52328205128205,-25.98277094017094
5,6,-10.83,73.001091160221,-57.03760220994475,59.708524861878445,-27.151100276243096
6,7,-0.4,66.36904301075269,-56.05667204301075,55.09362903225807,-31.30271129032258
7,8,-9.37,66.97563157894737,-52.41692543859649,61.775083333333335,-18.75304649122807
8,9,5.36,60.38036865342164,-51.25816997792494,58.00554525386313,-12.83876578366446
9,10,-16.65,69.59879901960784,-45.814759803921575,49.74234068627451,-38.48234460784314
10,11,16.99,63.11067063492063,-52.26678968253968,48.91080952380952,-18.95498234126984
11,12,14.26,68.01177232142857,-50.34651339285715,39.755453124999995,-11.573112946428571
12,13,18.36,74.23296335078534,-52.98167539267015,39.54698429319372,-23.727512303664923
13,14,16.91,85.11189119170984,-48.527305699481865,46.441422279792754,-16.30648549222798
14,15,18.23,81.51557918552035,-47.32379638009049,39.423638009049775,-16.02066153846154
15,16,7.47,76.13456422018348,-43.4178990825688,43.01136697247706,-20.585448623853207
16,17,15.14,82.33824539877301,-59.971263803680976,49.27098773006135,-13.707885276073618
17,18,19.84,81.09295698924731,-56.423496774193545,42.13035913978495,-27.54576258064516
18,19,16.08,74.04074347826088,-61.01159130434783,53.05578695652174,-18.647968260869565
19,20,9.22,71.071084057971,-59.11985507246377,46.629814492753624,-22.424249275362317
20,21,-0.74,81.8368878504673,-42.89507009345794,51.361906542056076,-23.12913878504673
21,22,18.69,75.37035947712418,-38.24827777777778,49.62349346405228,-17.987866013071898
22,23,-2.21,78.64320973782772,-38.64785767790263,56.21979026217229,-18.38828838951311
23,24,11.19,81.97917572463768,-57.44154347826086,57.353414855072465,-19.60026847826087
24,25,13.25,86.00729301075268,-49.49946505376344,55.76879032258064,-19.651616935483872
25,26,-0.32,81.30981615598886,-47.870403899721445,61.590011142061286,-19.3191495821727
