,cluster_id,curvature,x,y,z,average_potential
0,1,-9.2,7.788874820143885,-12.043471942446043,2.196303597122302,-16.61339237410072
1,2,-7.07,2.2786270270270266,-8.361332432432434,6.835018918918919,-13.810721891891891
2,3,14.92,2.7008721973094176,-6.106798206278027,1.513486547085202,-14.116640358744394
3,4,14.2,-0.7480174825174825,-3.0461538461538464,-12.904823426573428,-14.249172202797203
4,5,13.56,7.882555075593953,-8.083678185745141,-5.188481641468682,-13.783798272138228
5,6,11.59,1.9951744680851062,-4.514924822695035,-6.910130496453901,-18.42543929078014
6,7,6.8,26.877596566523604,-29.864939914163095,30.315201716738198,-21.015905150214593
7,8,14.99,27.03194540942928,-30.4120794044665,37.69907692307692,-15.537866253101736
8,9,11.16,22.469777351247604,-34.00628023032629,33.93309021113244,-18.068595009596926
9,10,17.15,33.37148407643312,-40.52587685774947,44.206290870488324,-10.035459447983015
10,11,13.91,26.053548644338118,-40.47532057416267,40.35526156299841,-12.126238118022329
11,12,-11.46,31.7623472,-38.3238576,34.3886192,-12.368424479999998
12,13,21.25,12.269548262548263,-20.65192277992278,26.52557915057915,-15.251875289575286
13,14,18.44,13.507480459770116,-27.511717241379316,25.13542068965517,-11.76301103448276
14,15,16.63,17.993862790697673,-31.96343023255814,28.002746511627908,-17.372976511627908
15,16,12.44,21.256494239631333,-23.69739055299539,30.51328110599078,-14.283650460829493
16,17,15.02,9.904887931034484,-13.282730603448275,16.418461206896552,-19.978734482758618
17,18,17.27,4.167246794871795,-15.268528846153846,11.00163141025641,-19.454891666666665
18,19,-15.25,8.257303303303303,-8.242570570570571,13.17293993993994,-12.45426066066066
19,20,15.59,11.67026966292135,-13.05832958801498,8.871752808988765,-15.81481647940075
20,21,18.59,14.690880272108842,-19.287730612244896,13.493005442176871,-16.16049755102041
21,22,-11.98,15.621641221374047,-15.894178117048346,23.87092366412214,-11.191409923664121
22,23,19.38,13.106767891682786,-22.062673114119924,20.36111025145068,-17.028788781431334
