,cluster_id,curvature,x,y,z,average_potential
0,1,16.95,48.62241131105398,-29.072249357326477,37.27120051413882,-15.545892802056557
1,2,16.37,42.769027241770715,-30.12828717366629,41.6203314415437,-9.742243246311011
2,3,17.47,44.85004545454545,-38.75257121212121,55.52337121212122,-10.240644848484848
3,4,14.86,47.16559925093633,-31.419780898876404,49.197820224719095,-13.340272284644195
4,5,13.23,44.890727822580644,-39.83839717741936,47.371076612903224,-11.624965725806453
5,6,-13.64,39.85444964871194,-34.287697892271666,48.76573770491804,-14.737559953161593
6,7,13.39,38.544466101694915,-20.42695480225989,18.08156779661017,-6.323607485875707
7,8,14.84,47.86553636363637,-33.64859494949495,31.466547474747475,-10.255294343434342
8,9,-17.09,40.94877289377289,-25.577168498168497,22.37141758241758,-10.31509706959707
9,10,13.89,45.96169795918367,-29.835634693877548,22.78551020408163,-8.760328775510203
