,cluster_id,curvature,x,y,z,average_potential
0,1,21.96,28.540033018867923,-35.27516509433962,13.88872641509434,-0.8249849056603773
1,2,23.05,36.52086404833837,-29.30383987915408,10.40725075528701,-1.3913166163141995
2,3,17.47,34.778701886792454,-36.21072452830189,11.331701886792452,-4.325467547169811
3,4,28.45,37.94577160493827,-38.208395061728396,4.828996913580247,0.9399046296296295
4,5,16.45,43.862863372093024,-34.86487209302325,10.58423546511628,-0.16817441860465118
5,6,19.46,33.94044418604651,-29.72203720930233,2.9026441860465115,-2.7720555813953487
6,7,18.77,41.46465058670143,-29.096735332464146,5.248461538461538,2.3959564537157756
7,8,12.61,56.69574560669456,-45.74596569037657,5.709661087866109,-1.1708616736401676
8,9,18.53,43.40501652892562,-40.20456887052342,1.0854958677685949,1.361645179063361
9,10,19.6,49.31709509202454,-34.940539877300616,3.2693098159509204,0.9347920245398774
10,11,17.65,50.17049935815148,-40.6259242618742,5.898987163029525,-0.36013401797175865
