,cluster_id,curvature,x,y,z,average_potential
0,1,14.72,-2.7460650406504064,36.42788008130081,-16.237981707317072,-8.768586991869919
1,2,16.37,2.0461690544412607,31.090584527220628,-17.041879656160457,-12.140472492836677
2,3,17.9,7.0858123752495015,26.022640718562876,-17.88212375249501,-13.842003992015968
3,4,19.93,8.865192248062016,17.690311627906976,-20.044317829457366,-8.841955968992247
4,5,16.59,8.372233944954129,4.862330275229359,-32.505229357798164,-7.193351834862385
5,6,13.79,8.811654205607477,9.663803738317757,-23.673214953271028,-8.848842289719627
6,7,10.54,7.230529622980251,4.214096947935368,-22.28870556552962,-6.541294614003591
