,cluster_id,curvature,x,y,z,average_potential
0,1,-14.25,32.60997513321492,-7.301415630550622,6.040092362344583,-1.168877975133215
1,2,17.21,37.51609390862944,-13.16384771573604,10.753746192893402,-1.557550507614213
2,3,15.85,38.23940703517588,-6.6927788944723625,13.039118927973199,-0.3696788944723618
3,4,13.76,27.464862288135592,-9.335919491525424,14.97986440677966,-2.209955720338983
4,5,17.71,23.45312788906009,-2.0925593220338983,15.111445300462249,-3.3789406779661015
5,6,7.91,25.949732258064518,1.929183870967742,4.496522580645161,-2.2247887096774193
6,7,18.58,22.363412868632707,-5.595006702412869,6.584184986595174,-5.0792193029490615
7,8,16.28,25.278694505494506,15.42921098901099,6.018074725274726,-7.4133494505494495
8,9,23.46,25.18366435986159,13.130567474048444,15.827743944636675,-1.7024176470588235
9,10,20.96,33.95613315926893,9.387895561357704,17.476738903394253,1.9180174934725847
10,11,-2.54,22.30377083333333,5.750880208333332,10.280484374999999,-1.7582127604166669
11,12,19.19,22.70957219251337,7.392433155080213,19.40712834224599,-4.8004509803921565
12,13,22.69,38.33032452830189,3.5382075471698107,15.96293962264151,-1.5216701886792454
13,14,15.15,39.802582056892774,0.4048840262582058,11.22401750547046,-2.397268927789934
14,15,-3.14,31.980149171270714,-2.3706906077348067,15.909674033149173,0.2922812154696132
15,16,17.19,30.927055876685934,2.731974951830443,21.141946050096344,-3.574013294797688
16,17,-1.52,34.56493805309735,4.823811946902654,3.7626969026548673,-1.8468307522123895
17,18,12.75,27.525592326139087,6.943155875299761,1.6985011990407672,-8.143166187050358
18,19,15.73,39.492499392466584,11.654855407047387,7.04377035236938,-1.0414408262454433
19,20,13.08,31.46126959247649,13.936329153605017,8.657423197492163,-1.8793482758620688
20,21,11.49,34.29831393568147,11.480267993874426,11.931880551301687,-0.9614
