,cluster_id,curvature,x,y,z,average_potential
0,1,16.34,53.11528378378379,77.53182732732732,15.488773273273273,-1.0784462462462463
1,2,-10.69,47.07756873822976,73.66868173258004,14.275202448210925,0.19769613935969868
2,3,15.2,43.22116380655226,72.04234789391575,21.469073322932918,-4.774870982839314
3,4,10.26,49.312017681728875,67.0607111984283,16.937276031434184,-0.5368692534381139
4,5,-12.28,30.26431362889983,49.93076847290641,25.56469129720854,-2.0467522167487684
5,6,14.44,32.65359724612737,45.96235972461274,22.16198795180723,-5.855879518072289
6,7,-11.48,26.379278625954196,44.365667938931296,19.3050858778626,-3.7445755725190835
7,8,15.83,28.776989090909094,37.88369818181818,20.937465454545453,-0.5138901818181818
8,9,11.51,25.180780357142858,40.19237678571429,25.710321428571426,-4.46721357142857
9,10,19.16,36.005131894484414,52.434129496402875,30.461952038369304,-1.2078287769784173
10,11,15.59,37.174938131313134,59.19783585858586,26.294609848484846,-1.5602613636363634
11,12,17.95,40.53990965732088,66.94294392523364,24.25801246105919,-1.501063551401869
12,13,18.36,41.61831368421053,63.26930736842106,29.575555789473682,1.057097894736842
13,14,17.72,40.95697017045455,62.13829261363637,16.312015625,-0.9351259943181819
14,15,19.15,32.236719008264465,56.44323140495869,18.93546694214876,-1.941388429752066
15,16,20.32,38.79010832232497,54.90735270805813,20.597089828269485,-1.6063575957727874
