,cluster_id,curvature,x,y,z,average_potential
0,1,17.25,22.77432310177706,3.051533117932149,47.584111470113086,-11.367207431340873
1,2,13.04,16.512664948453608,-3.161730240549828,44.881470790378,-8.61882474226804
2,3,22.81,21.46915577889447,9.182035175879397,34.506994974874374,-10.811501005025125
3,4,20.44,21.438735294117645,5.409525210084034,40.06327100840337,-13.54437100840336
4,5,20.74,17.89083988764045,-0.2369016853932584,34.52744943820225,-14.17646882022472
5,6,-16.26,25.954458666666667,0.3633546666666666,35.350919999999995,-11.4582976
6,7,-18.22,23.566105000000004,-2.251465,40.051275,-10.1462085
7,8,21.2,19.082617647058825,25.42410924369748,26.451974789915965,-5.764119327731093
8,9,15.26,19.38034334763948,20.255139484978542,30.805027896995707,-12.93000364806867
9,10,15.77,21.153230654761906,3.4915,27.86200595238095,-13.77010892857143
10,11,20.01,23.56674590163934,15.586266393442624,30.338856557377053,-10.826699590163933
11,12,14.66,18.738297604035306,11.593353089533418,25.602368221941994,-11.308495838587643
