,cluster_id,curvature,x,y,z,average_potential
0,1,16.33,3.6457846153846156,47.08138632478633,0.734782905982906,-4.196103076923077
1,2,11.2,-2.0673470588235294,40.33637647058824,4.2473,-2.0545964705882356
2,3,16.88,-1.5910388059701495,40.95471343283582,-2.3904955223880595,-2.8116489552238804
3,4,17.72,5.672645,39.90004,8.151125,-1.9022820000000003
4,5,17.79,4.187968609865471,34.736995515695064,1.732946188340807,-2.9689650224215245
5,6,-4.61,13.078697459584294,41.41168129330254,6.428260969976905,-3.8073953810623555
6,7,16.75,13.713334459459459,38.122868243243246,0.4286368243243243,-2.2311657094594595
7,8,10.87,9.859436651583712,50.4566221719457,4.911298642533937,-3.436588914027149
8,9,16.27,12.199187285223367,48.601226804123705,-1.5232285223367699,-3.106367182130584
9,10,18.83,20.90954870775348,45.849610337972166,-0.02779324055666002,-1.0525121272365807
10,11,18.29,17.37485495283019,48.93870636792453,9.213904481132076,-1.0900873820754717
