,cluster_id,curvature,x,y,z,average_potential
0,1,15.74,-17.251627906976744,-9.727401162790697,3.6084631782945733,-9.992556007751938
1,2,16.79,-21.745184158415842,-6.150865346534653,-1.2070257425742574,-16.15837485148515
2,3,19.23,-24.52364945652174,-11.690597826086957,-7.302817934782609,-7.72249375
3,4,16.52,-21.58350462962963,-17.54883101851852,2.3142824074074073,-9.872460185185185
4,5,21.27,-14.951955782312925,-19.352846938775507,-0.770278911564626,-6.844696598639455
5,6,15.39,-18.098769679300293,-13.834396501457725,-3.509034985422741,-14.776957142857139
6,7,14.47,-36.796004658385094,3.7086692546583846,-1.7000652173913045,-8.7493149068323
7,8,18.95,-21.783022099447514,4.13974861878453,-3.881966850828729,-6.167591988950277
8,9,19.16,-27.79159682539683,-2.2053650793650794,-1.3151920634920635,-11.266874603174601
9,10,13.1,-28.661418767507005,4.827109243697478,0.8615238095238096,-10.428011764705882
