,cluster_id,curvature,x,y,z,average_potential
0,1,20.33,4.500850187265917,16.183438202247192,3.4764232209737824,-8.901816104868914
1,2,16.9,-2.317059782608695,11.498307065217393,2.4347309782608697,-12.247974728260868
2,3,18.97,0.8981451612903224,5.208329032258064,7.376096774193549,-9.43464870967742
3,4,17.18,1.1937254901960783,3.378582633053221,-0.860859943977591,-9.356656862745098
4,5,15.73,6.7934213836477975,8.62525786163522,0.2801928721174004,-11.672973584905662
5,6,22.72,4.39121451104101,-3.349006309148266,5.771914826498423,-9.32373974763407
6,7,14.41,8.292523041474654,2.4955921658986173,4.009721198156682,-21.329933179723504
7,8,17.03,1.836376984126984,-1.4483670634920636,13.212757936507936,-10.049426785714287
8,9,16.99,10.160291750503017,-2.4887766599597585,12.832816901408451,-12.31061046277666
9,10,12.56,2.0339188900747063,9.74396371398079,29.477383137673428,-7.3317051227321235
10,11,18.8,4.368631016042782,-1.0769919786096256,19.253056149732622,-12.088914438502671
11,12,16.04,5.723079086115993,2.784994727592267,24.184905096660806,-7.981394024604569
12,13,15.3,0.5887119437939111,25.2408243559719,9.678988290398125,-11.937481264637002
13,14,12.65,-2.398452423698384,20.02975763016158,6.204847396768401,-10.433461400359066
14,15,17.19,6.039717803030303,31.67653409090909,22.05709090909091,-8.722535984848484
15,16,11.42,5.868046546546546,29.075665165165166,14.5383993993994,-6.558507507507508
