,cluster_id,curvature,x,y,z,average_potential
0,1,14.06,29.272128544423442,39.40058790170132,13.50166918714556,-8.757244234404537
1,2,14.14,29.37577456647399,37.61416184971098,21.193776493256262,-10.763698458574181
2,3,13.79,24.7192371541502,25.79812648221344,33.121920948616605,-10.10853695652174
3,4,14.37,29.34835526315789,30.465614832535888,27.312431818181818,-8.452215550239234
4,5,14.57,15.437383680555557,21.344211805555556,2.9510190972222223,-5.862034027777778
5,6,-12.61,12.31489559164733,23.768883990719257,9.986563805104408,-7.19161252900232
6,7,15.63,8.384648953301127,23.068565217391303,14.73068115942029,-6.5090668276972625
7,8,18.09,28.14281267217631,41.498176308539946,5.720347107438016,-14.87962644628099
8,9,12.03,27.270226624405705,37.25419968304279,1.0514263074484946,-16.697180665610144
9,10,19.46,22.087347394540945,34.57856327543424,-2.745285359801489,-9.202526799007444
10,11,15.45,28.1624623655914,27.949959139784944,-0.8573763440860215,-13.412716774193548
11,12,11.74,21.49392572944297,27.33607161803713,0.6520185676392574,-11.477673342175068
