,cluster_id,curvature,x,y,z,average_potential
0,1,17.98,37.48845905172414,19.267303879310347,14.10542672413793,-14.379175862068964
1,2,11.66,32.21900906344411,15.523474320241693,13.676474320241693,-13.003291087613293
2,3,14.69,27.785964143426295,16.549195219123504,25.59816733067729,-17.48108764940239
3,4,12.08,26.02529215358932,11.119265442404007,26.022285475792987,-12.105394156928215
4,5,20.69,41.895692307692315,19.741031468531467,21.146318181818184,-15.595086363636364
5,6,17.08,40.04446583850932,18.465440993788825,28.360580745341615,-16.299040217391305
6,7,12.68,32.86279520697168,21.74660130718954,28.392145969498912,-12.245566884531591
7,8,-11.66,33.258357798165136,17.548628440366972,22.18344724770642,-13.469250917431193
8,9,17.29,25.24681012658228,12.892522151898733,15.448251582278479,-16.38459556962026
9,10,19.87,17.25825077399381,16.29728173374613,16.75979876160991,-14.872993808049536
10,11,15.39,19.070530844155844,17.99371590909091,10.344561688311689,-14.88120405844156
11,12,15.18,23.09907350096712,33.672595744680855,4.642603481624758,-7.465245647969051
12,13,-11.63,15.832018691588788,35.31659813084112,8.70073831775701,-7.813017383177569
13,14,-18.13,18.249329501915703,28.4539846743295,12.845911877394638,-13.08872030651341
14,15,14.29,16.07497703549061,24.639127348643004,6.202118997912318,-9.112858872651357
15,16,22.7,12.212773109243697,31.422021008403366,19.05302100840336,-8.362006302521008
16,17,-17.52,15.613976303317536,23.6560663507109,16.669047393364927,-11.999519905213269
17,18,20.28,10.356817589576547,27.290221498371334,13.044100977198697,-15.187391530944625
