,cluster_id,curvature,x,y,z,average_potential
0,1,-12.41,-6.901562347188263,-6.6336454767726165,-12.768391198044009,-9.567757212713936
1,2,10.15,-6.695641414141415,-2.859309764309764,-16.92094781144781,-13.402685521885521
2,3,16.26,-2.6559634551495015,1.7462890365448507,-18.15380066445183,-13.821451162790698
3,4,14.61,1.665976149914821,-4.839327086882453,-17.90119761499148,-7.055998126064736
4,5,12.19,-1.160537724550898,-11.003701796407187,-3.2461185628742517,-7.807250419161677
5,6,21.77,-6.705623728813559,-0.2861593220338983,-6.916135593220338,-10.536594237288137
6,7,21.31,-4.177853731343284,-1.408202985074627,-1.9202567164179105,-13.269090746268658
7,8,-12.05,-13.442538062283736,5.009129757785467,5.604271626297578,-12.157861764705881
8,9,14.47,-16.842838479809977,6.8947648456057005,12.660147268408553,-6.054270783847981
9,10,12.31,-20.960256488549618,7.476592366412214,6.754048854961831,-7.528892977099237
10,11,17.24,-13.53042209631728,-0.3707733711048159,12.553220963172805,-8.155190934844192
11,12,14.51,-8.163120481927711,-1.248328313253012,8.949084337349397,-11.952118072289155
12,13,20.35,-4.723266839378239,-9.849132124352332,7.282194300518135,-8.082944041450776
13,14,16.83,-6.706,-3.7021884669479603,2.327789029535865,-14.127774120956401
