,cluster_id,curvature,x,y,z,average_potential
0,1,-2.74,-4.035243243243243,28.033351351351353,64.47370810810811,-27.46922918918919
1,2,17.56,-6.825767156862744,36.20979166666667,65.38929656862744,-25.204567892156863
2,3,20.22,-1.6608257918552036,29.843545248868775,71.30935520361992,-30.169562443438913
3,4,17.17,-8.429596673596674,33.56467567567567,71.6365841995842,-14.84380665280665
4,5,14.29,1.713927536231884,38.69083389074694,68.36629431438128,-26.9056375696767
5,6,21.53,-5.184460410557184,39.14768035190616,56.95421994134896,-13.338336656891494
6,7,13.87,-2.6357710843373496,40.66551807228916,63.00806626506024,-16.118556024096385
7,8,16.34,-2.753028761061947,31.304592920353983,53.23856194690266,-18.756288938053096
8,9,22.3,2.711248484848485,26.92805454545455,55.854327272727275,-21.16616090909091
9,10,13.77,3.2427716535433064,34.70020669291339,54.69664566929134,-20.157730708661415
10,11,17.63,2.934955696202532,22.237265822784806,71.58482278481013,-16.86072088607595
11,12,-0.52,1.263214912280702,23.813741228070178,64.04676315789474,-27.7824100877193
12,13,15.08,5.887454225352112,16.104262323943665,65.64088908450704,-9.012404225352112
13,14,23.8,9.436106227106226,22.838384615384616,64.40201831501831,-25.75552967032967
14,15,12.4,7.1980987654321,36.66127160493827,61.2112037037037,-17.085941975308643
15,16,18.01,10.962920634920634,30.05988888888889,58.16316825396826,-16.60539587301587
16,17,18.3,6.404953271028036,28.965193146417445,72.10548909657321,-20.57326355140187
17,18,15.02,11.907863261943987,31.560502471169684,66.71223228995058,-29.72716309719934
