,cluster_id,curvature,x,y,z,average_potential
0,1,-14.91,-2.1114534412955464,-20.15343319838057,-6.636048582995951,-13.712355263157894
1,2,-13.79,-6.810655963302752,-24.78273394495413,-12.819142201834861,-6.563734174311927
2,3,14.68,-0.9476497373029772,-27.615896672504377,-8.96515061295972,-9.227842732049035
3,4,17.87,-22.416530259365995,0.8931008645533142,4.411020172910662,-10.28116599423631
4,5,20.17,-23.740130718954248,1.3858169934640523,10.73829411764706,-9.628877124183004
5,6,11.39,-17.36699230769231,0.30895897435897435,9.266292307692309,-11.076105641025642
6,7,18.61,-28.153518072289156,-3.5666192771084337,0.014850602409638581,-10.564515421686748
7,8,-13.94,-21.573271966527198,-5.427221757322176,2.8991924686192467,-9.33960460251046
8,9,23.55,-6.7366205357142865,-1.9160937500000002,9.501691964285714,-5.645517857142857
9,10,14.7,-12.258701960784313,-6.175632679738562,7.788750326797386,-12.62061320261438
10,11,14.44,-5.119435460992907,-14.051821276595744,-4.4866368794326235,-13.909018723404253
11,12,20.57,-13.197110638297872,-22.536731914893615,7.376872340425532,-8.677037021276595
12,13,-13.91,-6.948092783505155,-19.45985051546392,2.449682989690722,-17.47381469072165
13,14,18.48,-14.341780260707635,-14.194022346368715,6.698532588454376,-10.714734264432028
14,15,18.7,-10.836426470588236,-13.906627450980393,1.1218088235294117,-13.228308578431374
