,cluster_id,curvature,x,y,z,average_potential
0,1,14.35,26.536747348119576,32.51914271938283,-5.287786885245901,-2.2317451301832207
1,2,15.42,21.211768545994065,27.362419881305637,0.03808605341246296,-0.20229554896142432
2,3,-10.59,18.36487313432836,33.09880597014925,-4.917123134328358,-0.7744268656716418
3,4,17.67,16.647579676674365,27.160732101616627,-6.6909076212471135,0.8457739030023095
4,5,16.15,10.012811851851852,32.735592592592596,3.3934948148148147,-5.450147111111112
5,6,18.96,13.689979238754328,32.76247923875433,-0.9444550173010382,-1.1373197231833911
6,7,15.56,7.846492125984252,40.94041535433071,4.117385826771653,-1.6382179133858268
7,8,14.86,2.532908185840708,35.78013827433629,1.319512168141593,-2.2000570796460175
