,cluster_id,curvature,x,y,z,average_potential
0,1,20.34,-12.757340796019903,8.455514925373135,-26.683303482587064,2.3504716417910445
1,2,18.13,-12.004708939708939,1.803243243243243,-22.0462474012474,1.297522869022869
2,3,16.03,-3.9008447293447293,10.541612535612536,-28.31369515669516,-0.2715108262108261
3,4,19.36,-4.33975,3.3088951612903226,-24.710040322580646,-6.366926612903225
4,5,17.92,-6.225640144665462,9.57858951175407,-21.635933092224228,1.1751001808318262
5,6,-17.35,-9.06335220125786,-4.5038679245283015,-11.472069182389939,-3.6033738993710687
6,7,14.33,-5.99414606741573,-8.440088282504012,-7.258112359550562,-1.3785568218298558
7,8,20.47,-10.843599182004091,-16.030319018404906,-7.752096114519428,1.2281695296523518
8,9,13.73,-13.362216510903426,-10.781523364485981,-8.910370716510903,-5.416880841121495
9,10,22.55,-5.225571171171171,1.0873837837837836,-15.887475675675674,-0.8147363963963965
10,11,20.04,-7.09013025210084,-4.89744537815126,-22.319334033613448,-0.16800189075630248
11,12,19.69,-9.722280130293159,-5.2669332247557,-16.77593973941368,-6.461551302931596
