,cluster_id,curvature,x,y,z,average_potential
0,1,-11.69,17.484524372230428,37.721171344165434,14.30595273264402,-8.142749926144756
1,2,16.57,-1.8165654761904761,39.46382619047619,17.42407261904762,-9.603025357142856
2,3,16.28,4.254697217675941,39.36506219312602,11.704558101472996,-12.130365630114566
3,4,19.39,6.926488151658768,42.797462085308055,18.169383886255922,-7.573964928909953
4,5,19.25,12.186519736842104,42.62298684210526,12.272776315789475,-8.163804824561403
