,cluster_id,curvature,x,y,z,average_potential
0,1,15.34,54.38630537634408,163.86925161290324,30.28311182795699,-18.37524021505376
1,2,19.0,50.734275618374554,165.68435335689048,37.7621519434629,-24.459236749116606
2,3,20.94,46.704951482479785,167.84760646900273,32.14295687331536,-26.250473854447442
3,4,-22.61,51.8597786259542,153.61356870229005,37.0722786259542,-38.99303893129772
4,5,13.88,49.44724547803617,146.83993798449612,31.62571059431524,-18.438666666666666
5,6,20.37,60.411846153846156,154.98139903846155,24.459086538461538,-14.716992788461539
6,7,14.14,59.25905418719211,148.6314630541872,28.042236453201966,-14.928947783251232
7,8,21.74,56.888726643598616,155.22712802768166,31.34815570934256,-24.821120069204152
8,9,13.97,54.41441903171953,155.21164607679466,23.70319532554257,-24.476720367278798
9,10,-4.24,41.148448559670776,165.87855555555555,38.91581481481482,-25.321579835390942
10,11,16.85,36.30820802377414,160.95162258543834,44.85307280832095,-18.019555126300148
11,12,7.47,44.866266025641025,151.10486217948716,41.96329166666666,-22.572427564102565
12,13,14.59,46.6789890909091,159.42589454545455,44.83841454545454,-20.168495636363637
13,14,16.74,52.74832000000001,157.948145,42.8517425,-21.086782499999998
14,15,15.83,40.5087003058104,145.36649541284402,29.50650764525994,-21.75264525993884
15,16,11.99,38.901979638009045,145.8975158371041,36.51590950226244,-21.130578959276015
16,17,13.64,37.96310218978102,157.66916423357662,21.714934306569347,-19.208504014598542
17,18,13.32,34.9944131455399,151.3243943661972,24.474192488262915,-20.028106572769953
18,19,16.41,45.07711165048543,151.48350000000002,23.711216019417478,-38.0649890776699
19,20,13.12,46.48337593984963,159.58613533834588,23.25470426065163,-31.765141854636592
20,21,11.15,39.95185079365079,165.14228253968255,28.307168253968246,-25.68711777777778
21,22,-2.95,31.45849655172414,157.23711034482758,26.305220689655172,-18.822873103448277
22,23,15.76,32.617393442622955,164.88806885245904,29.10832131147541,-24.673828196721313
23,24,4.93,30.548736842105264,158.01143233082706,32.483575187969926,-21.782636842105266
24,25,11.7,32.510127946127945,162.86198653198653,37.53315824915824,-18.051701346801348
25,26,20.03,32.441863372093025,149.30692441860464,32.12699418604651,-25.16783226744186
26,27,6.17,34.10986956521739,152.55882608695651,39.41763879598662,-23.109559197324415
