,cluster_id,curvature,x,y,z,average_potential
0,1,17.2,-22.185910094637222,-17.16296214511041,27.99769873817035,-27.13351246056782
1,2,18.06,-9.519632850241546,-13.883314009661834,27.143775362318838,-10.286142753623189
2,3,13.35,-14.400263959390864,-17.528489847715736,29.729664974619286,-15.154381979695431
3,4,19.11,-14.934976744186047,-9.157579069767444,32.65425813953488,-19.14480604651163
4,5,26.51,-16.451364130434786,-12.603777173913045,21.83829347826087,-18.448373369565218
5,6,15.75,-16.511670270270272,-6.408224324324324,23.849500000000003,-17.671500810810812
6,7,9.37,-18.503337765957447,0.394345744680851,31.75025265957447,-22.17423404255319
7,8,12.01,-25.200139037433154,0.4638422459893049,34.061229946524065,-27.33525481283423
8,9,13.12,-21.25186322869955,-3.0229753363228697,38.654284753363235,-27.078162780269057
9,10,6.18,-29.389884210526315,-12.80835789473684,42.49202105263158,-21.66038157894737
10,11,15.96,-26.828600566572234,-17.0605835694051,38.639900849858364,-25.86582039660057
11,12,-18.0,-20.269753768844218,-13.011336683417086,38.68803015075377,-35.38895025125628
12,13,18.28,-21.834646808510637,-7.444623404255319,43.79219787234043,-15.409815319148935
13,14,15.55,-31.624861445783136,-13.297009036144578,21.748771084337353,-17.71854879518072
14,15,9.96,-32.597657004830914,-4.0003913043478265,23.329342995169085,-24.760583574879227
15,16,8.24,-25.403245472837025,-5.444758551307848,24.358655935613683,-29.713816096579475
16,17,-2.1,-32.48915589353612,-0.12835361216730043,30.777330798479085,-26.024527376425855
17,18,14.54,-35.921244648318044,-1.040097859327217,37.91625688073395,-16.602662079510704
18,19,16.18,-39.95397567567567,-9.802862162162162,38.95305945945946,-14.500492162162162
19,20,22.53,-36.788920415224915,-8.174200692041524,44.94844636678201,-14.240586505190313
20,21,19.68,-30.088223241590214,-4.427847094801224,43.33422018348624,-18.898305810397556
21,22,17.06,-29.61628212290503,-21.659991620111732,30.347284916201115,-19.47704497206704
22,23,19.24,-34.645140562249004,-19.352857429718874,35.59778112449799,-20.202480923694782
23,24,11.41,-39.99309660574413,-4.41758224543081,28.580067885117497,-14.600267624020889
24,25,14.93,-38.334119133574006,-13.672187725631769,25.693003610108303,-22.200172924187726
25,26,-16.98,-40.29044444444444,-14.068238482384825,31.463932249322497,-22.95377235772358
