,cluster_id,curvature,x,y,z,average_potential
0,1,13.05,-70.18472389380533,124.83746548672568,-21.047090265486727,-5.319125486725663
1,2,14.73,-73.42310385756677,131.8188872403561,-15.695977744807122,-8.818273293768547
2,3,17.02,-66.44096952908588,110.80301108033241,1.393443213296399,-5.690729916897507
3,4,-16.86,-62.308698660714285,110.8024375,-3.6658013392857143,-8.9684953125
4,5,13.3,-62.00006465517241,114.58708405172413,-23.25446120689655,-11.1031375
5,6,14.96,-67.86583041722746,116.58118977119786,-22.293464333781966,-6.705273351278599
6,7,15.29,-59.54893894993896,109.51619413919414,-12.560750915750917,-12.869050061050059
7,8,24.54,-52.25091477272727,109.13758522727272,-23.141892045454544,-2.970982954545455
8,9,17.13,-59.88231660231661,108.43293822393822,-21.340704633204634,-10.793775675675676
