,cluster_id,curvature,x,y,z,average_potential
0,1,21.1,28.121341991341993,19.843519480519475,18.186216450216456,1.599622077922078
1,2,18.76,24.53348655913978,12.237389784946235,16.02552688172043,0.12013709677419356
2,3,13.66,19.46354088952654,20.42155523672884,19.60158967001435,2.625247632711621
3,4,12.58,19.64648931841302,16.93924008138352,13.559726347914546,-1.5064656154628688
4,5,14.96,42.353620450606584,8.812478336221837,5.275790294627384,-3.864353379549393
5,6,-13.83,41.38586577181208,10.645988814317672,12.735675615212527,-4.920214317673378
6,7,12.72,40.988951865222624,5.126506618531889,10.818101083032492,-0.5718353790613718
7,8,22.87,34.631,13.599021226415095,17.97035613207547,-2.2935379716981132
8,9,16.57,30.503164948453605,9.221438144329897,13.354724226804123,1.0962427835051547
9,10,21.5,28.963192982456142,17.63897493734336,10.698350877192983,1.876799498746867
10,11,21.45,34.89395895522388,15.031274253731345,10.405483208955223,-4.344792537313433
