,cluster_id,curvature,x,y,z,average_potential
0,1,24.55,21.175023255813954,25.823000000000004,17.096985465116276,-3.5719430232558143
1,2,15.48,23.1160704845815,28.838321585903092,21.265483113069017,-3.7178775330396476
2,3,21.41,27.371965,25.4554375,25.85098,0.1384515
3,4,14.33,30.455219471947192,23.52706600660066,19.124460396039602,-0.1352597359735974
4,5,21.92,16.60824936386768,31.06203053435115,17.230592875318067,-0.5549152671755726
5,6,20.66,17.445961038961038,23.390297077922078,13.734805194805194,-4.4437761363636366
6,7,14.45,13.300189683860232,28.025632279534108,10.479034941763727,-0.77023693843594
7,8,16.64,8.111743455497383,33.02457940663176,13.662813263525306,1.5206902268760905
8,9,16.88,6.7665834482758624,26.81089931034483,8.968103448275862,0.06978620689655168
