,cluster_id,curvature,x,y,z,average_potential
0,1,14.55,-9.336715922107675,-0.5580481099656356,-23.68640206185567,-6.826231615120275
1,2,14.06,-21.44563284132841,-9.779321033210332,-31.83049815498155,-5.089223800738008
2,3,20.33,-16.54091743119266,-2.127633027522936,-31.506850152905198,-5.658275535168195
3,4,17.42,-17.274838810641626,-6.991320813771518,-26.472849765258214,-6.015486854460094
