,cluster_id,curvature,x,y,z,average_potential
0,1,-11.01,-24.047534072900156,16.60936133122029,11.973692551505547,-3.513710935023772
1,2,18.38,-17.468673239436622,23.124380281690136,10.792833802816903,-3.8589030985915485
2,3,13.84,-18.867799729364005,16.244378890392426,8.246826792963464,-1.002645602165088
3,4,19.99,-5.433293370944993,11.038978843441468,30.171541607898448,-1.5051165021156556
4,5,18.77,-6.246893617021278,10.266526595744681,22.936813829787233,-0.8515867021276595
5,6,15.62,-8.64240819022457,15.985397622192867,26.43559180977543,-1.1872348745046237
6,7,21.81,-18.426148514851484,17.699502475247524,18.122846534653462,-7.0324148514851474
7,8,26.88,-12.727395604395607,20.577252747252746,15.540112637362636,-2.2458063186813186
8,9,19.3,-16.571966580976863,15.042910025706941,25.419966580976865,1.4848948586118251
9,10,19.71,-10.498591811414391,15.204976426799007,18.887739454094294,-2.13262617866005
