,cluster_id,curvature,x,y,z,average_potential
0,1,15.71,22.134867172675524,-13.085474383301708,16.567925996204934,-13.36085578747628
1,2,13.99,32.703806640625004,-8.154693359375,16.9268359375,-9.135957421875
2,3,10.72,26.53049778761062,-7.191431415929204,16.180657079646018,-16.28744115044248
3,4,22.7,32.98548048780488,-17.734824390243904,7.338214634146341,-13.938925853658537
4,5,14.19,26.910853070175435,-14.852953947368421,10.415138157894736,-10.482628947368422
5,6,12.57,28.13539718309859,-7.644667605633803,6.420842253521128,-16.13762309859155
6,7,22.03,34.52287022900764,-9.099610687022901,2.1351603053435113,-12.240208396946565
7,8,14.99,31.00480253164557,-13.554711392405062,4.322369620253164,-17.823974177215188
8,9,15.41,35.823547495682206,-12.843110535405872,-6.14054231433506,-11.84406183074266
9,10,24.48,28.751105610561055,-12.923029702970299,-2.842,-14.217393729372938
10,11,16.05,34.68378272980501,-19.67274651810585,-2.806888579387186,-19.397224512534816
11,12,19.76,32.13821944444445,-16.151180555555552,-13.820163888888889,-13.245756111111112
12,13,9.96,31.120154613466337,-21.888162094763093,-7.87428927680798,-17.186290523690772
13,14,14.46,13.8236430976431,-13.121255892255892,-11.440087542087543,-14.989065488215488
14,15,10.43,23.49069898989899,-14.644646464646465,-8.202549494949494,-12.719066666666667
15,16,15.71,23.958174573055025,-16.17298292220114,-16.81199430740038,-8.183427134724859
16,17,14.33,19.8459794628752,-11.665069510268562,-16.21365718799368,-8.782330331753554
