,cluster_id,curvature,x,y,z,average_potential
0,1,-15.91,16.466683274021353,12.589533807829183,15.83982206405694,-31.33323416370107
1,2,16.1,21.259992771084338,7.1878,12.668197590361444,-12.327792048192771
2,3,-11.49,21.55918151815181,13.967476897689771,5.225633663366336,-35.44290082508251
3,4,15.87,24.713770149253733,14.07757910447761,15.205002985074625,-19.75068029850746
4,5,12.25,26.641271111111113,19.42016888888889,10.293797777777778,-23.139778222222223
5,6,-3.44,5.292825072886297,20.183728862973762,8.940900874635568,-32.8745472303207
6,7,-3.69,14.313565217391305,11.656197101449274,3.756898550724638,-18.237067536231883
7,8,-13.15,10.273435164835165,12.10452747252747,11.771936263736263,-20.573287692307694
8,9,16.68,6.781835555555555,18.536977777777775,18.657617777777777,-21.03409777777778
9,10,19.86,11.312403225806452,11.201443548387097,20.382362903225804,-14.414696774193548
10,11,17.31,14.254084398976984,17.527774936061384,21.163017902813305,-21.580149872122764
11,12,-1.37,24.351267206477733,27.271032388663965,12.897291497975708,-28.117883805668015
12,13,20.49,17.37032,27.843821538461533,18.03941538461538,-23.267241846153848
13,14,12.64,20.820084210526314,21.925597368421048,20.299123684210524,-23.808382368421054
14,15,20.17,15.047890625000003,34.478140625,2.777046875,-18.502934375000002
15,16,-2.34,20.203139344262294,30.96985245901639,9.083131147540982,-29.6671631147541
16,17,8.08,14.150782426778242,34.845635983263605,9.95876150627615,-31.43950543933054
17,18,6.75,11.48941424802111,31.264316622691293,16.870321899736147,-21.97907678100264
18,19,11.38,3.1945521235521235,27.244810810810815,14.177011583011582,-23.684749034749036
19,20,-15.51,3.8228231441048037,33.18669213973799,11.688967248908298,-14.989960480349344
20,21,7.6,5.082522796352584,31.62949848024316,4.443212765957447,-19.483320060790273
21,22,16.33,4.66108253968254,24.514333333333333,0.7087333333333334,-23.711536507936508
22,23,15.99,10.151210784313724,27.84511519607843,-1.9055490196078433,-25.96723161764706
23,24,14.5,21.64149494949495,22.194242424242425,-1.0946296296296296,-23.86662255892256
24,25,7.87,23.05009259259259,28.16699074074074,4.351986111111111,-27.574808333333337
25,26,5.62,17.845193693693695,29.41654954954955,-1.7511441441441442,-25.89126531531532
26,27,17.95,7.745538461538462,16.1501452991453,-0.06434757834757839,-16.262017094017093
27,28,17.36,16.428044854881268,19.518672823219,-4.486678100263852,-23.37168047493404
