,cluster_id,curvature,x,y,z,average_potential
0,1,14.97,-23.24121126760563,46.183340040241454,11.744670020120724,-8.849438229376258
1,2,-12.45,-23.506456913827652,43.752056112224444,5.65301002004008,-14.956337274549096
2,3,14.33,-14.127383973288815,36.319803005008346,10.583337228714525,-11.87378180300501
3,4,13.06,-15.32049001814882,31.068811252268603,8.360754990925589,-13.107501996370237
4,5,-10.6,-20.416074675324676,40.1409025974026,10.72433766233766,-13.625447077922079
5,6,-10.43,-17.7222135523614,38.51723613963039,4.155928131416838,-14.653444969199178
6,7,15.29,-2.135433656957929,25.452058252427182,8.720425566343042,-14.09673980582524
7,8,11.88,-10.319185595567866,26.066717451523544,12.155013850415513,-13.886247368421053
8,9,-12.42,-10.483686666666665,28.32946666666667,5.107677777777778,-19.729572
9,10,23.5,-4.731645714285714,15.22702857142857,2.7465685714285715,-14.660385714285715
10,11,16.86,-7.881840670859539,19.62145492662474,4.7256436058700215,-14.6184
11,12,16.07,-1.5203104026845635,13.599023489932884,9.11456879194631,-15.861139597315436
12,13,21.12,6.172777089783282,14.264832817337462,7.110671826625388,-21.792278018575853
13,14,20.77,2.172845272206304,19.377243553008594,7.172475644699141,-18.870981088825214
14,15,10.02,10.0628338028169,7.97485352112676,6.163092957746479,-15.732091830985915
15,16,10.87,5.475041322314049,6.385851239669422,12.926687603305785,-11.812850413223142
16,17,17.32,18.752224537037037,12.39458101851852,0.12438657407407407,-8.841776388888889
17,18,13.15,22.308124352331603,6.493854922279792,1.2789343696027635,-13.50626286701209
18,19,17.2,21.311214285714286,2.2014000000000005,6.984181632653062,-9.966253673469387
19,20,20.31,16.77664344262295,3.214540983606557,6.311032786885245,-22.336099180327867
20,21,14.09,14.868611111111111,5.592342911877394,12.107201149425288,-14.255352681992335
