,cluster_id,curvature,x,y,z,average_potential
0,1,22.74,-25.385268011527376,-11.329956772334294,-1.6149394812680116,-7.064228242074929
1,2,13.28,-27.868985010706634,-17.117888650963597,-6.286169164882227,-9.731094004282657
2,3,18.95,-19.174976470588234,-7.579947058823529,-12.031811764705882,-12.22994117647059
3,4,14.76,-13.01441935483871,-11.734385398981324,-13.262517826825126,-12.288567062818336
4,5,11.46,-16.54718632075472,-15.618662735849057,-9.721172169811322,-15.146451886792452
5,6,17.07,-19.47617757009346,-11.662744548286604,-4.757007788161993,-13.076468535825546
6,7,14.63,-5.469337057728119,-8.906404096834265,-17.529067039106145,-9.901138733705773
7,8,25.49,-13.506077551020407,-7.903297959183673,-21.335987755102042,-10.014399591836735
8,9,15.01,-10.343524221453286,-14.795330449826992,-21.05262456747405,-12.863019204152248
9,10,17.7,-7.793377581120944,-19.901008849557524,-32.91897640117994,-7.048763126843658
10,11,13.1,-6.674004081632654,-26.93067551020408,-31.65520408163265,-5.784808163265306
11,12,18.21,-12.901616438356164,-27.911635616438353,-24.468027397260276,-11.12941890410959
12,13,20.03,-12.133627118644068,-21.360044067796608,-20.59671186440678,-12.324236949152544
13,14,17.51,-9.097699724517907,-20.4661955922865,-25.69858126721763,-13.379883195592287
