,cluster_id,curvature,x,y,z,average_potential
0,1,15.74,-2.7857715053763443,4.99919623655914,40.519072580645165,-9.95775510752688
1,2,20.12,-1.3289696132596684,5.9951325966850835,48.46984806629834,-14.259971270718232
2,3,13.04,-1.4835507868383404,11.887593705293275,46.16315021459228,-7.210209442060086
3,4,14.88,5.380247191011237,6.280998751560549,33.67084769038702,-11.861074531835206
4,5,22.2,5.397934579439253,7.022046728971962,40.376392523364494,-13.985497570093457
5,6,18.12,5.240403908794788,0.11755374592833885,44.518416938110754,-11.140208469055374
6,7,16.16,13.126552106430156,3.041456762749446,34.84288026607539,-11.095390909090908
7,8,19.1,9.72438912133891,-3.132175732217574,38.86717991631799,-11.241247071129708
