,cluster_id,curvature,x,y,z,average_potential
0,1,15.54,1.2682575187969924,8.03184022556391,10.38384022556391,-11.709397744360903
1,2,15.26,1.1163023809523809,11.879545238095238,16.86499761904762,-13.658508095238096
2,3,14.63,6.306971428571429,13.432955844155844,10.77568051948052,-12.403374285714285
3,4,13.91,-3.9939548387096777,17.918582795698924,10.650965591397851,-10.484149247311828
4,5,13.71,3.303350943396226,17.64382264150943,7.955667924528302,-12.390072264150945
5,6,-8.31,-4.403298245614035,25.777771929824564,10.179092105263157,-15.335956578947368
6,7,10.42,1.0577427385892115,23.82359543568465,9.844128630705393,-18.09431369294606
7,8,10.55,0.4538428805237316,33.38232733224223,9.945222585924714,-15.43818232405892
8,9,17.01,-1.4553728813559321,31.59902033898305,2.436528813559322,-15.457728135593221
9,10,15.22,-0.30141666666666656,26.399135802469136,3.9782407407407407,-18.353099999999998
10,11,20.71,-6.531864077669903,38.11348543689321,3.7213844660194173,-17.975692427184466
11,12,20.66,0.7185110220440881,40.33122044088176,3.334721442885771,-15.684724048096191
12,13,15.19,2.311438554216868,46.50326746987952,1.9952144578313251,-12.68882843373494
13,14,16.32,-6.396426778242678,47.3412280334728,-1.8825041841004184,-13.870335146443514
14,15,-5.57,-5.961675516224189,48.64385545722714,5.6489380530973445,-13.91032477876106
15,16,11.52,-0.9160175438596491,52.65672280701754,2.4636456140350873,-11.946623157894736
16,17,16.89,-2.4744765625,74.70130859375,-3.7834765625,-13.349123828124998
17,18,15.89,-1.1353309608540925,68.40849110320285,-3.512658362989324,-16.162460854092526
18,19,12.0,-7.416565384615384,70.28851923076923,-0.7590000000000001,-12.58742846153846
19,20,15.68,-7.192855855855855,63.59301801801801,-4.975499999999999,-17.995281531531532
20,21,11.26,-8.690347826086956,56.14425120772947,0.55362077294686,-11.89991231884058
21,22,10.3,-2.162589715536105,60.83246170678336,-0.11299671772428883,-14.852951641137855
