,cluster_id,curvature,x,y,z,average_potential
0,1,16.52,-39.14240240963856,8.013597590361444,3.7644891566265057,-9.333152289156626
1,2,14.07,-38.61103787878788,2.133289772727273,5.029064393939393,-9.715032575757578
2,3,-16.43,-30.78618595041322,9.00010743801653,5.294793388429753,-10.865002479338845
3,4,10.97,-31.46318793828892,1.4491809256661992,4.867366058906031,-10.002224263674615
4,5,19.94,-12.036750392464677,0.4332715855572999,0.30687284144426996,-14.214002825745684
5,6,23.61,-18.519347985347984,-4.875970695970696,0.5000732600732601,-15.405323809523807
6,7,14.44,-14.670060344827586,-2.6657564655172417,7.3208318965517245,-14.0338375
7,8,13.54,-25.273746268656716,-2.77419776119403,2.6177481343283584,-14.62466958955224
8,9,18.34,-19.55631081081081,3.4040585585585585,-0.02049099099099102,-12.358288063063064
9,10,-8.57,-24.110756944444447,3.902409722222222,4.294684027777778,-8.024072222222223
10,11,14.92,23.008511627906977,-9.551614341085271,14.258996124031007,-11.461336821705427
11,12,-11.04,15.1541783919598,-7.862263819095477,6.144590452261307,-13.581515829145728
12,13,-10.57,18.201401948842875,-7.479331303288673,11.754179049939097,-11.59723179049939
13,14,13.7,9.354319526627219,-5.305733727810651,8.201946745562129,-15.65656291913215
14,15,10.64,5.5453014586709894,-7.079366288492708,3.961938411669368,-14.803487844408428
15,16,14.35,0.10706493506493506,-4.047858585858586,5.924610389610389,-11.975763059163059
16,17,23.66,-5.386978417266187,0.19108633093525174,6.989701438848921,-11.738655035971226
17,18,10.17,-5.879673333333334,-6.2680766666666665,2.714261666666667,-15.0684845
