,cluster_id,curvature,x,y,z,average_potential
0,1,14.72,-5.477866666666666,-5.0384126984126985,-16.600568253968255,-0.4319292063492064
1,2,17.13,-8.081886764705882,-13.805148529411765,-12.59825588235294,-0.0334473529411765
2,3,14.28,-12.206463286713285,-7.299201048951049,-12.098506993006993,-8.031935839160838
3,4,13.19,-7.104233038348083,-7.524123893805309,-8.267615044247789,-2.2835855457227137
4,5,18.2,-3.1195896551724136,11.264724137931035,-28.652015517241377,4.369470000000001
5,6,15.22,-6.963837623762377,8.521965346534655,-23.776459405940592,2.466340792079208
6,7,-0.89,-11.201865853658537,4.23928780487805,-22.666692682926833,1.05298
7,8,21.54,-12.809842205323193,-1.9835912547528516,-19.219395437262357,0.3997009505703422
8,9,22.98,-7.335960227272728,3.239829545454546,-14.955196022727272,0.56908125
9,10,23.49,-6.116823770491803,-0.37482172131147545,-21.903739754098364,2.5704629098360656
