,cluster_id,curvature,x,y,z,average_potential
0,1,16.1,22.93243161634103,-16.825200710479574,-19.87288277087034,-10.012260746003552
1,2,18.66,17.39846590909091,-22.670125000000002,-22.382761363636366,-11.820496212121212
2,3,13.11,12.505397863818427,-17.322384512683577,-19.817157543391186,-8.086801335113485
3,4,-12.75,30.69160611510792,-31.927223021582734,-28.883125899280575,-7.060493525179856
4,5,21.28,19.367339552238807,-10.426466417910447,-36.28119776119403,-10.288684328358208
5,6,18.07,26.68510204081633,-14.384173469387756,-32.884308673469384,-15.799246683673472
6,7,20.78,24.742139954853272,-8.788191873589165,-27.446979683972913,-10.828732731376975
7,8,20.94,19.82870992366412,-16.37758524173028,-28.50705597964377,-14.059356997455472
8,9,16.69,20.61701030927835,-19.69656443298969,-42.99573453608248,-8.942661340206184
9,10,11.89,19.793409523809522,-18.293507936507936,-35.854123809523806,-11.281729523809526
10,11,21.94,26.03204210526316,-15.480656140350877,-39.52087719298246,-14.118078596491229
11,12,18.57,28.83935588235294,-27.766976470588236,-35.32325882352941,-10.867821764705882
12,13,13.73,25.672520618556703,-23.858235395189002,-38.89308247422681,-10.5754793814433
