,cluster_id,curvature,x,y,z,average_potential
0,1,12.3,22.10727346115035,73.30312008072653,14.583008072653886,-4.146521392532795
1,2,16.99,28.04952088452089,77.83684766584767,7.793624078624077,-3.6713164619164624
2,3,14.77,23.241203434610306,74.46687450462352,6.6475284015852045,-4.146250594451783
3,4,13.5,3.049569739952719,68.56246572104018,16.661736012608355,1.9481059101654847
4,5,-18.22,9.390776666666667,61.792069999999995,14.920103333333333,3.8963783333333337
5,6,22.94,4.2448446601941745,63.13191990291262,11.153589805825241,2.555491504854369
6,7,23.91,14.583217204301075,67.44293763440861,16.018475268817205,1.133264731182796
7,8,17.49,15.34333184855234,70.22752338530067,8.973478841870824,-2.1057296213808465
8,9,26.31,9.326694864048338,68.17585498489426,8.869592145015107,1.4200673716012084
9,10,22.11,9.61886744966443,74.02156543624162,14.704162751677853,4.108269463087248
