,cluster_id,curvature,x,y,z,average_potential
0,1,19.67,-15.954669333333333,3.9917893333333336,-12.287589333333335,-15.369857333333334
1,2,10.31,-16.84241719745223,-0.6719761146496815,-13.336078025477708,-15.707656528662419
2,3,21.64,-23.66542628205128,2.0804102564102567,-19.37985576923077,-10.928846474358975
3,4,16.72,-19.218145336225597,-4.7383557483731025,-17.90655965292842,-24.079920390455534
4,5,18.4,-10.31535759493671,-11.259034810126582,-17.672854430379743,-14.431823417721517
5,6,20.32,-11.920661290322581,-5.341449308755761,-15.347334101382486,-19.292161520737327
6,7,17.31,-13.450697160883282,-18.180343848580442,-17.5445141955836,-16.322699684542588
7,8,16.65,-15.386882136279926,-12.557723756906078,-10.71591896869245,-15.507575322283607
8,9,-3.27,-16.094970954356846,-10.560145228215767,-24.422784232365142,-13.723159336099584
9,10,23.58,-20.233241379310346,-15.135310344827586,-25.911437931034484,-22.669609655172412
10,11,21.56,-22.03159021406728,-22.743232415902142,-24.473256880733942,-15.207203058103975
11,12,23.38,-20.178856209150325,-21.07502614379085,-20.092522875816993,-18.003330065359474
12,13,12.67,-21.231054945054943,-17.3473489010989,-15.013818681318684,-22.579951098901102
13,14,18.79,-27.36111868686869,-15.017406565656566,-27.25097474747475,-13.303171969696969
14,15,17.94,-31.571944562899784,-16.236912579957355,-23.227950959488272,-9.567255223880597
15,16,16.32,-24.79131596091205,-3.0248013029315963,-23.183387622149837,-20.15515244299674
16,17,16.12,-28.23075454545455,-8.073756363636365,-21.379429090909092,-18.292260000000002
