,cluster_id,curvature,x,y,z,average_potential
0,1,21.34,-1.965546153846154,-11.312899999999999,15.692476923076923,-8.011266538461538
1,2,18.57,0.742221875,-7.126353125,9.55680625,-7.049616562500001
2,3,23.23,1.934641304347826,1.1024510869565218,19.820874999999997,-11.728747826086957
3,4,14.22,1.2228431001890359,-3.0527240075614364,15.24092438563327,-11.0518786389414
4,5,20.8,5.502435804701627,-10.267280289330923,20.415137432188065,-18.006886075949367
5,6,13.45,6.23582276843467,-1.6901604139715396,25.34962095730918,-13.863971668822767
6,7,27.45,13.349825910931173,-3.2155425101214576,27.55146153846154,-13.465525101214576
7,8,12.95,11.205146666666666,-8.572853333333333,24.01881777777778,-21.05681111111111
8,9,14.54,21.44400743494424,-8.950748451053284,23.721510532837673,-12.923654646840147
9,10,19.78,14.915826506024095,-12.234407228915664,17.11473253012048,-16.3662956626506
10,11,20.19,10.160648837209305,-17.493286046511628,21.385844186046512,-13.761943023255816
11,12,15.11,16.084693486590037,-15.452067049808427,25.236335249042142,-12.078299616858239
