,cluster_id,curvature,x,y,z,average_potential
0,1,11.56,-59.784093922651934,22.118889502762432,-0.4051740331491713,-11.661536464088398
1,2,17.54,-65.48972195121952,21.58517073170732,0.3256959349593495,-12.000860650406505
2,3,16.28,-65.7170421286031,13.381004434589798,3.4161951219512194,-9.20430687361419
3,4,13.03,-72.36731645569621,15.152318264014466,-1.819730560578662,-7.260657142857143
4,5,20.87,-54.49812051282051,20.56703076923077,-0.029805128205128175,-12.760372051282053
5,6,22.3,-56.869455497382205,28.84094502617801,1.9328769633507852,-12.051342408376962
6,7,13.98,-52.0143032128514,29.257572289156627,-3.76517670682731,-16.03980361445783
7,8,11.84,-43.09832424242424,23.966281818181816,-8.195584848484847,-9.713441515151516
8,9,19.05,-37.90907912087912,27.94432087912088,-5.042483516483516,-10.462296483516484
9,10,15.93,-43.82694701986755,30.415254966887414,-2.490894039735099,-13.902360596026488
10,11,15.34,-48.47383739837398,21.990241192411926,-3.8707235772357724,-13.233266666666665
11,12,27.97,-49.539220183486236,24.11257798165138,4.786811926605505,-12.758566055045872
12,13,14.03,-43.56673650793651,26.28341904761905,2.144974603174603,-11.405997777777777
