,cluster_id,curvature,x,y,z,average_potential
0,1,19.26,1.3830594479830147,32.87795541401274,10.68975159235669,-8.521250743099788
1,2,-14.83,3.4078672413793107,39.107305172413795,8.414453448275863,-5.284502586206897
2,3,-12.81,2.908214442013129,21.563437636761492,6.787551422319475,-12.80116520787746
3,4,19.14,5.213853333333333,30.415696666666662,4.081593333333333,-5.377915
4,5,16.35,0.28252212389380527,27.01522418879056,7.683725663716814,-9.50957227138643
5,6,16.47,-6.141898550724638,-0.3153623188405797,-15.025246376811594,-6.93669365942029
6,7,13.52,-3.025569369369369,1.1463207207207209,-8.170772972972975,-6.764864324324325
7,8,15.86,-1.5762043596730244,14.407343324250684,7.280100817438694,-14.214628882833788
8,9,20.04,1.3448576104746317,14.732304418985267,1.8426284779050737,-14.497658101472997
9,10,-12.42,-3.4906531365313653,11.469750922509226,-6.604961254612545,-8.21235442804428
10,11,16.27,3.600480446927374,8.238845437616387,-4.189638733705773,-7.271104469273743
