,cluster_id,curvature,x,y,z,average_potential
0,1,14.6,5.191812154696132,-46.208621546961325,8.446696132596685,-6.320951657458563
1,2,16.51,6.189412790697674,-45.166829457364344,15.666682170542636,-6.400745736434109
2,3,15.33,-2.315388278388278,-36.67464468864469,3.4142875457875457,-6.083861538461538
3,4,18.82,3.9029515570934254,-34.874259515570934,9.283107266435987,-7.19370865051903
4,5,17.32,0.7909771241830065,-41.04190849673203,7.763405228758169,-7.712485294117646
5,6,-11.74,-3.0490172839506173,-7.4224913580246925,-8.12262098765432,-6.598794814814814
6,7,-17.84,0.6792172131147541,-13.830438524590162,-11.95559426229508,-7.549512295081968
7,8,-14.94,-4.221724050632911,-14.426503797468355,-4.619984810126583,-6.896711139240506
8,9,16.31,-1.0704176136363637,-25.804150568181818,-5.304034090909091,-12.586723295454544
9,10,17.19,-1.957419811320755,-20.321450471698114,-7.383162735849056,-7.8108747641509435
10,11,24.4,2.611079822616408,-32.56080931263858,-2.036860310421286,-16.436202660753878
11,12,25.92,-4.670561128526646,-31.71976489028213,-7.384288401253919,-14.261062068965517
12,13,20.23,2.1434259681093395,-31.275038724373573,-9.60397494305239,-13.419213667425966
