,cluster_id,curvature,x,y,z,average_potential
0,1,-13.89,0.4425860927152316,14.606433774834438,-11.438364238410598,-10.489032781456954
1,2,20.24,5.562220238095239,12.763690476190478,-4.190815476190476,-5.684937499999999
2,3,14.75,3.051304794520548,7.7615530821917815,-8.805462328767122,-6.000695376712329
3,4,20.3,1.5748830188679246,22.23741886792453,-19.394596226415096,-8.649275094339622
4,5,16.47,-2.98077688172043,21.82686559139785,-10.989948924731184,-13.90277446236559
5,6,18.08,6.027043478260869,18.553934782608696,-10.826357487922703,-15.212577777777778
6,7,10.22,5.692658163265306,24.212767857142854,-10.934295918367345,-14.885351020408164
7,8,11.8,-4.6082178770949715,45.48750418994413,9.834682960893854,-5.700705726256984
8,9,19.74,-11.774674641148327,43.559449760765546,13.467430622009568,-3.2212985645933014
9,10,17.4,-6.870334140435835,44.78830992736078,18.576031476997578,-6.215305811138014
10,11,14.98,-1.950795158286778,36.75587523277468,8.44566294227188,-6.478121601489757
11,12,-12.54,4.415791869918699,34.948944715447155,3.8081317073170733,-6.3588730081300815
12,13,17.89,-1.6406498599439776,28.775375350140052,1.349204481792717,-10.415521008403362
13,14,20.1,-0.9382225000000001,29.937042499999997,-10.297127499999998,-8.622963749999998
14,15,18.2,1.4547233333333334,21.298939999999998,-4.129596666666666,-11.718825
15,16,22.4,-4.724841666666667,27.41370277777778,-3.924436111111111,-8.8268925
