,cluster_id,curvature,x,y,z,average_potential
0,1,15.89,-17.241964435146443,-2.8418221757322173,-19.429677824267785,-13.340535355648536
1,2,21.47,-13.630404109589039,0.1643013698630137,-29.786020547945206,-14.967959931506849
2,3,15.17,-14.542085299455536,0.7481070780399274,-22.724145190562616,-17.651273321234118
3,4,17.96,-6.498551663747812,7.9444973730297725,-15.736229422066549,-18.252099474605952
4,5,18.85,-10.435797530864196,0.8499308641975308,-14.048634567901235,-17.37332172839506
5,6,11.93,-4.934667436489607,0.6275103926096998,-17.386441108545036,-23.76106443418014
6,7,10.64,-5.982292620865141,1.5913053435114506,-29.65947582697201,-17.059336132315522
7,8,-1.0,-2.266804469273743,8.869458100558658,-24.41613407821229,-23.342198882681565
8,9,-3.62,-8.59592703862661,7.257197424892705,-25.16551502145923,-20.816451502145924
9,10,16.17,3.1809820359281438,9.121031936127745,-15.553075848303394,-16.48994610778443
10,11,20.54,2.0892701149425283,0.9616896551724138,-17.006028735632185,-14.227204597701148
11,12,16.04,8.822445086705201,5.148083815028902,-18.105817919075147,-17.39596994219653
12,13,-15.31,7.004182835820895,7.3665,-25.547541044776118,-27.9649802238806
13,14,-6.91,3.45130310880829,0.8757383419689119,-26.052585492227976,-16.601623834196893
14,15,14.69,12.801394736842106,5.041424812030075,-28.3280977443609,-12.200730827067668
15,16,15.16,11.640970711297069,1.6604728033472802,-33.685979079497905,-12.380245606694562
16,17,16.56,3.9023014184397167,1.7679007092198582,-35.5436134751773,-12.943274113475177
17,18,16.81,11.044044474393532,1.8233517520215636,-39.908268194070075,-12.30655053908356
18,19,16.54,8.617383333333333,12.31140606060606,-33.34222272727273,-16.213066212121213
19,20,18.99,-4.372034285714285,9.557625714285713,-32.978677142857144,-16.849937714285712
20,21,-11.36,0.1811732101616629,12.986260969976906,-31.44835565819861,-16.513912702078525
