,cluster_id,curvature,x,y,z,average_potential
0,1,9.5,52.30723058252428,13.85859708737864,84.54239805825243,-14.142974029126215
1,2,11.61,57.88822792022791,17.054252136752137,81.3585811965812,-14.58811923076923
2,3,15.4,55.174789189189184,3.9798094594594597,78.63288243243242,-9.79017081081081
3,4,16.82,55.47859848484849,8.300526515151516,84.13063636363637,-11.145455681818182
4,5,9.94,56.7244617737003,10.533094801223243,76.77409174311926,-17.68148532110092
5,6,15.86,41.700774793388426,49.428481404958674,87.23240289256199,-7.380237190082643
6,7,14.75,48.70985777777777,48.09670222222222,88.59659555555554,-12.676611111111113
7,8,-12.72,50.86588235294119,40.774565217391306,82.76465728900256,-16.05241227621483
8,9,12.15,44.378370942812985,42.241823802163836,85.68357187017003,-11.835036166924267
9,10,20.57,53.62765226781858,28.015485961123105,86.64085097192225,-14.382265658747299
10,11,15.96,56.63502390998594,23.691583684950775,84.16365260196906,-15.711827004219407
11,12,14.38,51.67939413680782,36.56984039087948,89.70075570032574,-14.438812214983715
12,13,18.33,51.03359078590786,32.882604336043364,83.96136585365853,-11.398678590785908
13,14,12.96,51.66845842696629,32.49715505617978,78.62462022471911,-12.442574382022473
