,cluster_id,curvature,x,y,z,average_potential
0,1,14.24,-7.595586642599278,-17.018274368231047,-18.71764259927798,-7.895759927797834
1,2,14.55,-0.4608576642335767,-17.340576642335765,-7.326111313868613,-14.392786496350366
2,3,10.85,-6.2260603588907015,-19.32142088091354,-10.398972267536704,-11.583260358890701
3,4,18.15,-0.40092607003891045,-20.79316342412451,-14.530272373540857,-12.383493774319065
4,5,-14.46,-1.7276712802768166,-13.757038062283737,-14.533204152249134,-14.704141868512108
5,6,15.81,11.61049352331606,-24.789093264248706,20.14781347150259,-10.10504585492228
6,7,12.67,6.438875264270614,-18.420735729386887,15.520006342494716,-12.724129175475687
7,8,-10.39,12.09173127753304,-21.37495154185022,14.041348017621145,-13.287004845814977
8,9,16.33,6.143127083333334,-17.376627083333336,7.3490270833333335,-13.519060833333333
9,10,11.87,11.122575342465753,-23.385044520547947,7.8892636986301365,-14.974859931506849
10,11,14.37,8.044858319604613,-21.840087314662274,2.875751235584844,-15.739524382207577
11,12,16.54,5.776352398523985,-15.292265682656826,-4.277195571955719,-14.172420479704797
12,13,22.92,-0.017778195488721747,-18.457533834586464,-0.9609248120300752,-12.687266917293233
13,14,19.29,2.9185870020964355,-25.476805031446546,-2.955276729559748,-12.407465828092244
