,cluster_id,curvature,x,y,z,average_potential
0,1,14.34,49.69097385620915,86.98541176470589,-70.57879411764705,-11.492246078431373
1,2,18.5,48.235825657894736,83.31792105263158,-76.09887171052632,-5.942507236842105
2,3,18.91,52.53531391585761,79.56833333333336,-72.25274433656958,-9.704503236245955
3,4,21.99,61.36988175675676,86.22978378378379,-66.64307432432432,-9.604528716216217
4,5,17.15,53.15787420042644,80.79322388059701,-64.72092963752665,-8.65071961620469
5,6,9.28,53.8218862745098,87.77272549019607,-64.01346274509804,-13.947371764705881
6,7,12.93,78.72460049321825,97.78763995067818,-72.20621948212084,-4.798223181257707
7,8,16.06,71.37224944320712,94.63399331848552,-67.20840979955457,-10.273681069042315
8,9,-9.33,66.97315555555555,89.60045620915032,-66.12319215686274,-7.743187058823529
