,cluster_id,curvature,x,y,z,average_potential
0,1,16.77,-44.21373317865429,-36.55149883990719,14.079849187935034,-8.401483758700696
1,2,17.49,-45.44016871165644,-30.309432515337424,8.102733128834355,-14.452093865030674
2,3,18.86,-42.00791821561338,-28.466470260223048,16.829973977695165,-13.985285315985129
3,4,18.58,-47.20265873015874,-15.480671957671957,11.290899470899472,-14.796098677248677
4,5,17.77,-46.88837987012987,-22.38105844155844,12.070243506493508,-18.056397727272728
5,6,13.62,-40.14339285714285,-26.207519841269843,4.540071428571428,-24.586625793650793
6,7,16.87,-46.56245728643215,-17.527703517587938,4.5544723618090455,-22.7124283919598
7,8,17.48,-45.007440677966095,-18.137913135593223,-2.10939406779661,-16.29751038135593
8,9,15.73,-38.98552579365079,-9.761196428571429,13.099521825396826,-22.300631746031748
9,10,14.18,-39.365991071428574,-7.962957142857143,6.333860714285715,-21.09479625
10,11,19.83,-28.861295154185022,-8.87469383259912,0.9297731277533041,-13.165064537444934
11,12,-11.52,-35.2412429022082,-10.86172712933754,0.6146182965299685,-29.65868548895899
12,13,18.54,-38.322064386317905,-20.438513078470823,-1.6049114688128774,-21.674562776659965
13,14,-3.96,-33.8726,-21.095007692307693,4.346792307692309,-30.59717
14,15,21.84,-32.17698529411764,-15.506020588235296,1.0561029411764706,-26.833745882352943
15,16,10.62,-37.41330982367759,-18.83426952141058,16.957488664987405,-26.513041057934508
16,17,12.61,-36.48345714285714,-28.85262857142857,10.086842857142857,-20.854859285714287
17,18,17.95,-34.697220512820515,-27.063358974358966,17.89803076923077,-10.028047692307693
18,19,18.29,-27.78844356955381,-17.357102362204724,16.030590551181103,-15.827633333333331
19,20,16.96,-30.29647382198953,-24.818353403141362,13.676664921465969,-16.049335602094242
20,21,14.81,-29.02138904899135,-12.942599423631123,9.68936311239193,-23.983689913544673
21,22,11.65,-24.553955339805825,-19.279431067961163,7.894860194174758,-17.959484660194175
