,cluster_id,curvature,x,y,z,average_potential
0,1,18.0,25.037383211678833,48.3368795620438,-9.701211678832117,-12.15676587591241
1,2,13.55,18.724306306306303,45.12721621621621,-11.389810810810813,-19.81065045045045
2,3,21.91,17.864721254355402,39.13790592334495,-10.773487804878048,-19.49244843205575
3,4,13.96,17.950790143084262,52.48734022257551,1.3450985691573927,-11.882051351351352
4,5,16.19,12.76377074235808,45.4670480349345,-4.584054585152838,-19.401509170305676
5,6,-2.64,21.937069306930695,46.34868316831684,-3.0370990099009902,-20.97503564356436
6,7,15.94,17.606149051490515,51.06978048780487,-6.746766937669378,-18.991368021680216
7,8,-11.16,12.213108737864077,39.34929320388349,1.9721805825242713,-18.523128932038833
8,9,18.44,12.065911392405063,45.2206329113924,5.87818670886076,-8.406237341772153
9,10,19.03,19.961225728155338,43.07424757281552,6.09043932038835,-12.209457524271844
10,11,17.39,14.704428223844284,30.40558394160584,-0.741705596107056,-12.362191727493917
11,12,14.97,20.98354258675079,32.42993059936909,4.478544164037855,-13.58054116719243
12,13,-1.58,23.743864077669908,38.97295631067962,-1.0438543689320388,-23.361569417475728
13,14,18.13,26.21887841945289,36.92887234042553,-7.190115501519758,-17.479547720364742
14,15,17.1,23.25638297872341,31.22108510638298,-2.622707446808511,-19.545858510638297
15,16,13.63,17.94325436408977,32.41664089775561,-8.0527855361596,-15.284637406483792
