,cluster_id,curvature,x,y,z,average_potential
0,1,19.7,58.120312820512815,-9.66874358974359,181.19745384615385,-19.596130256410255
1,2,14.22,64.76132867132868,-1.4959125874125874,177.2222202797203,-27.06634230769231
2,3,-0.86,63.571631768953054,-5.574342960288808,181.92027797833936,-25.570640072202163
3,4,14.64,61.48100346620451,-13.78353726169844,173.25946620450605,-11.412054419410746
4,5,13.24,56.55172849462365,-6.904215053763442,171.8977446236559,-21.077066129032257
5,6,20.43,65.51496978021979,-9.03570879120879,167.7034423076923,-9.154779395604395
6,7,16.91,63.36432367149759,-3.4480144927536234,170.61972463768117,-14.270223671497586
7,8,20.97,50.86025308641976,6.078975308641976,195.0515401234568,-18.68661574074074
8,9,10.71,46.601195698924734,0.8490516129032258,191.30509892473123,-20.94540451612903
9,10,18.15,39.436933333333336,6.315448148148148,189.9252222222222,-6.961275925925926
10,11,17.03,45.426915335463256,7.685779552715655,197.68279552715654,-11.144634025559105
11,12,25.13,67.97735820895522,1.5170696517412938,183.90748756218906,-16.82914975124378
12,13,14.93,65.54651454138703,6.723706935123042,179.16301118568228,-15.1576192393736
13,14,18.72,57.39733910891089,10.431044554455445,172.78337376237621,-11.716186386138615
14,15,25.91,50.54958139534883,6.65711046511628,178.04849418604653,-24.92159767441861
15,16,17.91,55.207384999999995,11.801467500000001,179.6031925,-15.0112935
16,17,17.82,46.70554736842105,2.073494736842105,181.36235789473685,-19.055065
17,18,12.11,54.584801385681295,0.1271501154734412,175.9543833718245,-26.669640184757505
18,19,18.33,55.5950586510264,-1.2959061583577713,192.2107771260997,-22.197641055718474
19,20,14.5,57.674873333333316,-7.132079999999999,188.37001333333333,-16.953607333333334
20,21,15.93,50.82188847583643,-5.019747211895911,184.87815241635687,-19.125097026022306
21,22,16.49,54.96837951807229,8.490210843373495,189.34166064257028,-21.84522730923695
22,23,22.17,62.937884476534286,-1.3953971119133572,189.59237184115523,-29.309080144404334
23,24,12.45,58.303855498721234,3.4200703324808184,185.48133375959077,-119.83481048593352
