,cluster_id,curvature,x,y,z,average_potential
0,1,-28.41,11.944136363636364,13.62896753246753,54.85120129870129,-26.257394155844157
1,2,13.86,9.37731809145129,13.60800795228628,48.330051689860845,-38.426980318091445
2,3,-0.63,7.946496453900709,20.31209219858156,53.97658156028369,-17.741929078014184
3,4,17.68,5.757990074441687,20.9129776674938,47.366357320099254,-25.739363771712156
4,5,18.59,-1.6482546419098145,8.340053050397877,55.344042440318304,-10.482744562334219
5,6,15.91,6.225929104477612,8.530236940298508,54.31543470149253,-15.689203544776118
6,7,10.97,-2.471996563573883,12.430752577319588,48.099374570446734,-14.663736426116838
7,8,13.55,-3.488921005385997,17.515055655296226,49.93464991023339,-14.414940754039495
8,9,-2.74,1.118456989247312,17.08587634408602,56.374123655913984,-21.988180107526883
9,10,17.25,0.09193567251461977,23.99121637426901,52.509394736842104,-11.663685087719298
10,11,-0.2,13.933176691729322,12.954917293233082,42.628451127819545,-28.77983496240601
11,12,14.39,14.940531365313653,13.795822878228783,33.36974907749078,-12.935513099630997
12,13,22.91,14.936072847682118,20.66021854304636,33.98055298013245,-12.124417218543044
13,14,18.42,14.650224343675418,23.383389021479715,40.33437947494034,-15.220405489260141
14,15,25.21,7.92122905027933,24.244223463687153,35.108938547486034,-5.921523463687151
15,16,20.08,11.004461538461538,26.129709401709405,44.59191880341881,-11.425418376068373
16,17,-16.19,13.838793357933582,19.15885608856089,48.608339483394836,-36.513204428044276
17,18,22.28,21.45215598885794,18.17172144846797,48.30988300835654,-20.947257103064068
18,19,17.03,19.654478439425052,15.849166324435318,54.34530595482546,-23.153087885010265
19,20,-8.54,15.931448669201522,10.341695817490494,50.11084790874526,-16.063254372623575
20,21,15.69,18.39988477366255,5.179181069958848,44.73687654320988,-11.51860452674897
21,22,-13.26,21.924566666666667,10.12945,46.74899583333333,-22.424980833333333
22,23,17.6,21.93098866855524,8.388104815864024,37.90154674220963,-14.97393866855524
23,24,17.44,22.4833445229682,17.144093639575974,41.42986219081273,-26.837577561837456
