,cluster_id,curvature,x,y,z,average_potential
0,1,13.36,-20.21024315068493,-88.20653595890411,-16.522904109589042,-14.80074640410959
1,2,-1.14,-16.48433449477352,-99.55901393728222,-13.659940766550523,-19.13352020905923
2,3,10.56,-26.3555752688172,-94.2745,-11.490580645161288,-23.92602741935484
3,4,21.24,-17.021222222222224,-92.04252688172042,-11.608387096774193,-15.549625448028674
4,5,16.11,-18.740977152899823,-94.86528822495606,-4.518353251318103,-12.165044288224955
5,6,19.84,-21.2958087431694,-104.34602459016395,-6.1921967213114755,-10.998706284153005
6,7,18.83,-25.537241626794255,-104.02050478468898,-10.06501913875598,-19.107248564593302
7,8,-2.93,-29.051729411764704,-90.9861137254902,-18.320627450980393,-21.457013333333336
8,9,12.38,-32.96873263888889,-94.65456944444445,-30.354986111111113,-13.186321527777778
9,10,16.07,-36.36732439678284,-92.6001983914209,-24.32156568364611,-19.938254959785525
10,11,11.1,-39.074692579505296,-94.7521996466431,-19.1112332155477,-25.837009717314487
11,12,23.45,-32.47739145907474,-98.78505338078291,-12.841131672597866,-21.75801174377224
12,13,7.33,-37.475196022727275,-103.51260795454546,-17.361826704545454,-20.443653125
13,14,27.36,-23.49067281105991,-95.75159907834102,-32.035267281105995,-17.53700737327189
14,15,13.81,-24.580841145833332,-92.37397135416667,-26.448200520833336,-22.201924739583333
15,16,-22.81,-21.010664383561643,-101.38767123287671,-18.83468493150685,-35.29590205479452
16,17,19.56,-18.332121518987343,-99.30438227848101,-23.562131645569615,-20.995910886075947
17,18,-3.65,-26.98312132352941,-106.08238602941177,-23.85775367647059,-28.258566176470588
18,19,23.23,-33.95481057268722,-109.29791189427313,-18.547537444933923,-23.065740969162995
19,20,11.13,-28.4065519630485,-106.82107852193995,-17.00956351039261,-28.65367759815242
20,21,17.09,-36.69567515923566,-104.87867356687899,-27.583492038216555,-16.722195382165605
21,22,17.71,-25.659525139664805,-103.76237988826816,-31.049871508379887,-20.85790819366853
