,cluster_id,curvature,x,y,z,average_potential
0,1,20.98,-13.784967567567568,27.360308108108107,24.127837837837834,-21.075284054054052
1,2,17.47,-19.0546095505618,20.150101123595505,30.479323033707868,-9.476733146067415
2,3,14.89,-13.165321525885556,23.095019073569482,30.574765667574933,-22.435930245231607
3,4,16.95,-3.300799582463466,15.39264718162839,26.6554885177453,-20.771156993736952
4,5,15.21,-14.748595600676817,15.937648054145518,24.46469543147208,-22.178293062605757
5,6,25.0,-12.396476683937824,16.623295336787567,16.601435233160622,-18.07693419689119
6,7,21.46,-7.2007772277227735,11.541069306930693,19.392277227722772,-15.011343564356435
7,8,-4.03,2.308221105527638,30.295045226130654,25.68805778894473,-26.821623618090452
8,9,-9.61,-7.848846743295019,31.746919540229886,19.392547892720305,-21.005682758620694
9,10,16.28,-4.196227360308285,34.28489980732177,23.335032755298652,-19.786301926782276
10,11,-14.9,0.42617621145374446,21.771033039647573,31.934726872246696,-18.928
11,12,13.26,-6.056405440414508,30.596231865284974,32.47702849740933,-16.05360103626943
12,13,17.4,-9.143595679012346,24.558648148148148,16.038901234567906,-22.80944290123457
13,14,15.63,0.5532642140468227,16.976200668896322,13.619334448160537,-21.740403678929766
14,15,17.62,-4.899546583850932,19.46945548654244,10.884192546583852,-17.22697888198758
15,16,17.4,7.702438931297709,27.069118320610688,20.51354961832061,-19.24738358778626
16,17,17.43,2.1487315789473684,29.175931578947367,14.606417543859648,-19.89681912280702
17,18,15.87,9.001680761099365,19.87307822410148,19.67538689217759,-16.317222832980974
18,19,20.27,3.683950738916256,20.298284072249587,23.930806239737276,-36.33146469622332
