,cluster_id,curvature,x,y,z,average_potential
0,1,15.78,60.2293907455013,45.73661696658098,42.702475578406165,-7.352855784061696
1,2,18.18,53.75891097308489,47.3885652173913,43.79513043478261,-13.94191221532091
2,3,13.49,47.73422033898305,45.23473940677966,39.02217584745762,-17.542638135593222
3,4,14.27,49.41049317406143,42.602761092150175,31.674462457337885,-11.438215358361775
4,5,14.3,48.27967826086957,66.34039710144927,37.73388695652174,-13.401642028985506
5,6,20.49,54.68532857142857,65.47378095238095,38.22309523809524,-20.687327142857143
6,7,15.0,60.722707006369426,62.12942834394905,37.69546019108281,-17.67282388535032
7,8,19.89,62.54447040498443,60.240769470404985,31.73843302180685,-14.723214641744551
8,9,15.39,57.43570192307692,66.46028846153847,29.935517628205126,-13.067771153846154
9,10,19.03,42.85841592920353,56.31886504424779,36.60493584070797,-14.96318761061947
10,11,14.0,53.348305785123955,49.79748760330578,34.61334710743802,-20.971717355371897
11,12,-21.15,44.575908045977016,51.825394636015325,32.63721072796935,-21.49293639846743
12,13,-14.9,56.02942523364485,54.08985981308411,39.01848130841122,-28.32608271028037
13,14,-1.23,53.88931674208145,60.00275113122172,41.21916742081448,-21.36093257918552
14,15,-3.89,47.66837767220903,57.008123515439436,42.65379809976246,-18.97427505938242
15,16,19.44,52.24863122923588,49.82851495016611,26.83433887043189,-13.50333023255814
16,17,23.94,44.30182229965157,49.64239024390245,26.559825783972126,-9.320076655052265
17,18,29.02,43.686708333333335,57.46108796296297,27.778393518518516,-16.663586574074074
18,19,13.84,52.544105714285706,56.11643142857143,28.667142857142856,-20.167838
19,20,2.85,48.43718343195266,63.14357692307692,29.769068047337278,-18.42592869822485
