,cluster_id,curvature,x,y,z,average_potential
0,1,-12.48,5.938072780203785,-20.953292576419216,-12.14029694323144,-12.076277874818048
1,2,16.86,5.686357819905213,-15.026255924170616,-7.157163507109005,-16.739661374407582
2,3,-11.25,9.13351204819277,-5.131560240963855,-12.799222891566266,-17.478870481927714
3,4,9.74,7.677276595744681,-11.967595744680851,-15.853638297872342,-26.815085815602835
4,5,12.68,-2.9311679245283013,-10.16961320754717,-6.748943396226414,-45.38699660377359
5,6,19.11,-0.04823776223776231,-15.777234265734268,-17.120713286713286,-27.49840979020979
6,7,15.54,-5.4383787128712875,-11.638358910891089,-17.27318316831683,-18.144619059405944
7,8,-17.34,8.27425448028674,-4.566992831541219,-3.5336379928315416,-23.062345878136203
8,9,23.0,5.1988039215686275,-12.928533333333332,4.414996078431373,-9.079167843137256
9,10,16.31,5.655205882352941,-12.580125490196078,-2.2371862745098037,-23.25577411764706
10,11,22.16,5.858761565836298,3.3677686832740212,1.7401423487544485,-16.166363345195734
11,12,15.39,2.8733882503192847,-4.102154533844189,3.6806551724137924,-24.02856091954023
12,13,22.4,-9.133423267326734,-3.6553069306930697,-4.435482673267327,-23.560161386138617
13,14,20.32,-4.652988505747127,5.7732643678160915,-3.401649425287356,-14.268341666666666
14,15,24.85,-2.531658823529412,3.107229411764706,1.8480176470588237,-16.02006117647059
15,16,-14.54,-2.227303317535545,-2.9213981042654025,-3.4804786729857815,-50.435673459715645
16,17,-8.17,6.651751152073732,0.13173732718894007,-7.102202764976958,-26.32904792626728
17,18,21.05,3.992799442896936,6.207033426183844,-5.412220055710307,-21.914554596100277
18,19,10.46,-7.721693181818182,3.5624204545454545,-10.70939015151515,-20.316089393939393
19,20,16.9,0.3312062937062936,6.612667832167832,-14.654255244755245,-16.723038636363636
20,21,12.44,-10.12077694235589,-6.112661654135339,-13.929137844611528,-15.712590476190476
21,22,16.22,0.20450000000000004,-3.4707499999999993,-24.063596774193552,-13.098215322580645
22,23,19.72,4.05475296912114,-8.698574821852732,-22.413660332541568,-19.70517767220903
23,24,5.23,4.993538759689923,-0.6206472868217054,-17.573527131782946,-16.66501124031008
24,25,13.61,-4.492016786570744,0.10414868105515589,-20.320937649880094,-23.651146522781772
