,cluster_id,curvature,x,y,z,average_potential
0,1,22.78,35.328706185567015,87.78878350515464,68.98693298969073,-6.015102577319588
1,2,-12.88,35.994062717770035,89.69664634146342,61.24448780487804,-5.29676637630662
2,3,-15.05,37.91689705882352,77.09851838235294,52.6594669117647,-7.003405147058823
3,4,-16.17,36.44547975708502,76.15201012145748,58.144906882591094,-4.656086639676113
4,5,17.76,37.999493288590614,82.98584563758389,58.54230201342282,-7.456135906040268
5,6,14.06,43.89347091932458,80.76310694183866,54.24075234521576,-5.245220637898686
6,7,18.09,35.800891651865015,72.57941207815276,47.69079040852576,-7.865041030195381
7,8,16.54,39.710711286089236,70.21627034120736,42.61532283464567,-10.486757217847769
8,9,21.17,40.727415458937195,51.36594202898551,45.30075362318841,-2.7714236714975846
9,10,15.05,42.92542216981132,51.436044811320755,37.09602594339623,-7.235448113207547
10,11,15.72,42.93689546351085,62.850057199211044,43.51142603550296,-10.46107554240631
11,12,17.09,40.53924608501118,57.59742505592841,39.680944071588364,-8.851486129753914
