,cluster_id,curvature,x,y,z,average_potential
0,1,15.66,-7.146093167701864,57.4322701863354,15.846363354037265,-6.290736956521739
1,2,19.02,-10.158194029850746,64.38900895522389,19.95070149253731,-8.784720895522389
2,3,19.65,-15.626244635193133,60.62308154506438,17.792789699570815,-8.895618597997139
3,4,14.94,-9.301592,49.60944666666666,19.971410666666667,-10.201423466666666
4,5,19.11,-9.035517857142858,57.390742857142854,23.726848214285713,-8.355450357142857
