,cluster_id,curvature,x,y,z,average_potential
0,1,16.46,10.061145205479452,-1.5266849315068494,18.72996164383562,-11.687459726027399
1,2,16.05,11.382782918149466,-7.725199288256228,13.286790035587188,-14.182275088967971
2,3,3.88,11.649564575645757,-9.20508118081181,6.334767527675277,-33.06575092250923
3,4,6.05,18.818175675675672,-3.226655405405405,6.317668918918919,-16.33456554054054
4,5,-1.88,16.647,1.8925252100840333,1.3926386554621848,-25.75239201680672
5,6,14.44,13.371396265560168,5.257315352697095,7.459168049792532,-14.975051659751037
6,7,13.19,12.171741452991453,0.3157393162393162,11.16182264957265,-20.763150213675214
7,8,15.15,18.303256172839507,-7.163500000000001,-2.9630324074074075,-25.633624537037036
8,9,12.66,12.58911724137931,-8.103142528735633,-11.814625287356325,-16.72121908045977
9,10,16.39,16.38503696857671,0.4400277264325323,-8.308170055452864,-20.24228077634011
10,11,19.57,-0.30986885245901646,2.083532786885246,-7.707090163934426,-18.347645355191258
11,12,14.46,1.458237258347979,-3.9404586994727593,-4.389028119507908,-36.61750263620387
12,13,-4.15,7.8255184049079745,3.790969325153374,-3.1820705521472394,-19.2531763803681
13,14,15.0,7.371465346534654,-0.37114455445544564,-11.378746534653464,-21.109631683168317
14,15,-1.25,6.122543103448275,-0.4878362068965517,3.1912758620689647,-28.297037931034478
15,16,-16.71,1.262060209424084,-5.489557591623036,4.555541884816754,-21.785066492146594
16,17,15.6,5.038242825607064,-13.01517880794702,-6.789169977924945,-19.855521854304637
17,18,18.67,9.755825665859561,-14.648949152542373,-0.4929757869249394,-17.48841162227603
18,19,12.26,1.4842611683848799,-10.815687285223369,0.28462199312714775,-25.775756013745703
