,cluster_id,curvature,x,y,z,average_potential
0,1,17.86,45.12579761904762,26.96022023809524,7.117666666666667,-18.360655059523808
1,2,19.11,46.874071017274474,32.00430134357006,1.0176295585412667,-29.47472207293666
2,3,13.82,36.4345224416517,33.280368043087975,13.311263913824057,-19.304423339317772
3,4,7.78,36.734134228187926,21.889181208053692,4.335563758389262,-25.31451409395973
4,5,18.17,35.348946902654866,25.820865044247785,9.595807522123895,-19.139366371681415
5,6,-13.1,29.013503012048194,33.26837048192772,3.3135572289156623,-18.205940662650605
6,7,17.88,29.255234146341465,24.17833333333333,0.1797512195121951,-14.634130731707318
7,8,21.87,32.687270114942535,26.254339080459765,-6.584298850574713,-24.56278218390805
8,9,9.2,37.233,26.40741935483871,-9.096519354838708,-17.910146451612903
9,10,16.92,44.7623867403315,28.636828729281767,-6.0818950276243084,-13.337895580110496
10,11,19.39,41.45731944444445,23.369060185185187,0.09461111111111113,-22.82309722222222
11,12,6.17,42.46091049382716,36.48930555555555,-7.974716049382716,-21.017399691358023
12,13,17.64,31.287660944206007,42.87939484978541,-14.256888412017167,-12.332026394849786
13,14,16.29,35.24216842105263,42.865354385964906,-8.84179649122807,-19.852975789473685
14,15,-0.36,34.084664031620555,34.898272727272726,-12.153193675889327,-24.12067628458498
15,16,12.34,27.754266932270916,35.399946215139444,-6.7798745019920315,-26.391401992031874
16,17,17.8,47.17442897727272,34.29982954545454,10.984951704545454,-17.637454261363636
17,18,18.08,43.772666666666666,42.14618465227817,11.878069544364507,-20.194016786570746
18,19,-2.44,31.679140350877194,41.352732456140345,-0.8809780701754386,-21.937492982456142
19,20,-11.22,38.01597435897436,45.15181025641025,3.131897435897436,-21.808969743589742
20,21,13.21,34.317262886597945,39.76788144329897,6.682018041237113,-24.178751288659793
21,22,18.72,44.09170796460177,49.64867256637169,-0.9523598820058998,-11.81762418879056
22,23,17.41,39.24264213197969,45.99304822335026,-4.849467005076142,-20.050014720812182
23,24,17.65,46.23683870967742,45.932272952853594,5.618600496277916,-14.30617171215881
24,25,-11.0,43.13825448028674,39.75362186379928,2.7116953405017923,-52.69707724014337
