,cluster_id,curvature,x,y,z,average_potential
0,1,14.74,45.23730785562632,29.85129087048832,-3.492297239915074,-21.088466454352442
1,2,22.95,44.91429292929293,25.066680134680134,5.717865319865321,-18.476751178451178
2,3,-15.09,47.65669444444445,31.56686458333333,3.495350694444445,-30.07444236111111
3,4,16.07,35.0869693877551,31.930748979591836,12.871018367346938,-18.215182653061227
4,5,20.47,47.236537414965994,35.487054421768704,11.12399319727891,-17.39053163265306
5,6,18.23,44.07676174496644,30.179499999999994,11.5681677852349,-15.379825838926173
6,7,9.93,30.259590425531915,38.65789361702128,0.4796063829787234,-21.98141436170213
7,8,-1.66,32.92649723756906,38.28613812154696,6.355616022099448,-22.399430662983423
8,9,-15.3,28.118879999999994,24.006328,-2.100656,-14.42352293333333
9,10,14.71,26.759966244725735,32.755021097046416,-5.990299578059072,-21.258532911392408
10,11,-3.6,27.581717557251906,32.33754198473282,0.04275572519083971,-17.226765267175573
11,12,-2.44,38.50026627218935,22.887387573964496,-1.1112721893491122,-19.614413313609468
12,13,18.18,38.6159170984456,26.402150259067355,8.968870466321244,-26.02823419689119
13,14,12.84,31.879774530271398,24.30030688935282,6.717421711899791,-16.2180745302714
14,15,16.3,44.41999716713882,48.96733427762039,0.6486628895184136,-14.027060056657223
15,16,7.77,42.93447389558233,40.834586345381524,-4.495967871485943,-29.214028514056228
16,17,23.71,41.182912408759115,47.70516788321168,-4.650087591240875,-15.07428868613139
17,18,15.56,35.50905761316873,46.07681481481482,-0.9180617283950617,-16.025143621399174
18,19,-15.18,42.96196388261851,37.36074943566591,2.187611738148984,-56.24325620767494
19,20,-4.66,38.6079125,40.509965625,10.38111875,-23.9888896875
20,21,16.43,45.110090629800304,43.85170506912442,8.705308755760369,-22.82209692780338
21,22,15.9,31.69417636684303,42.70841093474427,-13.784583774250441,-13.467511816578483
22,23,12.77,34.680834024896264,42.98497095435685,-6.496058091286308,-23.09645767634855
23,24,12.42,29.642232258064517,36.85282258064516,-9.362322580645161,-27.554171290322582
24,25,-3.44,39.045893877551016,36.42187755102041,-10.480665306122448,-22.52411020408163
25,26,16.19,36.320684536082474,28.023960824742268,-9.344775257731959,-20.278599793814436
