,cluster_id,curvature,x,y,z,average_potential
0,1,17.88,46.64946501128668,40.81520090293454,10.064986455981941,-24.391972686230247
1,2,21.03,39.00872864321608,38.425226130653265,13.85097487437186,-19.017201005025125
2,3,20.65,43.73697542997543,31.847017199017202,12.831705159705159,-13.845904422604423
3,4,-13.11,44.37312331838565,35.589988789237665,2.308885650224215,-52.8660634529148
4,5,-11.03,45.90147692307692,31.33898846153846,6.8297384615384615,-24.006975769230767
5,6,21.19,45.89863821138212,49.67471544715447,-0.16862601626016255,-9.112865447154473
6,7,16.83,45.105712264150945,45.77954009433962,6.065346698113208,-16.477476179245283
7,8,10.9,42.793097402597404,36.38424025974027,-7.511772727272728,-19.02076038961039
8,9,17.57,35.741424812030075,45.268067669172936,-4.802417293233082,-16.792463533834585
9,10,15.63,42.11202791461412,44.50570443349754,-2.5166206896551726,-24.830950738916258
10,11,22.73,30.010949494949493,40.49406565656565,-7.164515151515152,-29.8024898989899
11,12,12.14,36.99818784530386,39.819392265193365,-10.624508287292818,-23.649209392265195
12,13,15.8,31.79728664495114,41.78051302931596,-13.8307328990228,-13.346924918566778
13,14,-13.76,27.932748110831234,25.330415617128462,-1.916294710327456,-13.551732997481109
14,15,19.37,31.032084210526314,21.58636842105263,3.025994736842106,-16.58985263157895
15,16,14.74,29.557488000000003,30.040855999999998,4.256252,-17.3616516
16,17,11.83,27.90256725146199,33.054327485380114,-6.813885964912282,-25.236404970760237
17,18,10.75,37.01672961373391,31.643532188841203,-11.211218884120171,-17.715844635193132
18,19,18.47,35.142368902439024,25.71056707317073,-7.9909237804878055,-22.688635975609756
19,20,21.74,43.23526027397261,24.180365296803654,6.344068493150683,-22.50051872146119
20,21,9.45,38.879663003663005,22.28265934065934,1.125018315018315,-22.066422344322344
21,22,16.37,42.8249359430605,25.937886120996442,-5.94797153024911,-14.833275800711743
22,23,17.31,46.446773299748116,30.411367758186394,-1.1210831234256926,-24.991357934508812
23,24,22.1,34.31082450331125,24.608198675496688,9.486986754966887,-15.968959602649006
24,25,18.64,33.943796257796265,31.90805613305613,11.767257796257795,-19.66341871101871
25,26,-2.44,29.86857993730408,37.41027272727273,1.3814733542319748,-20.934004388714733
26,27,13.64,33.872595890410956,43.129178082191785,1.8633013698630139,-19.23639794520548
27,28,-21.43,36.82504501607717,41.03667202572347,7.403147909967846,-25.807419292604497
