,cluster_id,curvature,x,y,z,average_potential
0,1,16.77,28.099469194312793,36.95976777251185,86.0288672985782,-20.206921800947867
1,2,13.83,32.32871153846154,37.70416208791209,80.01808791208792,-11.576443956043956
2,3,12.49,23.047110236220473,41.883640419947504,76.14465616797901,-15.30077217847769
3,4,20.03,27.08284090909091,37.490305194805195,72.73016233766234,-11.408025
4,5,14.81,25.855777517564402,33.37457142857143,79.3708149882904,-15.043077049180328
5,6,20.34,18.483015384615385,50.84921282051282,95.0718717948718,-14.107786666666666
6,7,13.17,20.836185975609755,53.973423780487806,90.11843292682926,-16.13015335365854
7,8,19.95,18.613312903225808,60.186703225806454,91.2809193548387,-7.859383225806452
8,9,12.62,25.40519968051118,58.054562300319496,90.15013099041533,-10.174052236421726
9,10,16.1,18.382328925619838,44.46651404958678,99.44991074380165,-11.29220297520661
10,11,16.23,16.719031512605042,40.01701260504201,91.15411764705883,-24.144157142857143
11,12,-10.48,13.408733509234828,48.42704485488126,90.3551240105541,-10.824555672823221
12,13,19.92,27.21955498721227,46.66462148337595,91.16,-15.560538874680308
13,14,17.19,27.988202868852458,42.18718852459016,88.09906147540984,-21.70554774590164
14,15,18.25,20.419640091116175,46.55165375854214,80.08101594533031,-20.872556264236906
15,16,14.88,16.956089887640452,38.74880056179775,83.86741292134832,-17.086105056179775
