,cluster_id,curvature,x,y,z,average_potential
0,1,14.07,31.677913043478263,41.6112347826087,-13.71641884057971,-14.620975362318841
1,2,-2.22,31.5033547008547,41.805470085470084,-5.168517094017094,-26.250449572649572
2,3,13.72,38.91739682539682,39.97932936507937,-9.129849206349204,-20.633584126984125
3,4,10.27,42.923446107784436,25.306299401197606,-3.927374251497006,-15.42385868263473
4,5,8.5,44.01534772182254,33.58149160671463,-5.065525179856115,-24.7945690647482
5,6,19.96,26.916673469387753,35.18608673469388,-5.097076530612245,-25.510088265306123
6,7,13.77,34.04068125,29.706845833333333,-10.127639583333332,-22.308443125
7,8,-20.54,29.308521739130434,37.56473913043478,2.6335217391304346,-19.778192391304348
8,9,16.2,28.822521739130437,31.266268115942033,4.110572463768116,-15.728410869565218
9,10,5.44,32.89803296703297,24.876556776556775,-4.509945054945056,-22.486863736263736
10,11,17.8,28.003424307036248,24.214501066098077,0.5288784648187633,-13.581505970149252
11,12,17.85,43.95928686327076,49.14463002680965,-0.14527345844504028,-14.424376139410187
12,13,16.29,39.79624425887265,45.98960542797495,-4.012609603340292,-20.718949269311068
13,14,9.01,33.639692307692314,43.87136842105263,2.4191943319838054,-17.452004858299595
14,15,-0.8,36.89802941176471,41.084252941176466,7.178138235294118,-26.20115382352941
15,16,17.8,46.174673469387756,45.09089795918367,7.415851576994434,-16.792224860853434
16,17,15.65,44.2842380952381,38.330933075933075,3.572378378378379,-58.85489897039898
17,18,17.4,45.94484135472371,33.70070944741533,11.673786096256686,-16.239149019607844
18,19,19.66,40.74790374331551,39.682893048128335,13.982561497326204,-17.75171818181818
19,20,10.38,36.919311475409835,34.7393825136612,13.822519125683064,-18.135309836065574
20,21,-2.35,31.92303543307087,33.85902362204724,10.231673228346455,-24.564324803149606
21,22,19.74,33.6074104477612,27.06782338308458,11.28941791044776,-13.51193383084577
22,23,-1.67,37.836454545454544,22.901340326340325,4.796291375291375,-25.67645407925408
23,24,16.92,44.19206458797328,24.636815144766143,8.951605790645878,-16.151683964365255
24,25,-4.42,46.74340127388535,29.56528662420382,3.046449044585987,-26.218221974522297
