,cluster_id,curvature,x,y,z,average_potential
0,1,11.83,33.591180722891565,25.246126506024098,-6.924240963855421,-19.22099186746988
1,2,17.44,27.023024822695035,24.365074468085105,-0.966209219858156,-10.18707375886525
2,3,15.57,26.87763309352518,31.38464388489209,-3.631212230215828,-18.70373381294964
3,4,16.59,31.761212500000003,42.28747321428572,-14.110275000000001,-13.351912142857143
4,5,22.97,27.935454166666663,38.695637500000004,-6.95665,-29.91426166666667
5,6,-2.69,31.395267206477733,33.12232793522267,-10.634651821862349,-27.806671255060728
6,7,-0.25,29.242156028368797,38.25588652482269,0.5515,-19.47979078014184
7,8,-2.0,43.89508675799087,34.37702739726027,-6.494114155251141,-18.794197716894978
8,9,11.81,38.562066455696204,32.43761392405063,-10.279689873417722,-25.389284493670885
9,10,25.62,32.839453441295554,25.147530364372468,10.656170040485831,-12.457387449392714
10,11,21.91,31.204227586206898,22.697693103448277,3.546431034482759,-17.865377586206897
11,12,-4.97,30.00009223300971,32.30848543689321,5.244844660194175,-19.91508398058252
12,13,22.99,34.16855528846154,31.68568269230769,12.501471153846154,-18.95143389423077
13,14,-11.36,43.86891764705882,25.987869117647058,9.907129411764705,-15.893116764705884
14,15,18.37,39.691588397790056,22.83906077348066,3.518577348066298,-25.446903591160222
15,16,23.58,46.91067073170733,28.984020325203254,1.0019756097560975,-23.697766260162602
16,17,16.1,41.85655709342561,25.021259515570936,-4.891692041522491,-15.238723529411763
17,18,16.54,47.172895652173914,33.31451304347826,7.803698550724637,-24.81430289855072
18,19,12.08,40.056787465940054,35.91128882833788,13.136196185286103,-20.871643596730248
19,20,17.12,46.16697391304348,45.58972826086957,5.39130652173913,-16.927929782608697
20,21,17.71,43.651793499043976,41.96061950286807,11.896114722753346,-18.709458126195027
21,22,10.69,35.91451505016722,41.578494983277594,6.304819397993311,-23.59500635451505
22,23,-19.91,42.985941747572824,41.58954854368932,-2.3968252427184464,-39.151512621359224
23,24,13.71,44.071953886693024,37.61224374176548,2.780284584980237,-61.79222911725956
24,25,17.52,43.35202764976958,48.95268202764977,-1.4193410138248845,-13.931503686635946
25,26,-16.81,38.744931740614334,43.849331058020475,-8.22023890784983,-16.06109146757679
26,27,14.3,34.62063573085847,45.108064965197215,-2.098155452436195,-18.788791647331788
