,cluster_id,curvature,x,y,z,average_potential
0,1,-1.47,30.166060747663558,40.43896261682243,-4.178210280373832,-26.384699065420563
1,2,19.84,31.37024,35.78505333333333,-10.439516666666668,-30.645872666666666
2,3,21.01,36.09073478260869,41.5786652173913,-9.546660869565217,-21.272889130434788
3,4,16.62,31.241454379562043,42.56759124087591,-13.703253649635036,-13.166023905109489
4,5,18.72,47.433922872340425,36.46070744680851,9.700018617021277,-24.374321808510636
5,6,13.88,41.11075048732944,34.44889668615984,13.589261208576998,-16.109623196881092
6,7,13.59,43.45583272058824,38.27309742647059,3.153205882352941,-68.26111433823529
7,8,24.31,44.85075647668394,43.17291191709844,11.080891191709846,-13.714286528497407
8,9,-0.91,38.23421999999999,41.426815000000005,7.64552,-26.908015999999996
9,10,25.83,45.540205263157894,50.65838947368422,-0.708742105263158,-7.066421578947367
10,11,15.87,45.71431015037594,45.44842857142857,4.951892857142857,-18.37088214285714
11,12,-3.03,42.222468852459016,42.43246229508197,-3.8765901639344267,-33.817045245901646
12,13,17.49,39.58639944903582,47.49161983471074,-3.65030303030303,-14.871031680440769
13,14,19.81,35.46950649350649,45.09131818181818,1.0323116883116885,-17.961864935064934
14,15,-3.31,32.02759154929577,40.219468309859145,3.3953943661971837,-19.90362253521127
15,16,10.46,42.441618852459015,35.28969262295081,-7.612106557377049,-21.70374713114754
16,17,-13.26,46.98849596774194,32.41565725806452,0.09956451612903224,-28.68133588709678
17,18,16.87,45.181343749999996,28.938567708333334,-5.289765624999999,-13.227713541666667
18,19,19.05,38.98590441176471,25.137856617647056,-6.217514705882353,-20.79758198529412
19,20,13.37,33.869421319796956,28.01575634517766,-9.71827918781726,-21.458756345177665
20,21,16.56,26.14270212765957,32.58586170212766,-5.429425531914894,-20.185835638297874
21,22,-0.68,28.726471380471377,33.379690235690234,3.013723905723906,-16.999663973063974
22,23,10.96,43.32523770491803,23.98527459016394,1.0691803278688525,-17.70536721311475
23,24,11.57,44.28643333333333,26.260402564102566,7.675067948717949,-23.180577564102563
24,25,17.51,33.20450427350427,35.85722222222221,10.380363247863249,-25.83624829059829
25,26,19.26,33.69519161676647,27.327153692614772,11.276986027944112,-15.82485748502994
26,27,13.83,36.14243894389439,22.392792079207922,3.821244224422442,-26.76865709570957
27,28,17.84,28.48237924865832,24.41339892665474,0.263515205724508,-14.239226833631484
