,cluster_id,curvature,x,y,z,average_potential
0,1,13.29,65.16322012578615,15.494507337526203,36.82752201257862,-13.300717610062895
1,2,-16.33,73.05734210526315,15.763846491228069,43.558701754385964,-58.188328508771924
2,3,18.53,65.42073571428573,18.11888809523809,42.72698809523809,-19.829043095238095
3,4,10.92,86.67053738317756,15.361065420560747,50.69406542056074,-35.58487803738318
4,5,20.47,79.36359024390244,21.80247317073171,50.82425365853659,-20.14588975609756
5,6,19.27,81.04093251533742,17.251509202453988,55.275745398773005,-15.31669018404908
6,7,-1.58,74.69930434782609,20.224541501976287,47.88235177865613,-29.71372173913043
7,8,14.61,77.37047357723577,21.283912601626017,41.9235162601626,-47.30594166666667
8,9,-14.55,81.39756804733729,6.032121301775148,40.49984615384616,-22.419393195266274
9,10,9.08,72.59665329512895,8.68221776504298,39.3410659025788,-20.267627507163326
10,11,25.33,77.35303153153153,2.869558558558559,46.08365315315316,-21.80778783783784
11,12,15.67,72.81277408637872,6.353647840531562,51.12214950166113,-20.293986710963456
12,13,20.43,73.08863865546219,13.891899159663867,53.83733333333333,-17.126536974789918
13,14,19.9,67.49661515151516,6.643545454545454,47.9732,-16.714159696969695
14,15,13.42,66.70729391891891,13.287847972972974,46.685375,-31.16162297297297
15,16,15.75,83.30895089285714,19.416239583333336,28.582311011904764,-18.002821130952384
16,17,19.85,76.19204885057472,21.901393678160918,34.24831034482759,-20.662755747126436
17,18,17.35,72.20643866943868,16.088172557172555,32.260245322245325,-18.8707474012474
18,19,17.04,82.22752952380954,6.527201904761904,52.50521904761905,-15.182801142857143
19,20,16.92,89.09012162162162,8.347454054054054,48.311059459459464,-17.597596756756758
20,21,13.6,87.08385937499999,22.647942708333336,47.28127604166667,-13.585934895833333
21,22,7.47,86.40083882783883,23.01549816849817,40.0580402930403,-20.19231501831502
22,23,24.14,88.04203317535544,8.54130805687204,35.48219905213271,-20.84186208530805
23,24,9.11,82.60623381294964,11.47671942446043,32.81051438848921,-24.840596402877697
24,25,-3.07,90.54897368421052,18.36076023391813,36.12070760233919,-19.25630467836257
25,26,16.67,91.62114856230032,11.679458466453674,41.86041853035144,-17.645910223642172
