,cluster_id,curvature,x,y,z,average_potential
0,1,-3.22,-8.864520833333332,62.348887500000004,50.621183333333335,-34.696547499999994
1,2,-2.6,-6.935948369565217,63.880078804347825,45.02540760869565,-16.632310326086955
2,3,14.8,-16.87143970315399,63.46799628942486,43.180426716141,-12.790383858998144
3,4,19.86,-6.543223443223444,58.72975824175825,40.67496703296703,-16.196021978021978
4,5,17.83,-11.413930599369086,58.24610725552049,36.37015772870662,-13.608069085173502
5,6,11.34,-12.74296183206107,53.73186641221374,45.511019083969465,-22.053601908396946
6,7,12.13,-18.38621195652174,59.40153260869565,49.333000000000006,-17.902323369565217
7,8,12.34,-18.16225,51.667212500000005,50.486262499999995,-21.823214375
8,9,5.07,-9.395986725663718,48.35753539823009,51.25645575221239,-25.62715663716814
9,10,-1.8,-1.9781285714285717,51.33898095238095,52.907195238095234,-19.098963333333334
10,11,17.13,-2.753099567099567,55.872218614718626,46.61550649350649,-16.489974242424243
11,12,15.09,-28.953804790419163,61.24325868263473,71.77586826347306,-10.100907185628742
12,13,16.55,-22.43070523415978,56.605655647382925,70.88146280991737,-15.998523691460056
13,14,15.7,-25.937073825503358,57.908882550335576,62.95005704697986,-19.08013087248322
14,15,13.17,-21.017962577962578,62.764744282744275,65.96964241164241,-19.64497214137214
15,16,16.95,-10.313677142857143,51.743165714285716,70.56377714285715,-21.426131428571427
16,17,16.43,-6.866442060085837,55.65062875536481,67.49663948497854,-19.74511974248927
17,18,17.08,-0.23491039426523294,55.45940322580645,61.879519713261644,-19.532979211469534
18,19,-6.92,-10.315683544303798,59.92305696202532,56.56255063291139,-48.5472335443038
19,20,16.74,-4.068217948717949,60.4804188034188,57.36884829059829,-26.37434423076923
20,21,22.8,-17.08285483870968,62.485534946236555,57.829088709677414,-20.93879650537634
21,22,-4.86,-21.083490566037735,57.277618867924524,57.39944528301887,-29.525915849056602
22,23,14.66,-21.601235555555558,50.430733333333336,62.55880888888889,-16.186547555555556
23,24,-2.38,-16.12133073929961,55.13129571984436,65.23691439688717,-34.46006887159534
24,25,12.84,-6.619328063241107,46.62549604743082,61.839298418972334,-30.84877845849802
25,26,18.08,-14.895814465408804,44.96822641509434,66.68599371069182,-18.056962578616353
26,27,-9.83,-17.266910179640718,49.1199251497006,56.222832335329336,-39.661743712574854
27,28,16.89,-13.251153398058252,41.695118446601946,57.30899611650486,-19.84469126213592
