,cluster_id,curvature,x,y,z,average_potential
0,1,14.59,-12.053794900221728,15.522849223946785,8.174975609756096,0.27786662971175163
1,2,18.85,-7.124101851851852,10.566664351851852,7.431497685185184,1.3774928240740738
2,3,-16.79,-13.930393220338981,12.181518644067797,1.7650338983050846,-5.121114237288134
3,4,20.95,-8.116081027667985,8.296140316205532,2.3829920948616596,-2.568967193675889
4,5,14.91,-5.131359550561798,7.748340823970038,-15.47883895131086,-1.6012456928838952
5,6,12.7,-0.04851057827926658,6.884788434414669,-11.368260930888574,-0.06601043723554299
6,7,19.76,-3.175704545454545,1.5282556818181818,-5.448065340909091,0.2146619318181818
7,8,18.83,-7.370124555160142,1.920039145907473,-11.900295373665479,-0.6122772241992884
8,9,18.98,-11.249241418764301,5.511852402745996,-5.327440503432494,-1.0135188787185354
9,10,-12.35,-6.755768041237112,11.643046391752579,-6.470628865979382,1.7393649484536082
10,11,6.67,-4.1009933774834435,7.931728476821194,-1.3292582781456954,1.502241059602649
