,cluster_id,curvature,x,y,z,average_potential
0,1,19.33,33.88020153061225,64.8273775510204,9.537737244897958,-10.410511734693879
1,2,13.4,39.599183720930235,64.17191627906976,7.677927906976744,-12.200373255813954
2,3,-14.93,18.595350446428572,53.372100446428576,-3.7826428571428568,-8.574785267857143
3,4,19.61,21.064295918367346,61.13324897959183,8.497910204081634,-11.294515714285716
4,5,17.61,26.940648484848484,62.7072,9.251734545454546,-11.252874545454544
5,6,17.56,18.029679653679654,66.16898484848484,4.71924025974026,-13.896890476190476
6,7,16.42,16.121036818851252,59.18087187039764,2.0283136966126656,-9.871734756995583
