,cluster_id,curvature,x,y,z,average_potential
0,1,16.23,-18.425874407582942,5.817090047393365,2.343542654028436,3.0343229857819907
1,2,18.07,-13.774896331738438,11.14186283891547,3.440334928229665,-0.8998207336523125
2,3,-10.54,-6.159024729520865,11.544193199381763,4.892369397217929,2.9575650695517774
3,4,14.02,-10.161268505079825,17.29919593613933,1.4190711175616837,2.384419013062409
4,5,20.26,19.472521126760565,4.217230985915493,-0.051594366197183106,5.043079154929577
5,6,14.95,20.901793402777777,1.7770208333333335,-5.579081597222221,1.2136085069444447
6,7,12.29,11.362724792408066,-3.1694899169632267,-10.800393831553974,1.1366085409252669
7,8,22.46,11.980540540540542,0.8384654654654655,-3.4843813813813815,4.198714114114114
8,9,13.83,17.133417040358744,-5.552713004484305,-4.842689088191331,4.496795067264574
9,10,14.47,13.619800376647833,8.19872693032015,2.1561412429378533,2.039754990583804
10,11,21.96,9.17056868131868,12.954299450549449,-2.8969203296703303,1.701418956043956
11,12,18.41,5.503009784735812,7.2344637964774945,-1.799964774951076,2.1183025440313115
12,13,16.68,-3.251627777777778,19.614938888888886,-0.24778611111111112,2.413366666666667
13,14,13.98,1.6159745222929938,14.578138004246284,3.732588110403397,3.543621443736731
14,15,21.64,5.561370192307692,18.193545673076922,-1.3894471153846153,2.69555360576923
15,16,13.61,0.10719471947194725,13.008655115511552,-5.703612211221122,3.1448768976897687
