,cluster_id,curvature,x,y,z,average_potential
0,1,11.23,27.553813760379597,15.956749703440096,0.5340747330960854,0.7463965599051007
1,2,14.52,15.483946666666666,5.584117142857143,7.580819047619048,-1.9722379047619047
2,3,18.04,21.77750644567219,10.167793738489872,4.107500920810312,-0.9362359116022101
3,4,16.38,22.256688841201715,2.297744635193133,3.718774678111588,-2.5348562231759657
4,5,18.93,4.898273897058823,-7.250840073529411,-9.018454044117647,-5.624622058823529
5,6,8.84,1.1101654676258992,-4.60823381294964,-4.590287769784173,-0.984118345323741
6,7,-13.95,-2.514371024734982,-14.65606360424028,-5.425846289752651,-2.8425583038869258
7,8,17.2,4.687225680933853,-13.720626459143968,-2.7706225680933856,-2.867904280155642
8,9,12.05,11.040469798657716,-0.2577953020134228,-8.733969798657718,-1.1943969798657719
9,10,-3.55,12.211759842519687,4.767952755905512,-3.3339724409448817,0.6302543307086612
10,11,-6.88,5.97482630272953,3.4464193548387096,-3.024612903225806,0.510024317617866
11,12,20.65,20.30940582524272,1.2404718446601941,-4.5647980582524275,0.9276184466019417
12,13,19.14,16.474458015267174,-5.390083969465649,-8.582496183206105,0.6291354961832062
13,14,-10.6,13.890332432432434,-10.475783783783784,-4.310054054054054,2.537956216216216
14,15,-3.25,19.543729508196723,-7.330857923497268,0.6554453551912568,0.8645540983606557
15,16,6.05,13.653599999999999,-12.134643333333333,2.3015566666666665,-2.922214
16,17,15.47,17.289195266272188,-8.050816568047336,8.13712426035503,2.1170701183431953
17,18,19.5,4.360602380952381,2.598840476190476,4.951561904761904,-3.6365147619047624
18,19,10.66,5.748267515923567,0.011556263269638972,10.470178343949044,-5.026357749469214
19,20,12.89,8.635839441535776,-7.535753926701569,9.493821989528795,-0.8900307155322862
20,21,20.32,4.795009546539379,-9.959634844868736,1.3188806682577567,-1.3874821002386635
21,22,13.64,1.03985559566787,-4.839971119133574,4.972646209386283,-4.074155234657041
