,cluster_id,curvature,x,y,z,average_potential
0,1,21.07,18.341826484018267,70.90942465753425,18.995214611872147,-5.572836529680366
1,2,20.14,15.328264367816091,77.00636781609195,20.686221264367813,-14.784745402298851
2,3,13.61,16.493464285714282,82.63405612244898,23.35214030612245,-12.61404362244898
3,4,-2.15,19.590095238095238,81.48677142857143,14.899442857142857,-18.639957142857146
4,5,-0.99,18.89177289377289,83.93675457875457,9.21791575091575,-23.736027838827837
5,6,18.49,13.051712918660288,73.5813038277512,7.722086124401914,-13.527315789473683
6,7,15.82,9.558996441281138,78.7829644128114,5.753494661921708,-20.173239857651243
7,8,22.28,12.345857723577232,74.37130081300813,15.071264227642276,-16.982529674796748
8,9,-4.53,8.197896694214874,80.72046694214875,15.990086776859505,-19.69968181818182
9,10,12.02,5.6654441747572815,85.73746116504854,12.679436893203885,-25.761096116504852
10,11,16.56,2.9264553376906317,95.18298910675381,6.387949891067539,-20.432712418300657
11,12,20.67,3.5320707964601774,87.31748672566371,6.6035796460177,-25.26012743362832
12,13,11.35,4.719368571428571,91.65679999999999,0.49874285714285704,-18.843567999999998
13,14,-1.46,12.643128834355828,98.2486901840491,0.571935582822086,-19.467984662576686
14,15,-13.53,12.30304693877551,104.42069795918367,6.443326530612244,-16.534313469387754
15,16,16.34,13.737397350993378,97.3224105960265,15.129260927152316,-23.2689659602649
16,17,14.59,21.9785990990991,91.86388738738741,12.481729729729729,-15.65101621621622
17,18,16.75,17.098417344173445,89.22928184281844,17.54291327913279,-23.91342764227642
18,19,21.2,19.59858148148148,99.27477407407409,8.415077777777778,-19.35309
19,20,7.2,20.54627044025158,96.39491194968554,0.8103773584905658,-17.671154716981132
20,21,13.46,22.614497716894974,92.02656621004566,4.71546803652968,-29.133128310502283
21,22,14.01,10.800035190615835,83.82587096774195,1.498208211143695,-21.60303460410557
22,23,20.03,17.141316017316015,86.2833896103896,0.7203376623376627,-21.656163636363637
23,24,17.6,16.782404191616767,91.70398203592815,-2.5658413173652694,-15.701249101796407
