,cluster_id,curvature,x,y,z,average_potential
0,1,13.07,58.178594707520894,32.522445682451256,37.675105849582174,-6.629797353760445
1,2,20.38,57.58251453488373,25.449258720930228,35.998232558139534,-8.880678779069768
2,3,18.42,62.07998726114649,18.80499363057325,37.67671656050956,-11.988278662420383
3,4,11.02,56.2398125,21.01625201612903,40.89379435483871,-14.388550000000002
4,5,15.87,57.1898695652174,14.849529891304348,45.71847010869565,-16.351069021739132
5,6,14.31,53.68318627450981,14.61273725490196,38.28313921568627,-16.26754
6,7,11.73,49.40314196242171,11.18825260960334,51.2289394572025,-13.467563465553237
7,8,17.66,50.246598116169544,11.420897959183673,44.59589952904239,-14.68029733124019
8,9,17.87,39.61591935483871,10.843083333333334,60.82482258064516,-8.916501075268817
9,10,15.76,36.9268288,4.350659200000001,59.4055568,-7.791703679999999
10,11,15.95,44.11142126514132,9.702464333781966,56.50640915208614,-14.905738761776583
11,12,14.44,41.656045454545456,6.208051319648093,49.47179178885631,-14.001358504398826
