,cluster_id,curvature,x,y,z,average_potential
0,1,18.48,21.381901639344267,-15.63283606557377,-11.107110655737706,-16.107580327868853
1,2,13.39,17.95786374133949,-13.419450346420321,-4.730600461893765,-25.054367436489603
2,3,-11.31,8.721400000000001,-15.888084000000001,-8.720021333333333,-20.138650266666666
3,4,17.79,4.312915865384616,-7.92809375,-14.815432692307693,-17.832086298076923
4,5,-1.93,11.303934508816122,-14.01005541561713,-18.468317380352644,-20.190269017632243
5,6,-17.42,13.454829694323143,1.3292663755458514,-13.522890829694322,-21.792034934497817
6,7,16.55,7.7216176470588245,-0.5224963235294118,-10.307227941176471,-24.50344301470588
7,8,16.85,9.53411023622047,-8.854318897637794,1.2598188976377953,-19.10681062992126
8,9,17.14,4.968945631067961,-6.687722330097087,-3.952726213592233,-17.764278834951458
9,10,14.34,27.13668579234973,1.435549180327869,-3.9447568306010927,-15.41591393442623
10,11,15.37,22.937785847299814,-0.8807318435754189,2.5035102420856608,-19.30133016759777
11,12,-14.61,17.168908872901678,-5.924479616306954,-3.4335035971223027,-60.179952757793764
12,13,-13.0,12.921323699421967,1.4608901734104045,-5.193526011560694,-22.61835895953757
13,14,-16.68,19.038553956834534,2.501827338129496,-2.4629172661870506,-21.282823381294968
14,15,25.64,7.843064102564103,0.9430470085470085,0.738440170940171,-15.004097435897435
15,16,17.82,14.335295880149813,-2.501556179775281,4.719226591760299,-17.67097584269663
16,17,-11.99,17.24480701754386,-8.287345029239766,-21.557497076023395,-20.610305263157894
17,18,18.4,21.28601098901099,-12.909788461538463,-18.23176098901099,-19.35839065934066
18,19,14.32,11.915225694444445,-3.803270833333333,-19.742204861111112,-16.569848263888886
19,20,13.77,20.295057815845826,-2.4399057815845824,-22.33072376873662,-18.734038329764456
20,21,16.05,32.4262324929972,1.9598711484593836,-9.952187675070027,-9.14716806722689
21,22,14.93,28.069086142322096,1.3162827715355805,-15.913576779026219,-21.698078277153556
22,23,-2.27,20.048807829181495,2.804512455516014,-12.016637010676158,-20.855491103202848
23,24,9.49,25.946649999999998,-6.9853875,-5.569575,-26.17866625
24,25,7.43,27.64350783699059,-7.784996865203761,-14.108300940438873,-24.308461128526645
