,cluster_id,curvature,x,y,z,average_potential
0,1,21.89,-3.4239262820512817,-1.39375,0.8413717948717948,-8.483208012820514
1,2,13.0,0.5662366666666666,3.585563333333333,1.7975733333333335,-15.969113666666669
2,3,16.12,-3.3699784366576817,7.15090026954178,-5.428242587601079,-12.547966037735849
3,4,13.96,-8.235022889842632,4.607050071530758,-1.0973433476394852,-15.414004577968527
4,5,19.62,5.2827718794835015,13.0868981348637,9.122908177905307,-12.327129268292682
5,6,19.18,0.5010389610389613,11.075017709563165,4.164068476977568,-14.082115938606849
6,7,19.44,12.164128906250001,28.43781640625,9.64271484375,-5.311339453125
7,8,15.17,9.750464713715047,18.16040878828229,14.306712383488682,-8.849624766977364
8,9,12.45,8.460927472527473,21.485556043956045,8.03903956043956,-12.451229450549452
