,cluster_id,curvature,x,y,z,average_potential
0,1,11.94,0.3083075630252103,-13.107566386554623,-9.43162857142857,-9.544858655462184
1,2,14.54,6.524544626593808,-14.156136612021857,-16.626462659380692,-16.566081967213112
2,3,17.41,8.965128762541807,-16.802038461538462,-9.010908026755853,-11.278778929765886
3,4,19.1,11.81252094972067,-21.918335195530723,-13.755793296089387,-14.760453351955308
4,5,17.7,16.798606365159127,-24.16478391959799,-13.46139363484087,-11.579020100502511
5,6,13.21,23.70007692307692,-33.727477732793524,-15.116467611336033,-7.980802834008097
6,7,16.52,27.12702777777778,-30.521046296296298,-18.33235648148148,-8.800659027777778
7,8,21.35,23.435177304964544,-26.589992907801413,-11.389120567375887,-6.77851914893617
8,9,14.13,20.274044444444442,-27.395427777777776,-18.508864814814814,-10.881948518518517
