,cluster_id,curvature,x,y,z,average_potential
0,1,14.11,57.380884090909085,43.49557954545455,47.567793181818175,-10.77127159090909
1,2,14.67,57.8817393939394,35.969233333333335,47.903489393939395,-7.241737878787879
2,3,9.86,47.618218588640275,47.45719793459553,40.3087091222031,-30.709604819277114
3,4,10.49,50.8213436123348,39.89779735682819,46.170022026431724,-14.904816079295154
4,5,11.88,47.332425882352936,44.54683764705882,46.51248705882353,-23.703650352941178
5,6,19.79,27.159386018237083,57.05635562310031,30.705288753799394,-21.222469908814592
6,7,-12.39,30.45332407407407,61.66467129629629,36.43871990740741,-14.593534027777777
7,8,-18.77,23.130315789473684,56.729323886639676,37.37338866396762,-26.800335627530362
8,9,14.5,18.60447606019152,52.616492476060195,34.3608755129959,-15.940234473324212
9,10,18.84,29.028979472140755,56.968624633431084,45.335284457478004,-20.99320205278592
10,11,-4.45,28.23173191489362,50.56907234042554,44.31565531914894,-29.627685106382977
11,12,15.59,22.04859661016949,50.21323389830508,42.04350508474576,-22.49743525423729
12,13,-13.44,42.0049945799458,37.85928997289973,31.853476964769644,-13.013775338753387
13,14,21.42,46.195793814432996,42.339024054982815,35.58858419243986,-25.77931202749141
14,15,19.0,42.302675862068966,36.09310804597701,39.423894252873566,-20.2772324137931
15,16,19.91,32.18726206896552,35.77463908045977,36.275480459770115,-16.218476551724137
16,17,14.82,32.86939698492463,44.77736180904523,43.71791457286433,-30.283405025125628
17,18,19.87,34.861999999999995,39.053221938775515,41.95556632653061,-20.96503086734694
18,19,18.97,25.566235827664407,43.12612925170068,36.397605442176875,-20.415069614512472
19,20,-15.58,29.92571940298508,49.59837313432836,32.52733731343283,-38.6448728358209
20,21,14.61,35.22676219512195,45.71511890243903,30.493942073170736,-29.513625914634147
21,22,10.71,36.34992369477912,52.25591967871486,45.18819277108434,-24.7607843373494
22,23,19.06,41.19578521126761,49.742165492957746,47.43885211267606,-18.76810985915493
23,24,19.66,43.12723529411765,51.36200635930047,32.01654054054054,-20.614192845786963
24,25,-12.79,37.75476551724138,56.00462413793103,39.82499310344827,-30.190487931034482
25,26,16.06,36.39152310924369,57.4243256302521,30.224607142857145,-19.099162394957986
