,cluster_id,curvature,x,y,z,average_potential
0,1,17.71,45.729771573604054,18.186946700507615,19.824147208121826,-0.38754060913705585
1,2,16.58,41.329863344051454,17.756639871382635,26.127270096463022,-1.579229581993569
2,3,12.43,31.915080196399348,-5.666613747954174,19.556854337152213,-1.9832818330605566
3,4,12.96,24.39208431703204,-6.867827993254637,18.781305227655988,-4.389019898819562
4,5,16.68,21.825406779661016,-0.7477288135593219,17.28929872881356,-7.311333262711865
5,6,11.8,27.10392355694228,-1.2148502340093605,12.596603744149766,-4.170273166926677
6,7,9.06,27.001312020460354,2.834337595907928,24.633345268542207,-2.849265984654732
7,8,-5.68,30.9703579766537,6.694270428015564,18.710533073929962,-1.8859846303501946
8,9,-16.76,34.32238419618529,-0.35646049046321526,25.680713896457767,-0.2342493188010899
9,10,17.89,38.29048134991119,4.768301953818828,23.321603907637652,1.3449110124333925
10,11,14.55,36.03246291866029,11.912034688995217,27.111546650717703,-4.184254425837321
11,12,27.92,22.43768181818182,11.33872159090909,25.477238636363634,1.8444846590909092
12,13,20.02,28.45047358490566,9.76404716981132,27.700069811320756,-0.2806201886792453
