,cluster_id,curvature,x,y,z,average_potential
0,1,-12.52,19.9301734006734,4.661030303030303,15.79822558922559,-10.475802525252526
1,2,16.68,18.473825842696623,11.510024344569288,19.987432584269666,-5.208511048689139
2,3,19.78,20.707175895765474,-16.302511400651465,-5.913788273615634,-15.906402280130294
3,4,13.72,27.532492857142856,-13.152439285714285,-8.389028571428572,-13.65350642857143
4,5,13.92,30.077608938547485,-9.989625698324023,-2.0062532588454376,-19.229975046554934
5,6,16.36,22.497627192982456,-0.15187573099415208,7.82004970760234,-20.175407894736843
6,7,-7.37,24.966552419354837,-12.013834677419355,3.378141129032258,-18.368804838709675
7,8,18.0,24.392247191011236,-6.194662921348314,6.030550561797753,-23.39378052434457
8,9,22.09,20.30067346938776,-17.45047755102041,1.4861714285714287,-16.51406326530612
9,10,14.98,14.759517473118278,-12.675553763440861,5.259899193548386,-17.852222715053763
10,11,17.46,12.904720081135903,2.1010223123732255,-2.013294117647059,-19.247852129817446
11,12,18.39,13.06400595238095,-2.564369047619048,4.927666666666667,-22.23415892857143
12,13,19.46,10.095226495726497,-6.750264957264957,-1.3809102564102567,-23.164757692307692
13,14,2.64,13.660842105263157,-11.664622009569378,-2.0859043062200953,-33.89611626794258
14,15,16.85,12.707679920477139,-10.335988071570577,-9.242220675944335,-20.674447514910536
15,16,-14.46,19.961816831683166,-9.628732673267326,-11.772297029702973,-33.97594405940594
16,17,18.08,14.75457986111111,-3.3132291666666664,-14.78561284722222,-17.099979166666667
17,18,9.27,21.201468354430375,6.634367088607595,-0.9808607594936709,-16.324392405063293
18,19,16.28,19.64849342105263,11.624956140350879,-6.269811403508771,-12.716625657894738
19,20,-19.36,17.581699367088607,3.2951898734177214,-9.102566455696202,-35.57723132911392
20,21,-15.93,13.045259079903147,9.732033898305085,-6.11109200968523,-12.311304842615012
21,22,17.73,28.771242152466368,0.6878878923766816,0.13939013452914797,-20.519886098654712
22,23,22.47,24.612359375,5.78132421875,-8.111769531250001,-17.3787953125
23,24,20.23,29.84633676975945,-0.5047319587628867,-8.143646048109966,-26.154147766323025
24,25,16.92,28.141803532008833,-5.966690949227373,-14.733938189845475,-18.794539735099338
25,26,11.67,24.57555829596412,1.7580156950672647,-16.04088340807175,-14.37089394618834
