,cluster_id,curvature,x,y,z,average_potential
0,1,16.91,-15.004805369127515,18.538416107382552,3.0934395973154363,-10.028737080536912
1,2,14.77,-9.306901345291479,22.533582959641258,1.082670403587444,-9.50979596412556
2,3,17.06,-11.675308447937132,30.215084479371313,0.8471453831041258,-16.265152259332023
3,4,16.91,-12.344048042704626,26.85049110320285,7.081861209964412,-14.197238790035588
4,5,16.87,-13.394132625994695,41.804201591511934,3.139519893899204,-13.37241803713528
5,6,17.66,-10.481132302405499,36.12773024054983,7.1816769759450185,-12.138560652920962
6,7,15.7,-10.611630648330058,40.594721021611,14.39909430255403,-8.824226719056973
7,8,17.91,-14.92596718146718,47.801432432432435,14.829252895752896,-13.192045366795366
8,9,17.07,-16.043109974424553,44.449631713554986,8.55793094629156,-13.77935959079284
