,cluster_id,curvature,x,y,z,average_potential
0,1,13.07,13.649470725995318,-1.0346381733021077,28.990625292740045,-16.10908723653396
1,2,14.18,11.242211129296235,14.12849263502455,38.35604746317512,-6.201236333878887
2,3,21.47,4.952048449612403,10.4783003875969,33.6193468992248,-9.438664341085271
3,4,19.59,5.758025316455696,2.7903645569620252,28.976891139240504,-14.501528860759494
4,5,20.81,7.042599999999999,10.25282142857143,26.93429047619048,-10.382121190476193
