,cluster_id,curvature,x,y,z,average_potential
0,1,12.99,-15.57965539803708,-13.924358778625955,-0.9933544165757907,-9.730628353326063
1,2,15.27,-11.454216494845364,-10.417886597938145,5.2685051546391755,-10.92388324742268
2,3,17.03,-13.821190476190475,-3.545301587301588,0.6848756613756615,-10.898641005291005
3,4,13.06,-9.125121255349502,-2.340503566333809,5.76730242510699,-10.554175463623395
4,5,22.8,-7.008368217054264,4.3777616279069775,7.023093023255814,-8.69325
5,6,21.13,-3.6212067796610166,6.847864406779661,13.285335593220339,-12.257406779661016
6,7,19.23,-6.16054721030043,10.792549356223175,6.440227467811159,-9.279612446351932
7,8,14.98,3.2411574642126793,22.053353783231085,16.74985071574642,-12.46637382413088
8,9,17.51,2.307927152317881,26.210273730684325,20.448463576158936,-5.243722516556293
9,10,11.77,0.17293481717011136,17.25083783783784,13.550406995230524,-8.209351510333864
10,11,18.69,-1.4490565610859727,14.089031674208147,9.16781447963801,-9.276555429864251
