,cluster_id,curvature,x,y,z,average_potential
0,1,14.85,53.98983138564274,42.232297161936565,41.30778631051753,-15.145372787979966
1,2,-14.25,57.96163221884498,42.5913161094225,48.034237082066866,-29.784889057750764
2,3,9.88,51.28618902439024,38.29456402439024,46.940890243902444,-24.861904878048783
3,4,6.54,60.891558052434455,39.82823220973783,54.1224606741573,-21.609218726591763
4,5,5.79,65.44326751592357,33.31510191082802,54.04899681528663,-27.280024840764334
5,6,24.71,54.403855305466244,31.664977491961416,42.23183279742765,-20.49462540192926
6,7,23.78,66.83475373134328,38.689973880597016,46.85775746268657,-26.578187686567166
7,8,16.07,62.99553250773994,36.96649535603715,42.24700928792569,-28.780406191950465
8,9,-11.52,51.065681672025725,33.85309003215434,53.52853697749196,-33.10288424437299
9,10,17.0,50.66784742647059,40.95437316176471,54.39364889705882,-13.663336397058822
10,11,13.52,50.061210727969346,27.208417624521076,55.890996168582376,-22.355253256704984
11,12,20.01,57.73830177514794,29.016526627218933,57.53127810650888,-32.48806804733728
12,13,21.94,55.35641666666666,33.79479,60.60560666666667,-14.529554000000001
13,14,16.1,49.18456033287101,23.867610263522884,48.26920110957004,-15.992440221914007
14,15,18.7,57.96820284697508,17.107562277580072,52.98835943060498,-14.491702135231318
15,16,14.17,56.34569721115538,22.663171314741035,56.2097171314741,-22.139646215139443
16,17,24.12,60.462634408602156,30.023747311827954,39.69806451612903,-23.432121505376344
17,18,18.0,64.75083828382839,26.72439603960396,37.589577557755774,-20.201508580858086
18,19,17.76,72.15948571428572,26.298871428571427,38.62715238095238,-20.95847285714286
19,20,15.31,70.74439851024208,31.799735567970203,46.69770577281192,-23.44149497206704
20,21,23.35,72.33507063197025,18.622550185873603,38.90936431226766,-15.480258364312267
21,22,21.76,66.43311153846153,16.34768846153846,43.27230384615384,-18.748065384615384
22,23,19.47,74.37632142857143,21.213479591836734,47.3310943877551,-23.85013647959184
23,24,11.84,70.98787750556794,20.47150556792873,51.17861247216036,-26.04714855233853
24,25,-17.26,62.12725581395348,22.57148062015504,43.19785271317829,-34.406218604651166
25,26,-17.93,56.65827450980392,24.459564705882354,46.46510196078431,-38.00161215686275
26,27,-15.22,64.11966055045872,25.254369266055047,52.92208256880733,-45.23529472477064
27,28,20.39,63.64867567567567,17.396400491400495,49.19801228501228,-16.748067321867325
