,cluster_id,curvature,x,y,z,average_potential
0,1,-10.86,18.659471264367816,-30.77741149425287,-8.234691954022987,-1.0454993103448276
1,2,13.31,18.92585797101449,-28.958721739130436,-14.189913043478262,-4.656484637681159
2,3,17.1,23.855339321357288,-24.47148902195609,-15.395870259481038,-1.3210447105788423
3,4,13.24,23.447246013667424,-23.28233029612756,-8.24934396355353,-1.854971070615034
4,5,10.91,18.033351531291608,-25.71089347536618,-3.4221304926764313,-4.977329427430093
5,6,16.05,22.63783305785124,-27.061062809917356,3.9466842975206613,-0.12447371900826447
6,7,20.77,19.024717428087985,-19.88919627749577,3.576558375634518,-4.895715228426395
7,8,13.19,17.595918793503483,-13.458870069605569,32.83688167053364,-3.648495591647332
8,9,14.64,19.148557251908397,-10.64910076335878,24.927529770992365,-4.908966259541986
9,10,22.98,19.09247638603696,-23.476860369609856,12.182609856262834,-0.6360572895277207
10,11,17.2,17.045429141716564,-16.954870259481037,10.664708582834331,-1.128205988023952
11,12,17.48,16.715856474258974,-19.351302652106085,24.407212168486737,0.16604212168486732
12,13,-11.92,19.340860795454546,-17.171428977272726,18.51668465909091,-0.1438813920454546
