,cluster_id,curvature,x,y,z,average_potential
0,1,18.96,12.689063047285464,24.934700525394046,31.047078809106825,-16.280094921190894
1,2,13.33,4.885279069767442,23.066197674418607,24.84968087855297,-12.992103746770024
2,3,21.32,6.677957943925234,14.84780140186916,27.069897196261685,-10.472227803738317
3,4,15.46,7.819589189189189,19.67022972972973,31.635694594594597,-17.580824864864866
4,5,18.61,23.315490797546012,36.32856134969325,45.375184049079756,-7.478121165644171
5,6,15.65,16.345617056856188,32.09730434782608,47.990190635451505,-7.8320003344481615
6,7,20.48,10.494056547619047,32.32199107142857,37.039925595238095,-12.027138988095238
7,8,13.47,16.406507843137256,32.32345294117647,38.289582352941174,-16.903012352941175
8,9,18.78,14.28532167832168,23.311226107226105,37.708696969696966,-13.358574592074591
9,10,15.71,16.924602083333333,27.23304375,42.39804791666666,-10.882305416666666
