,cluster_id,curvature,x,y,z,average_potential
0,1,14.34,-17.368042993630574,-9.059699044585987,6.605829617834395,1.6422426751592354
1,2,-14.89,-17.90032923076923,-5.38096,14.203326153846154,-1.3544513846153847
2,3,16.99,-16.865802127659574,-2.342065957446809,7.944540425531915,-0.9006912765957445
3,4,-11.3,-15.254112716763007,1.070320809248555,14.605670520231213,-3.533293352601157
4,5,17.21,-20.809272020725388,6.92779792746114,17.25462176165803,-5.1103455958549215
5,6,13.73,-15.03017548076923,8.454471153846153,14.348689903846154,-0.3359723557692308
6,7,15.73,-13.580718750000003,-21.825542763157895,12.099013157894738,-0.7837521381578947
7,8,25.28,-16.180185628742517,-16.33716167664671,6.063820359281437,-0.3712365269461077
8,9,22.5,-14.703470689655173,-12.990660344827585,13.1477,-4.406858103448275
9,10,-14.06,-10.171289002557545,-28.8799820971867,10.843516624040921,-4.970690537084399
10,11,14.21,-9.20722305764411,-35.20552756892231,6.024636591478696,-1.2879187969924812
11,12,12.29,-17.23142888888889,-31.94231555555556,6.474668888888888,0.8095891111111112
12,13,15.44,-16.31537116564417,-24.959731595092023,5.483782208588957,-1.0638426380368098
