,cluster_id,curvature,x,y,z,average_potential
0,1,22.42,-19.944486238532107,8.108174311926605,-9.945761467889911,-4.995500458715596
1,2,15.35,-20.597905303030302,6.379820707070707,-17.655734848484848,-7.427831186868687
2,3,13.46,-16.914765478424016,-1.4148273921200751,-9.467994371482177,-11.967687054409007
3,4,13.21,-19.421031315240086,0.6873465553235909,-15.09240083507307,-9.186141753653445
4,5,16.04,-11.034894636015325,-1.0114597701149424,-11.385911877394635,-14.590828735632183
5,6,17.37,-11.663132673267326,-2.0195544554455442,-18.679198019801976,-12.909056237623762
6,7,17.15,-4.540051724137931,-12.87975287356322,-15.709934865900381,-19.11178563218391
7,8,12.51,-7.76194387001477,-8.964127031019203,-14.162118168389958,-16.46052540620384
8,9,21.3,5.33662676056338,-18.031221830985917,-12.154661971830986,-12.921789788732395
9,10,12.2,0.07541496598639452,-16.145090702947847,-13.933066893424037,-15.68693990929705
10,11,18.19,1.4635434782608696,-29.272920289855072,-8.99428260869565,-6.685211231884058
11,12,15.01,2.8108752107925805,-21.52114671163575,-5.870180438448567,-8.135917706576729
