,cluster_id,curvature,x,y,z,average_potential
0,1,18.65,-24.56470847457627,42.2179593220339,1.6781186440677966,-4.754198305084746
1,2,13.79,-26.202265472312703,40.033871335504884,-5.769954397394137,-4.566042508143323
2,3,16.3,-30.80469662921348,30.74275468164794,24.403653558052437,-8.239337078651685
3,4,-12.7,-31.197945347119642,27.895011816838995,18.05799261447563,-11.435644313146232
4,5,22.01,-30.202554140127386,29.419837579617834,11.337627388535031,-12.186291719745222
5,6,17.62,-26.422378881987573,35.31405797101449,3.5748530020703932,-7.722639958592133
6,7,9.93,-29.506410550458718,34.94535779816513,8.78528899082569,-12.59233096330275
