,cluster_id,curvature,x,y,z,average_potential
0,1,20.54,12.792819085487078,20.917027833001992,3.7853737574552686,-3.4833457256461235
1,2,13.81,10.42274,14.14381,2.720795,-0.8714379999999999
2,3,-1.47,15.998698473282442,14.216332061068703,-1.0204198473282442,-1.06936106870229
3,4,20.37,24.9723153526971,22.10046058091286,8.616122406639004,3.877700414937759
4,5,16.34,18.505660000000002,19.608520000000002,6.035075555555554,-0.2869875555555556
5,6,19.7,24.16773285198556,15.938014440433212,-0.35175812274368234,-2.19327725631769
6,7,5.07,29.02519902120718,14.517911908646003,6.734251223491027,-1.7887388254486136
7,8,16.12,21.455658536585368,7.6062993348115295,18.297188470066516,0.4980623059866963
8,9,18.06,25.078712842712847,15.230344877344876,15.49949639249639,-0.6619619047619048
9,10,20.55,29.0054590747331,6.185658362989324,-0.2544145907473309,0.14416583629893254
10,11,13.42,21.423260759493672,7.5376936708860764,-1.9609569620253167,-0.8899883544303797
11,12,-7.34,18.630124497991968,1.2527831325301204,9.525919678714859,0.6128574297188755
12,13,23.74,25.33584487534626,5.406199445983379,13.060872576177287,-1.433994182825485
13,14,-19.5,24.853050531914892,5.924869680851065,6.413978723404255,-2.634941489361702
14,15,14.88,11.970577259475217,-5.048462099125365,17.379830903790086,-0.6384386297376092
15,16,20.55,19.947524271844657,0.9097669902912622,18.50528640776699,3.0945800970873787
16,17,17.08,15.001574324324325,3.187559459459459,22.53078783783784,2.726953918918919
17,18,7.34,7.375243636363637,2.0089527272727272,15.168229090909094,0.045483636363636386
18,19,14.32,10.477476550680787,0.3663555219364599,7.466819969742814,-4.738560665658094
19,20,19.27,12.964493670886077,6.360716455696203,2.036688607594937,0.11436810126582274
20,21,10.58,7.858222727272728,9.217409090909092,12.866197727272729,4.153721590909091
21,22,10.84,12.764973637961337,12.398314586994728,11.125657293497364,-1.6908370826010546
