,cluster_id,curvature,x,y,z,average_potential
0,1,10.04,6.1415656970912735,2.3699809428284855,16.079627883650954,-8.22399889669007
1,2,14.17,12.990975,8.726272916666668,-9.882658333333334,-12.287885208333334
2,3,12.6,11.008841666666665,5.063816666666667,-6.629728333333333,-12.391436333333333
3,4,15.01,19.14905623100304,13.297557750759879,-10.249276595744682,-8.54870668693009
4,5,12.25,17.797861958266452,11.607873194221508,-2.0189052969502406,-8.221119903691815
5,6,15.74,4.863217325227963,3.3615060790273557,4.748598784194529,-7.767664285714287
6,7,19.78,6.016114058355437,1.3743289124668434,-2.9316366047745355,-10.949661803713525
7,8,17.51,8.000085436893203,-3.3243708737864077,-7.83221359223301,-10.965618252427186
