,cluster_id,curvature,x,y,z,average_potential
0,1,14.03,1.7034694589877835,31.83067713787086,10.905396160558466,-10.543292495636997
1,2,21.36,6.579440000000001,32.305060000000005,3.460088,-7.640223199999999
2,3,16.89,4.017779411764706,39.05569117647058,10.02380637254902,-6.354903676470587
3,4,23.26,0.6094856557377049,17.818475409836065,2.690323770491803,-15.979033196721312
4,5,-16.52,1.0301550561797752,25.322694382022473,5.109195505617977,-14.475736629213483
5,6,14.18,4.786674641148325,22.02828349282296,10.883275119617224,-11.713207416267942
6,7,13.64,-6.860540832049306,-0.5607750385208013,-16.79833281972265,-9.183958089368259
7,8,17.82,-3.2043810810810816,-2.3845621621621618,-8.241059459459459,-8.06476
8,9,14.55,-2.5550528455284556,5.29775,-11.016855691056909,-9.335994715447153
9,10,15.66,4.38046231155779,6.830288944723618,-5.324351758793969,-6.031240703517588
10,11,12.87,-1.2446598712446353,12.637845493562232,-2.157054721030043,-11.313525643776824
