,cluster_id,curvature,x,y,z,average_potential
0,1,11.93,37.21702988047809,89.82541633466134,58.398264940239045,-6.213535258964144
1,2,16.7,32.827996960486324,90.4108161094225,63.76215501519757,-8.28190623100304
2,3,12.95,36.261821656050955,79.9371677282378,56.53873248407644,-7.814818683651805
3,4,14.61,43.140426,82.31723800000002,54.866844,-5.814085199999999
4,5,15.95,39.60471844660194,67.30419223300972,41.24232427184466,-8.08751281553398
5,6,20.17,38.08638987341772,72.40874683544304,47.91835822784811,-6.7554906329113935
6,7,14.74,42.564765100671146,48.5530715883669,35.71838255033557,-7.684054809843401
7,8,14.38,41.3072068429238,59.439253499222396,39.473363919129085,-7.711712441679627
8,9,-10.92,42.73238106235566,52.66065819861432,41.852792147806,-3.9506900692840645
