,cluster_id,curvature,x,y,z,average_potential
0,1,17.63,-15.81273020527859,-5.158431085043989,-29.429187683284454,-6.950973020527859
1,2,17.82,-9.68582233502538,-0.48190693739424706,-25.483052453468698,-2.7486294416243653
2,3,15.96,-8.879317972350231,3.9370506912442393,-19.01645391705069,-0.028262211981566917
3,4,17.46,-10.679564841498559,-5.145749279538905,-17.06914121037464,-6.447043804034583
4,5,14.21,-14.783994495412845,-2.406414678899082,-20.9640752293578,-6.282456513761468
5,6,16.16,-4.687140052356021,1.5474057591623038,5.059578534031414,0.883050785340314
6,7,18.85,-8.443283950617284,-4.007503086419753,-3.0018858024691353,-6.60249012345679
7,8,15.26,-10.553897533206833,-2.062368121442125,2.3277381404174573,-3.7301360531309298
8,9,10.21,-12.021048582995952,7.548906882591093,-0.7634412955465587,-4.911051417004048
9,10,-2.23,-3.8064018264840187,3.555748858447489,-5.060333333333333,1.2870794520547946
10,11,13.1,-1.6396963855421685,8.186477108433735,-3.4832433734939756,1.8785380722891567
11,12,18.86,-3.5632252873563215,9.935043678160918,5.774997701149426,-1.1784436781609195
12,13,11.89,-9.758091388400702,10.32619332161687,4.109158172231986,-2.3882205623901585
13,14,13.05,-6.545765780730898,1.5396129568106312,-11.07027242524917,-0.1438524916943522
14,15,22.2,-14.240872093023256,-3.111670542635659,-7.9955562015503885,-3.5594769379844964
15,16,18.92,-16.073370942812982,3.238449768160742,-11.071760432766615,-3.2555948995363218
16,17,15.86,-19.728150649350653,5.881641558441558,-17.058571428571426,0.2908898701298701
17,18,13.25,-15.20253133159269,10.647229765013055,-17.074800261096605,-0.4665528720626632
18,19,22.76,-11.445097297297297,14.967724324324324,-12.946943243243245,1.0354135135135136
19,20,13.41,-7.415814814814816,12.043488215488216,-7.331491582491583,0.9351878787878789
20,21,-18.29,-14.100469957081547,11.886313304721028,-4.999793991416309,0.3805457081545064
