,cluster_id,curvature,x,y,z,average_potential
0,1,-2.97,17.114484716157207,-8.874366812227072,-12.46939737991266,-21.729311790393016
1,2,-3.31,11.466496376811595,-5.583684782608696,-10.470177536231885,-18.06596086956522
2,3,-6.63,11.617078282828281,1.8611767676767679,-17.057931818181814,-20.696971969696968
3,4,18.38,6.995771356783919,-2.955497487437186,-17.45374623115578,-19.618993969849246
4,5,13.81,19.935888268156425,-12.867628491620112,-18.622472067039105,-17.83692932960894
5,6,16.96,24.814481651376145,-6.775894495412844,-14.94730733944954,-20.960001376146785
6,7,11.02,21.329617499999998,-5.1866925,-20.798745,-17.17289425
7,8,14.5,16.45916449086162,-10.51709138381201,-26.554584856396865,-15.940119060052218
8,9,-5.15,8.406218884120172,-10.55555364806867,-16.699004291845494,-14.629782832618027
9,10,17.11,10.647392233009707,-11.05521359223301,-22.712557281553398,-19.252401165048543
10,11,15.74,20.015373540856032,-8.580513618677044,5.974299610894942,-9.004362645914398
11,12,14.13,28.12499301919721,-10.52501919720768,4.535642233856893,-11.853656369982547
12,13,13.92,22.757184265010356,-11.529687370600413,0.5566190476190476,-11.043431884057972
13,14,16.4,21.013434968017055,2.127326226012793,5.221972281449894,-10.951934115138592
14,15,-12.36,26.40735294117647,-4.0466,-2.7390823529411765,-15.334703529411765
15,16,16.08,27.093204545454544,-0.623020202020202,4.558888888888889,-14.914732575757576
16,17,12.67,26.197454128440366,14.376949541284404,-12.7848371559633,-13.478199082568809
17,18,13.31,24.786517397881994,17.775387291981843,-6.6783948562783655,-10.5696671709531
18,19,12.3,28.573215686274505,3.285650326797386,-5.039748366013072,-23.75106862745098
19,20,15.74,30.947279835390948,11.235981481481481,-7.143277777777778,-11.55146111111111
20,21,19.78,11.896175742574258,10.102819306930693,-3.6548242574257426,-12.538237623762377
21,22,-11.57,14.674015075376884,2.8745979899497485,-2.172467336683417,-23.4093243718593
22,23,-21.21,20.04732126696832,8.195221719457013,-7.867199095022624,-27.4143
23,24,12.12,20.732880994671405,9.673843694493783,-0.9025488454706927,-20.39766607460036
24,25,18.3,10.346541666666669,3.4790504385964915,-9.889504385964912,-17.26469057017544
25,26,-12.21,18.999467422096316,-3.997096317280453,-4.00828895184136,-20.0866447592068
26,27,14.08,26.67029044117647,-2.340470588235294,-9.962860294117647,-17.04800110294118
27,28,12.08,22.37881857451404,2.2085442764578835,-14.42914686825054,-26.326710367170623
