,cluster_id,curvature,x,y,z,average_potential
0,1,26.35,-24.768855704697987,-0.22840939597315438,33.91943288590604,-9.360140604026846
1,2,16.26,-30.91225265392781,-0.5408492569002123,32.59176220806794,-9.445801698513801
2,3,16.48,-34.67407843137255,-0.8440631808278866,26.07300653594771,-2.6634834422657954
3,4,12.03,-27.60245186640471,0.05182711198428287,24.188589390962672,-3.6569280943025544
4,5,21.35,-16.19901063829787,12.21740780141844,44.15709219858156,-5.209768794326241
5,6,13.83,-18.956306967984933,6.1530960451977394,46.09518455743879,-5.225806591337101
6,7,23.99,-20.975239554317547,3.2535069637883,38.41880222841226,-8.519655153203342
7,8,18.13,-18.48735981308411,1.8540155763239876,31.16451713395639,-5.357835669781931
