,cluster_id,curvature,x,y,z,average_potential
0,1,12.67,21.364567146282972,-8.164043165467627,-7.868489208633093,-15.472076978417263
1,2,16.13,13.386910344827585,-3.8865793103448274,-22.45258620689655,-10.12212396551724
2,3,14.04,13.135325408618128,-1.0500995542347697,-15.63605646359584,-13.004394947994056
3,4,11.32,15.235483974358973,-1.7673990384615383,-8.2831875,-13.744355128205129
4,5,17.0,28.385950511945396,-8.482278156996587,-25.521933447098974,-11.321304266211603
5,6,12.79,24.62468359375,-9.255537109375002,-13.747880859375,-16.23549609375
6,7,24.27,21.66138023952096,-10.834649700598803,-20.456799401197603,-12.125001497005988
7,8,17.61,27.41125652173913,-6.832126086956523,-17.440984782608695,-17.977313913043478
8,9,13.09,28.92319012345679,-26.523411111111116,-23.552723456790122,-10.145844197530863
9,10,-12.34,26.235198757763975,-22.351686335403727,-30.353510869565216,-11.791589751552793
10,11,13.72,27.02273258426967,-15.959995505617979,-28.57221348314607,-10.152802921348314
