,cluster_id,curvature,x,y,z,average_potential
0,1,-19.0,17.063541463414634,11.240336585365855,86.37640487804879,-17.277261463414636
1,2,-16.44,24.841143911439115,9.151287822878228,81.89418081180813,-13.47429889298893
2,3,14.59,21.796723562152135,5.593382189239332,90.58071243042671,-13.930083116883116
3,4,16.01,20.853884187082407,16.704935412026725,91.60222939866371,-12.967353452115814
4,5,13.65,26.00030585106383,11.582909574468085,88.00154787234042,-14.5157335106383
5,6,15.71,21.026934400000002,12.7747424,109.99514239999999,-9.627871520000001
6,7,11.32,20.861939999999997,12.72187090909091,96.59070727272726,-14.725424545454542
7,8,10.28,25.062229674796747,9.650128048780488,102.1216524390244,-12.00262174796748
8,9,11.13,18.55910894941634,6.774972762645915,102.51363229571984,-13.457240272373543
9,10,-12.1,17.792151006711407,22.766171140939594,50.310151006711415,-13.567312416107383
10,11,-13.51,10.708553370786516,15.496101123595508,48.71990168539326,-11.153551685393257
11,12,13.51,14.246053594771242,19.33476209150327,44.96637777777777,-12.763535816993464
12,13,11.87,19.34445714285714,14.577205194805195,53.121511688311685,-10.412316883116883
13,14,12.47,11.11268307086614,19.872100393700784,56.13243503937008,-11.997913976377953
14,15,-12.3,16.314040572792365,15.77335799522673,59.730346062052504,-16.395486873508354
15,16,19.86,20.442899328859063,10.0298322147651,74.91137181208055,-16.065128053691275
16,17,24.47,16.15468119891008,18.45835967302452,76.87344686648501,-11.609609536784742
17,18,15.01,22.661763837638375,18.209435424354247,79.91093726937268,-11.436673062730627
18,19,15.82,16.882421875,13.584703124999999,81.34650520833334,-14.0798109375
19,20,15.29,11.168758807588075,18.334525745257455,65.23086178861789,-12.659488888888887
20,21,-11.14,19.32838681948424,15.764713467048711,71.44736389684813,-15.757009455587392
21,22,18.55,19.86189655172414,12.219586206896551,65.33357809330629,-15.176341582150101
22,23,9.42,19.703930693069307,19.91936138613861,66.3305198019802,-17.25598811881188
