,cluster_id,curvature,x,y,z,average_potential
0,1,11.6,21.09690163934426,13.812480874316941,-14.516617486338799,-18.06237486338798
1,2,15.18,17.613589648798524,15.728600739371531,-20.329907578558224,-20.850122735674677
2,3,15.81,20.072084175084175,22.649343434343432,-12.435060606060604,-18.214498989898985
3,4,-15.1,25.680042216358842,17.515013192612138,-9.957234828496043,-17.184339313984168
4,5,16.61,26.62718404907975,29.927880368098158,-19.772947852760737,-22.607926687116567
5,6,-2.14,26.441280000000003,27.087364444444447,-12.076835555555556,-17.822953333333334
6,7,-1.25,32.073800766283526,25.492429118773945,-15.472455938697317,-28.928145593869733
7,8,16.93,18.70166075949367,25.08233417721519,-22.388873417721516,-23.824331898734176
8,9,15.81,17.044610169491527,32.82858111380145,-15.677108958837774,-13.021208958837772
9,10,17.74,20.298530660377356,30.537683962264154,-13.49406603773585,-17.251737264150943
10,11,16.97,19.851154175588864,4.994959314775161,-23.424959314775165,-16.18232034261242
11,12,14.26,15.188864173228348,7.798541338582678,-28.367976377952758,-12.39302066929134
12,13,5.98,29.437389344262296,5.359803278688525,-22.249561475409838,-22.196391803278686
13,14,7.43,25.596298657718123,8.419922818791946,-16.15830536912752,-20.98191744966443
14,15,-15.18,26.48329922779923,10.317335907335908,-30.75376254826255,-16.571405212355213
15,16,14.43,30.842505434782606,14.042547101449275,-28.31958152173913,-28.759910688405796
16,17,2.53,34.70744946808511,9.769718085106382,-17.142029255319148,-25.328248138297873
17,18,17.58,34.107702631578945,10.387023684210527,-10.236715789473685,-17.118556315789473
18,19,16.37,36.4917115902965,17.160932614555254,-13.529226415094339,-20.556681671159026
19,20,-27.08,21.43141414141414,17.72674242424242,-25.920520202020207,-32.74175909090909
20,21,9.09,23.170217391304348,26.776590062111794,-28.623186335403723,-18.714455900621118
21,22,15.76,20.912093990755007,22.493827426810476,-30.784127889060088,-15.939664252696456
22,23,19.73,38.15770431893688,18.08503322259136,-19.680441860465116,-25.91955249169435
23,24,-12.82,39.446804054054056,17.8540472972973,-26.1196036036036,-14.970551576576577
24,25,17.02,29.3358725,25.125210000000003,-30.360514999999996,-19.798871000000002
25,26,-10.96,34.045646833013436,28.08763915547025,-24.150132437619963,-17.688398848368518
