,cluster_id,curvature,x,y,z,average_potential
0,1,-10.67,24.648159705159703,-31.917234643734645,0.0408808353808353,-7.2161850122850115
1,2,17.83,19.381954385964914,-0.7983035087719299,12.288640350877193,-6.94862350877193
2,3,15.62,26.189897703549057,-7.061745302713987,9.641517745302714,-7.616244467640918
3,4,15.56,19.748870047543583,-8.162793977812996,11.437351822503961,-12.668816006339144
4,5,18.68,22.082497435897434,-17.48774871794872,8.736233333333333,-10.311984871794872
5,6,12.44,22.664053545586107,-24.478712011577425,7.272667149059334,-9.474032561505066
6,7,17.0,18.237416398713826,-13.918199356913185,17.346924437299037,-9.920974437299035
7,8,19.42,14.351610666666664,-18.19392,10.152678666666667,-9.668480933333333
