,cluster_id,curvature,x,y,z,average_potential
0,1,14.76,-27.268849270664507,27.898687196110206,21.64842949756888,1.3672923824959482
1,2,19.61,-31.509757475083063,34.05137541528239,16.184119601328902,-1.5687704318936877
2,3,16.39,-30.32976280323451,27.13662803234501,13.927719676549867,-1.62686576819407
3,4,21.62,-21.330295971978984,23.128206654991242,15.562059544658496,1.7393563922942208
4,5,24.77,-25.016134048257374,34.542573726541555,11.37445576407507,-0.566978016085791
5,6,19.74,-18.089271794871795,31.54354358974359,21.047653846153842,-0.45047948717948716
6,7,19.01,-17.541425806451613,28.099174193548386,11.602974193548386,-1.0949443010752689
7,8,-13.95,-14.00143740095087,33.67012678288431,11.637627575277339,-0.42896196513470686
8,9,21.28,-25.13489285714286,37.89155681818182,20.9872775974026,-1.366094805194805
9,10,18.49,-18.769262210796917,38.99012210796915,16.198298200514138,0.5981650385604113
