,cluster_id,curvature,x,y,z,average_potential
0,1,23.7,25.92359442724458,-34.41997523219814,12.570167182662539,-0.0604640866873065
1,2,18.71,30.260430555555555,-26.06175925925926,14.967983796296297,-1.5974532407407407
2,3,16.09,29.462927710843374,-32.793897590361446,19.013566265060245,-0.34152068273092356
3,4,20.36,20.572402280130294,-23.153910423452768,15.379716612377852,1.1071711726384363
4,5,23.89,26.81727547169811,-26.865641509433964,22.35226037735849,3.46518
5,6,-11.92,21.10486348122867,-27.270529010238914,21.606023890784986,0.5778464163822525
6,7,-13.96,12.966583783783783,-33.96591351351352,11.378488288288288,-0.4777922522522522
7,8,18.49,17.76561677631579,-29.136042763157896,11.500490131578948,-1.5593527960526317
8,9,19.14,21.97979937791602,-40.159393468118196,19.1586734059098,1.1955345256609644
9,10,18.48,17.695475073313784,-34.32282991202346,19.27190322580645,0.04525263929618767
