,cluster_id,curvature,x,y,z,average_potential
0,1,20.68,-1.2236966019417475,-3.555084951456311,-12.40217718446602,-8.18655
1,2,-12.29,0.005294117647058788,-0.38064313725490195,-4.950278431372548,-15.77378862745098
2,3,16.87,6.326691176470588,-2.5589485294117646,-9.418821078431373,-10.2087306372549
3,4,-20.66,2.617405572755418,-11.390551083591332,-6.381907120743033,-15.827482972136224
4,5,11.29,-0.5079264705882353,-6.80880294117647,-2.6155647058823526,-17.64502426470588
5,6,11.94,-11.163207100591718,-1.8779684418145954,24.48715976331361,-12.02584043392505
6,7,9.49,-12.111838006230528,-1.1463831775700937,14.165769470404985,-15.055463551401868
7,8,19.19,-16.756849104859334,-9.066554987212276,15.7473810741688,-10.771213810741687
8,9,13.46,-15.758521739130437,-8.06022049689441,9.29138198757764,-10.66846552795031
9,10,-24.93,-9.064405405405404,-12.825155405405406,13.785074324324324,-20.914406756756755
10,11,20.18,-6.393232258064517,-2.5764645161290325,19.225245161290324,-22.234528387096773
11,12,15.31,-9.699700598802394,-10.584251497005987,21.138195608782436,-17.929405389221554
12,13,19.93,3.33782191780822,-10.733490410958904,17.056145205479453,-17.47455506849315
13,14,14.73,0.978629179331307,-4.780863221884498,20.571659574468086,-13.503104863221887
14,15,19.54,-2.9193452380952376,-11.114928571428571,22.754220238095236,-18.158009523809525
15,16,22.74,-5.161855799373041,-10.500554858934168,2.435360501567398,-14.38490909090909
16,17,17.16,-7.74564,-5.607634,6.0217279999999995,-16.360329399999998
17,18,16.59,0.021289411764705887,-7.006670588235294,10.475661176470588,-21.478290823529413
18,19,17.0,-2.7141743697478993,-14.462428571428571,10.98625,-19.12748277310924
