,cluster_id,curvature,x,y,z,average_potential
0,1,19.3,37.906029100529096,2.3189814814814818,10.812891534391534,-12.079698148148148
1,2,18.0,35.97194417475729,2.2569975728155343,3.8737766990291265,-10.878143932038835
2,3,16.28,43.10932972972973,-1.2258378378378378,7.746586486486486,-10.076015405405405
3,4,12.26,43.855184032476316,-1.6823355886332882,-0.5992598105548037,-7.672185250338295
4,5,18.39,27.473289893617018,9.048989361702128,14.506704787234044,-8.934811170212766
5,6,22.48,29.857046548956664,0.52592455858748,14.876176565008025,-11.626980898876404
6,7,17.34,31.10601145038168,5.060036259541985,9.744769083969466,-11.961551145038168
7,8,15.47,18.29195731707317,4.181542682926829,16.59690447154472,-13.043937195121952
8,9,12.93,20.579650872817957,5.607451371571073,10.961695760598502,-8.520023441396509
9,10,14.25,17.84683622828784,11.962655086848637,16.096439205955335,-7.63605781637717
10,11,15.47,14.188897391304346,9.647273043478261,20.252834782608698,-11.316560869565215
