,cluster_id,curvature,x,y,z,average_potential
0,1,11.98,-20.67016519823789,30.185069383259915,-9.739329295154187,-12.67907191629956
1,2,15.83,-24.584908789386404,36.90769154228856,-8.30793366500829,-14.175812603648424
2,3,15.75,-24.04807119205298,43.44661920529801,-5.6329586092715225,-17.244430463576162
3,4,12.82,-18.46592715231788,-1.252,-8.003360927152318,-14.06837251655629
4,5,17.05,-22.914539256198346,-4.569185950413223,-4.143237603305786,-7.9494324380165295
5,6,-13.24,-18.642174216027875,6.578466898954704,-7.263149825783973,-11.150754006968642
6,7,-12.81,-21.6832961038961,2.982802597402597,-2.1902597402597404,-9.838278961038961
7,8,13.59,-18.382658935879945,11.433304229195087,-3.156203274215553,-12.7008377899045
8,9,18.03,-23.29953125,17.62788671875,-3.3735156250000005,-11.283947265624999
9,10,16.28,-20.705522435897436,22.564076923076925,-9.139823717948717,-12.543996474358973
10,11,18.8,-15.435049676025917,22.189956803455726,-3.5964168466522675,-15.472716846652268
11,12,17.69,-15.534046678635548,17.93637163375224,-9.992621184919209,-18.887192459605025
