,cluster_id,curvature,x,y,z,average_potential
0,1,14.58,6.1153940476190485,39.71024761904762,-46.414097619047624,-10.320396071428572
1,2,20.18,0.29167529880478094,44.48406972111554,-47.550141434262954,-13.668163346613545
2,3,14.68,0.47228888888888887,41.389631111111115,-40.121297777777784,-10.077166
3,4,21.06,-15.116218836565096,49.050315789473686,-44.99666481994459,-8.388324653739613
4,5,17.51,-15.244983805668015,44.10615587044534,-40.55581578947369,-6.158032388663968
5,6,25.06,-4.806057142857142,46.70223095238096,-41.30334523809523,-14.83099761904762
6,7,20.7,-8.826363184079602,41.255328358208956,-39.753828358208956,-10.161033333333334
7,8,14.95,-8.326266924564797,43.52552030947776,-47.8896499032882,-13.273830367504836
