,cluster_id,curvature,x,y,z,average_potential
0,1,16.01,6.001442143727161,39.68720341047503,-46.25568940316687,-10.453207308160778
1,2,19.52,0.8046069518716576,44.66264973262032,-47.56019251336898,-12.688697593582887
2,3,19.64,-0.043799687010954616,42.54344600938967,-40.64703599374022,-10.479113615023474
3,4,15.45,-14.915988819875775,44.92347826086956,-41.52909813664596,-7.799054906832298
4,5,21.61,-7.19917896389325,43.66669858712716,-40.123940345368915,-12.775711302982732
5,6,20.71,-11.210344709897612,46.25761092150171,-48.055112627986354,-14.202523208191128
6,7,12.96,-5.393216828478964,43.438488673139155,-47.689938511326865,-11.268844336569579
