,cluster_id,curvature,x,y,z,average_potential
0,1,16.93,9.801649253731343,0.8869888059701492,-8.85351865671642,-9.308834701492538
1,2,15.42,16.292155405405406,0.8299707207207206,-8.631835585585586,-11.780160135135137
2,3,15.67,17.248629508196718,5.837134426229508,-14.119163934426227,-10.948482950819672
3,4,13.61,21.437311440677966,7.115213983050847,-9.277177966101696,-11.021793220338983
4,5,18.17,9.023815873015874,2.1554174603174605,6.313425396825396,-13.184191269841271
5,6,17.71,17.61463243243243,5.743589189189189,-2.1991459459459457,-15.18407945945946
6,7,16.47,10.266180473372781,3.5070502958579874,-3.1801804733727814,-11.690465680473372
7,8,16.28,16.890444827586208,4.828944827586206,4.830106896551723,-16.657997931034483
8,9,15.29,10.102258205689278,9.53019693654267,1.6509146608315097,-19.694448796498904
9,10,14.85,8.795185007974482,7.227153110047847,18.974146730462518,-16.437742902711324
10,11,18.12,13.960649999999998,3.933296875,14.621609375,-10.394635625000001
11,12,24.9,12.238352941176469,10.006514705882354,11.259676470588236,-10.084660784313725
12,13,16.5,6.633419047619047,4.555038095238095,11.742412698412698,-16.3153726984127
13,14,11.95,2.8071873638344234,4.873816993464053,30.26758605664488,-14.141386710239653
14,15,15.78,2.832140684410646,8.764079847908747,34.41280038022814,-10.607245627376427
15,16,14.73,9.167017915309446,9.589957654723127,27.742271986970685,-12.284614332247557
16,17,12.29,4.98667610619469,4.45490796460177,23.185056637168138,-17.623661238938052
