,cluster_id,curvature,x,y,z,average_potential
0,1,19.78,34.64699082568807,2.435534403669725,34.22022247706422,-7.981425917431192
1,2,21.27,33.26053095975232,8.858131578947367,31.55245665634675,-23.433225386996906
2,3,16.03,28.625890721649487,2.043641237113402,26.656921649484538,-8.488951546391752
3,4,16.54,36.06058165548099,9.681868008948546,22.64376062639821,-10.538724608501118
4,5,15.91,36.57064264264264,4.3768558558558555,26.939180180180177,-11.691353153153152
5,6,20.46,35.834718464351006,17.64467276051188,27.44814808043876,-9.90494223034735
6,7,-12.93,41.913724137931034,12.521160919540229,29.89098275862069,-17.942699712643677
7,8,24.44,32.94934497816594,9.577838427947597,40.184218340611345,-9.590549344978166
8,9,16.3,39.182493610223645,11.876185303514378,39.357346645367414,-15.175352236421723
9,10,12.02,40.06629152542373,21.859477966101696,35.89728135593221,-7.230155593220338
10,11,18.92,35.33734649122807,18.164072368421056,40.199519736842106,-9.856124342105264
