,cluster_id,curvature,x,y,z,average_potential
0,1,11.38,-31.227440115440118,3.8503261183261186,-17.4595873015873,-6.499380230880231
1,2,19.29,-24.16111018711019,8.928787941787942,-20.594979209979208,-7.801615176715177
2,3,13.98,-23.98228947368421,3.675486842105263,-14.420234962406017,-0.5550616541353384
3,4,13.62,-29.180931767337807,10.685770693512303,-13.905889261744965,-0.5678863534675616
4,5,18.78,-49.64773109243698,-2.1113907563025207,-14.202529411764706,-3.0333638655462187
5,6,15.31,-44.7424774114774,-1.0507728937728937,-9.464721611721611,1.1294481074481075
6,7,16.11,-34.35826894502229,2.162659732540862,-8.13821545319465,0.8211716196136701
7,8,11.2,-38.067061855670104,-1.6113273195876288,-11.410461340206185,-0.7175012886597939
8,9,18.35,-38.56715268456376,-0.3390536912751678,-3.1608758389261746,0.6946375838926174
