,cluster_id,curvature,x,y,z,average_potential
0,1,20.81,20.192131205673757,4.510393617021276,-20.842567375886524,-7.086660283687943
1,2,18.22,28.125600397614317,-0.7928349900596421,-20.766578528827036,-7.894926441351889
2,3,15.23,24.586267303102627,-0.17602863961813842,-15.988653937947491,-12.551509069212411
3,4,-12.86,26.373604288499024,-2.0948089668615983,-11.12367641325536,-10.815079337231968
4,5,15.16,22.257664285714284,2.7266767857142864,-6.367214285714287,-8.072420357142855
5,6,12.26,6.491876358695653,-0.740110054347826,37.78452445652174,-6.173514945652174
6,7,-17.28,10.322960339943343,0.9471699716713881,25.155759206798866,-12.544587818696883
7,8,13.73,6.960831485587583,-1.1528647450110865,30.84266962305987,-10.472226607538802
8,9,15.68,17.502537037037037,2.8318048433048433,0.22534330484330473,-9.67434943019943
9,10,13.67,8.147805869074492,0.9655643340857788,16.47009480812641,-6.579904514672686
10,11,15.81,11.340170506912443,-4.938186635944701,19.917778801843316,-11.18754470046083
11,12,29.04,15.678525423728814,1.6356983050847456,7.736071186440678,-12.271911525423727
12,13,16.27,11.048830536912751,-3.73401677852349,9.883354026845637,-10.022907382550335
