,cluster_id,curvature,x,y,z,average_potential
0,1,18.29,34.219989285714284,156.53287857142857,-6.531710714285714,-4.989344107142857
1,2,16.94,28.262577039274927,155.16426888217524,-10.599546827794562,2.408659818731118
2,3,15.81,26.69605479452055,149.10812328767125,-9.129911937377692,0.8385158512720156
3,4,14.89,39.16038624338624,141.99286772486772,-5.1750264550264555,-6.614321693121692
4,5,17.79,39.400081597222226,140.52014409722221,-11.669244791666667,-9.92749704861111
5,6,7.19,34.3643572778828,148.30792816635162,-3.4245500945179583,-7.410815311909264
6,7,16.34,40.859168000000004,149.49441066666665,-9.300893333333333,-8.831510933333334
7,8,12.12,34.66318934911243,146.90768639053255,-13.796181459566077,-6.4813913214990135
8,9,16.14,10.759478504672897,167.84634579439253,8.407605607476636,-1.6533057943925233
9,10,13.18,18.06815172413793,166.0758298850575,5.771043678160918,-1.8648726436781606
10,11,12.76,13.295766584766584,165.9173832923833,-0.23505036855036857,-3.8590371007371007
11,12,13.45,22.730358208955227,164.21497286295792,0.1841438263229308,0.07696838534599726
12,13,21.47,27.761356012658226,156.40383227848102,-0.8705601265822784,-1.0984319620253165
13,14,24.21,19.595270053475936,157.89179144385025,-2.985895721925134,2.5409957219251336
14,15,15.76,26.41527338129497,161.50371223021585,-6.284158273381294,-0.4346187050359712
