,cluster_id,curvature,x,y,z,average_potential
0,1,11.87,30.154196054254008,-9.64558323057953,-13.073763255240443,-15.296004808877928
1,2,17.72,31.17935844748858,-17.204020547945202,-15.72153196347032,-12.730059817351599
2,3,16.28,24.683495614035085,-15.03522149122807,-13.342739035087721,-10.661102850877194
3,4,17.95,24.531225705329156,7.215639498432601,-1.2929780564263322,-7.8139184952978065
4,5,14.15,26.565314241486067,13.699592879256965,-3.9269938080495357,-12.19886842105263
5,6,23.78,27.967505747126438,-0.6961091954022989,-13.83917816091954,-15.908504885057472
6,7,24.21,28.087926666666668,-2.6597733333333333,-6.2456966666666665,-11.352330666666667
7,8,16.0,24.69539285714286,-6.431029220779221,-9.79458116883117,-11.037639285714286
8,9,20.75,23.298193370165745,1.345281767955801,-7.456279005524861,-10.867146961325966
9,10,16.41,29.671734817813764,5.911327935222672,-8.242471659919028,-15.806498178137652
