,cluster_id,curvature,x,y,z,average_potential
0,1,13.02,5.298888489208633,-24.91091366906475,32.22729376498801,-2.0936792565947244
1,2,11.53,8.146127071823203,-19.274092081031306,31.466524861878447,-0.9346729281767955
2,3,19.71,-7.138183884297521,-18.432309917355376,33.0534214876033,0.6060648760330578
3,4,12.41,-0.5402229402261711,-26.08567689822294,34.59119386106624,-2.3974011308562195
4,5,12.65,-2.1434475609756096,-21.380169512195124,27.751208536585363,-4.563218658536585
5,6,21.51,-10.603532859680286,-16.399039076376553,24.461458259325042,-2.0983921847246894
6,7,10.42,-7.531554987212277,-11.182161125319695,21.98774936061381,-1.295776726342711
7,8,29.71,-5.8719084967320265,-11.866398692810458,28.787055555555554,-8.516019934640523
8,9,18.29,-11.571624324324326,-9.507083783783784,29.375102702702705,-0.5572605405405405
9,10,15.81,-14.37978738317757,-9.933656542056074,20.842546728971964,0.17240163551401863
10,11,11.91,-12.42331669535284,-0.15979518072289153,24.049543889845094,1.3503492254733218
11,12,13.97,-14.666949647532729,-2.9925458207452165,18.70782376636455,-0.6283487411883182
