,cluster_id,curvature,x,y,z,average_potential
0,1,12.95,2.094259259259259,-21.139836601307188,-7.5167821350762525,0.10299324618736388
1,2,21.22,-5.005991507430998,-21.094433121019108,4.982583864118896,4.591806581740977
2,3,16.86,-5.444325131810193,-24.988291739894553,0.18566080843585242,3.5486008787346224
3,4,11.87,-7.230521008403361,-17.33999579831933,-2.1438655462184872,1.1303756302521009
4,5,-10.82,-1.282483128834356,-20.172613496932517,-2.7697223926380365,1.580945398773006
5,6,26.41,-7.817080952380953,-10.913014285714286,3.1867857142857137,-0.2310438095238095
6,7,13.74,-6.925846011131726,-4.9382968460111325,5.175775510204081,-1.737213172541744
7,8,20.2,-12.18023287671233,-5.0052374429223745,10.773719178082192,4.044303196347031
8,9,12.57,-7.156759948652118,-7.063423620025674,14.708007702182286,4.155420025673941
9,10,22.42,0.6262087912087911,-7.859699633699633,15.764802197802195,4.5384663003663
10,11,-11.34,-2.4147127272727276,-0.8375654545454546,9.995472727272727,3.2852007272727275
11,12,15.02,-3.7881524663677126,1.896544095665172,15.500614349775784,2.899460687593423
