,cluster_id,curvature,x,y,z,average_potential
0,1,18.61,-33.802104790419165,17.62766467065868,62.573520958083826,-10.120746407185626
1,2,17.59,-37.13684911717496,23.559001605136437,62.203502407704654,-12.008608667736757
2,3,16.87,-37.94552727272727,28.820601515151516,56.64355757575758,-11.800496515151515
3,4,16.62,-38.05901183431953,21.544559171597633,49.886775147929,-13.008454437869823
4,5,12.13,-39.76429135802469,20.790817283950616,56.63189629629629,-8.461362222222222
5,6,11.19,-45.22893446601942,25.094145631067963,30.46921237864078,-9.631411650485436
6,7,20.03,-41.318374999999996,22.38028605769231,38.815663461538456,-11.476930048076921
7,8,16.58,-42.10282302771855,29.6005565031983,40.44241151385927,-14.65022302771855
8,9,21.59,-36.53546551724138,24.30599712643678,44.12235344827587,-8.771610632183908
9,10,17.81,-39.80028743961353,31.267364734299512,49.04495652173913,-12.383907487922706
10,11,-4.0,-44.28822680412371,25.91318556701031,47.63611340206186,-13.698736426116838
