,cluster_id,curvature,x,y,z,average_potential
0,1,13.68,-26.222670229007637,12.882958778625953,-63.52448091603054,-9.086879389312978
1,2,18.39,-23.754311345646443,19.98908970976253,-58.687912928759886,-11.276872295514513
2,3,19.85,-26.793647495361785,18.308363636363637,-53.175194805194806,-12.817838218923933
3,4,19.86,-37.082516,15.077928,-55.663308,-10.1466948
4,5,17.38,-31.094112068965522,12.13956551724138,-58.00474482758621,-12.576996896551725
5,6,16.93,-40.40308262711864,35.245425847457625,-41.21488559322034,-9.370123305084748
6,7,14.12,-34.975853658536586,30.555109756097565,-40.13062195121951,-7.356806271777004
7,8,13.02,-39.11214229765013,23.088110966057442,-45.15487859007833,-9.373630939947782
8,9,22.41,-27.082281609195398,17.656221264367815,-46.927701149425296,-9.622683908045978
9,10,21.77,-36.86435054347826,11.785027173913045,-48.787747282608706,-15.032295652173914
10,11,18.11,-33.46978878504674,16.209271028037385,-46.48890654205607,-11.359626168224299
