,cluster_id,curvature,x,y,z,average_potential
0,1,13.45,-0.5456903114186851,35.78023356401384,-17.213517301038063,-8.785078027681662
1,2,-16.19,4.331724233983286,30.086919220055705,-16.65816155988858,-11.696264345403899
2,3,17.73,8.617312,25.236014,-18.382982,-13.447703400000002
3,4,15.72,9.336793721973093,4.170302690582959,-36.19367713004485,-7.304211434977579
4,5,-12.15,8.684013274336284,3.9739269911504422,-28.313360619469023,-7.631037168141594
5,6,18.57,9.688280821917807,17.107261643835617,-19.311327397260275,-10.256720136986301
6,7,20.85,10.343396313364055,4.840391705069124,-17.185875576036867,-7.6640797235023035
7,8,15.94,9.837232,8.947196,-23.656508000000002,-9.4605594
