,cluster_id,curvature,x,y,z,average_potential
0,1,14.13,461.37607705779334,33.09863922942206,63.70505078809107,-17.80448423817863
1,2,-1.33,459.23894462540716,25.25483713355049,63.58801628664495,-26.555525407166122
2,3,17.13,457.31993439716314,34.949854609929076,71.41219680851064,-23.043031028368794
3,4,15.43,452.0585414847161,27.641336244541485,68.24921615720524,-23.09660327510917
4,5,6.73,462.87341214057506,34.148041533546326,80.5771054313099,-17.039842492012777
5,6,21.1,469.77585661764704,32.94895220588236,78.07849999999999,-28.13510257352941
6,7,-4.74,469.3725902439025,31.914941463414635,70.19670243902439,-21.855548292682926
7,8,17.58,470.1872832929782,38.29510411622276,72.97369975786924,-11.692716707021791
8,9,14.65,472.1165428015564,26.1891906614786,76.92276653696497,-23.8249219844358
9,10,9.17,469.0522424242424,26.039890151515152,66.48282954545454,-20.883551136363636
10,11,13.93,468.04284112149537,18.609392523364484,66.47620560747663,-21.42827897196262
11,12,10.33,471.0955146443515,19.11573640167364,72.19878242677824,-26.56030711297071
12,13,-9.96,451.6072938596491,27.611447368421054,76.7893289473684,-35.87254912280702
13,14,12.3,450.87065638766524,33.15214537444934,82.56950073421439,-13.743525256975037
14,15,16.65,448.40276344086016,17.78528136200717,70.69559677419356,-18.20901953405018
15,16,21.85,457.8779493670885,17.293943037974685,66.28675,-21.742287974683546
16,17,14.06,454.619516372796,11.508146095717883,70.71372795969774,-22.88722065491184
17,18,17.64,467.66632888888887,17.148004444444446,78.99475111111111,-27.520690222222225
18,19,21.68,459.02572262773725,10.621427007299271,77.6791605839416,-27.404428467153284
19,20,9.87,463.5887843137255,15.187594771241832,73.23283986928105,-29.754332352941173
20,21,18.6,454.46984105960263,16.760933774834434,87.07949006622518,-24.348679470198675
21,22,14.73,456.08445526315785,12.807002631578948,83.05103157894737,-19.393311842105266
22,23,20.1,448.42708185053385,22.164750889679716,83.7703665480427,-22.649829893238437
23,24,23.8,448.2323512195121,16.191639024390245,79.29458536585364,-21.92460536585366
24,25,18.58,458.1974787644788,23.154980694980697,89.34536486486488,-24.940148648648652
25,26,-8.3,463.69066472303206,28.519717201166177,84.83474344023324,-33.24521778425656
26,27,11.01,466.25605508474575,20.378652542372887,85.73612288135593,-24.721597245762712
