,cluster_id,curvature,x,y,z,average_potential
0,1,16.34,0.61675503875969,51.25147596899225,99.42524031007751,-10.556170542635659
1,2,-7.63,5.134913407821228,45.387041899441336,96.5427346368715,-11.761937150837987
2,3,13.73,5.144864705882353,48.57330882352942,103.99499705882353,-10.895642941176472
3,4,14.41,13.415216000000001,41.186716,99.557398,-10.311088999999999
4,5,-1.86,6.769410788381742,41.74289626556017,103.5368713692946,-12.189375933609956
5,6,-11.93,12.164629629629628,50.96826190476191,106.7562037037037,-12.83096111111111
6,7,14.35,12.325393854748603,43.52287430167598,107.65722067039107,-16.255472765363127
7,8,-12.58,4.881384210526316,68.32404912280701,74.97454736842106,-5.54948
8,9,14.1,1.8175081374321882,66.59303978300181,88.16777938517178,-9.77858643761302
9,10,14.03,1.9709920634920635,70.36188095238096,82.08489682539683,-7.876802976190477
10,11,15.33,-2.324272727272727,59.17942835130971,93.51639291217258,-14.09600816640986
11,12,14.27,-0.21093873085339163,55.13245076586433,82.80511378555798,-7.897804157549235
12,13,16.82,2.1750466926070033,53.27910505836576,89.99499610894942,-10.956689105058365
