,cluster_id,curvature,x,y,z,average_potential
0,1,20.01,1.5324293577981651,33.84316697247706,-1.7184917431192661,-3.69360862385321
1,2,16.66,3.796331592689295,47.57004177545692,-0.599869451697128,-4.766889033942559
2,3,16.8,0.1534630136986302,38.725191780821916,4.560830136986302,-2.360445753424658
3,4,16.27,-1.7121145454545454,41.8154690909091,-2.779072727272727,-4.467820363636363
4,5,9.0,4.986062645011602,42.78915081206497,7.92423897911833,-2.821016473317865
5,6,14.7,7.821270422535212,35.51544225352113,4.254819718309859,-2.5812185915492956
6,7,-12.53,9.161167701863354,41.024590062111805,-1.7020144927536234,-5.329731884057971
7,8,15.02,19.4019700149925,50.487806596701645,-2.3285457271364316,-2.174804047976012
8,9,16.01,20.079454545454542,45.168847457627116,-0.7762850539291217,-5.765393528505393
9,10,11.87,16.486705154639175,38.37228659793814,2.027317525773196,-1.4790457731958762
10,11,10.77,9.822234718826406,50.7841271393643,1.383046454767726,-0.49471466992665025
11,12,12.63,17.97715942028986,51.72182194616977,8.04090890269151,-2.011433540372671
12,13,13.91,13.61246333853354,46.8635631825273,9.441820592823714,-4.080257410296412
