,cluster_id,curvature,x,y,z,average_potential
0,1,15.04,3.2055931677018634,35.83307453416149,-1.44694099378882,-3.6536416149068325
1,2,-19.68,9.07366076696165,36.99874336283186,0.7066902654867256,-3.6086185840707965
2,3,15.91,5.106063136456212,36.53670875763747,5.928780040733198,-2.0217541751527492
3,4,17.34,-2.5258348993288586,40.75165234899329,-0.19433959731543626,-3.542562281879194
4,5,-3.93,3.447273100616017,47.242459958932244,-3.5109096509240247,-4.4422486652977415
5,6,13.16,2.5756644144144145,46.959833333333336,5.423691441441441,-4.910499774774775
6,7,23.53,12.863555944055944,51.22796853146853,1.3269265734265734,-4.790788461538462
7,8,-12.57,9.765093750000002,44.60860267857142,-1.3951651785714285,-9.880923660714286
8,9,20.59,7.610625000000001,51.20388125000001,3.7122562500000003,-3.2171968750000004
9,10,17.73,16.144628820960698,40.0198864628821,-0.9678973799126638,-1.2739735807860264
10,11,-0.9,11.988923076923077,40.91312820512821,6.956737179487179,-3.0240496794871796
11,12,16.11,21.515999999999995,47.00136683417085,-1.2251633165829146,-3.994418341708543
12,13,17.01,14.451368308351178,46.53230406852249,9.920558886509635,-5.017058672376874
13,14,16.37,19.977573270808914,50.06904806565065,8.140173505275497,-4.164542907385697
