,cluster_id,curvature,x,y,z,average_potential
0,1,19.35,-1.0390560747663553,37.22728348909657,-3.8388753894081,-3.5778056074766353
1,2,19.24,3.8697197696737047,33.68753742802303,1.5896391554702496,-2.3036602687140113
2,3,-17.92,7.938141843971631,39.0187304964539,-1.7771702127659577,-5.037582978723405
3,4,16.56,7.666990909090909,37.80586136363636,6.276406818181819,-4.0294725
4,5,18.16,5.263772117962466,49.09230563002681,-1.4426273458445038,0.6377227882037534
5,6,15.74,1.0259673469387756,44.548722448979596,-2.23965306122449,-2.6534632653061228
6,7,12.96,-1.1706508728179552,41.492541147132165,3.7833915211970073,-8.687699251870324
7,8,17.96,22.52256331877729,50.60490174672489,-2.2829344978165933,-2.6777687772925765
8,9,13.08,19.445734579439254,46.673291588785055,0.11306355140186915,-7.042957757009346
9,10,15.01,14.903144495412844,40.86514334862385,1.2246903669724771,-2.880995642201835
10,11,15.94,18.457592660550457,49.16633211009174,8.817908256880735,-6.7146121100917435
11,12,23.66,5.429417721518987,47.085411392405064,8.15218987341772,-1.029596835443038
12,13,18.7,11.200593220338984,49.62170762711864,4.952040960451978,-6.105427259887006
