,cluster_id,curvature,x,y,z,average_potential
0,1,18.49,34.52879927667269,-23.862804701627486,-1.4478499095840869,-11.680915189873417
1,2,-10.67,39.306474339035766,-23.279071539657853,-4.486790046656299,-14.654862674961121
2,3,12.74,35.45689140271493,-4.572316742081448,-3.0920690045248866,-9.603625226244343
3,4,16.75,29.21597863247863,-13.339760683760684,-1.7052179487179486,-6.753771367521368
4,5,15.59,27.873409638554218,-6.329783132530121,-1.1149672977624783,-9.89256678141136
5,6,20.17,57.30029961089494,-31.565984435797667,-10.298424124513618,-9.541825291828793
6,7,14.13,51.80858015267176,-28.0128524173028,-8.398545801526717,-12.537166284987277
7,8,21.77,44.81061206896551,-28.750979885057472,-3.6935919540229882,-15.290554022988506
8,9,12.5,48.05605425219941,-20.881696480938416,-5.296397360703812,-14.245738856304985
9,10,13.45,52.674174369747895,-10.158665966386554,-5.848978991596639,-13.209869537815125
10,11,17.08,57.740972312703576,-7.312674267100977,-5.597358306188926,-8.921666775244299
11,12,15.31,47.988859778597785,-13.856273062730628,-6.102509225092252,-14.668150184501844
12,13,15.98,42.33407544141252,-9.400487961476726,-6.006884430176565,-12.271582985553772
