,cluster_id,curvature,x,y,z,average_potential
0,1,18.56,5.825139107611548,18.944120734908136,29.21120997375328,-6.807423622047244
1,2,-14.91,1.7534068767908308,21.91192836676218,24.199340974212035,-6.165640687679084
2,3,-14.69,-2.7644847161572055,25.226366812227074,29.05177947598253,-13.455399781659388
3,4,20.28,-3.7055691489361706,17.302877659574467,29.246239361702127,-4.58337925531915
4,5,16.07,-3.1813694390715668,22.55842359767892,34.64702127659575,-7.470452030947777
5,6,13.81,27.885069444444444,18.44462916666667,5.425004166666667,-6.039946527777778
6,7,14.54,20.479211586901762,20.81668765743073,8.547758186397985,-9.776081612090682
7,8,13.86,26.563180107526883,24.001666666666665,11.853107526881722,-6.371829032258065
8,9,22.68,10.312865008880994,19.693325044404975,20.91394493783304,-10.222387744227353
9,10,20.55,16.795483644859814,18.362558411214955,16.170495327102802,-11.342003037383177
10,11,13.95,15.129694852941176,24.637283088235296,15.030540441176472,-10.937132169117646
