,cluster_id,curvature,x,y,z,average_potential
0,1,15.23,-11.768416139240507,5.999683544303798,25.25645094936709,-6.066746518987342
1,2,11.63,-13.586933115823818,-0.4670946166394779,26.777766721044046,-8.59416215334421
2,3,16.02,-10.751487475915221,4.300227360308286,35.1623506743738,-12.113118111753373
3,4,10.08,-16.244491666666665,1.9568708333333333,36.6493375,-11.621621250000002
4,5,17.66,-13.771743288590603,-0.5772030201342281,40.25737583892617,-14.204803859060405
5,6,20.18,-19.07074406332454,5.53274142480211,47.77144854881266,-9.759803430079156
6,7,19.09,-20.93340294117647,-6.350132352941177,50.05275294117647,-6.803380294117647
7,8,17.63,-17.506719827586206,-0.894217672413793,47.14787284482758,-12.70612844827586
8,9,24.88,-17.418260869565213,-14.141787439613523,42.34127536231884,-12.715396135265703
9,10,15.72,-13.243473967684022,-8.57203052064632,43.88030700179534,-10.344231238779173
10,11,-10.08,-21.273912621359223,-19.73560887656033,45.29896809986131,-9.325452149791955
11,12,12.63,-14.878660621761659,-22.766384715025907,46.21030699481866,-12.01142694300518
