,cluster_id,curvature,x,y,z,average_potential
0,1,21.61,12.117511210762332,13.619340807174892,10.649484304932736,-10.962372645739912
1,2,13.27,18.626892892892894,16.343028028028026,6.257214214214215,-9.869255355355355
2,3,19.61,17.479357954545456,16.945303977272726,22.166056818181815,-13.915908522727273
3,4,18.84,19.4298574879227,24.044384057971016,24.600582125603864,-14.129747101449276
4,5,19.8,12.93921238938053,23.909754424778757,23.166280973451325,-17.993626327433628
5,6,14.83,16.224691906005223,20.798281984334206,13.085728459530028,-13.131173107049609
6,7,13.2,20.10024773960217,22.43175587703436,16.065437613019892,-13.38824376130199
7,8,12.42,25.49321550387597,18.98008837209302,38.79940620155038,-9.973987596899224
8,9,13.82,29.05320793650794,21.59191428571429,47.39867142857143,-7.07910746031746
9,10,21.81,16.324666666666666,31.343300366300372,25.932128205128205,-8.777173992673992
10,11,18.77,9.44294861660079,27.68301185770751,29.354266798418976,-14.87157766798419
11,12,15.74,16.924260393873087,27.56808533916849,36.46704157549234,-11.89038227571116
12,13,15.22,19.543138157894735,22.057133771929823,34.21919298245614,-11.719674780701753
