,cluster_id,curvature,x,y,z,average_potential
0,1,17.9,-20.04447227926078,20.230718685831622,20.83854414784394,-16.027117864476388
1,2,13.74,-30.91980912863071,20.281107883817423,18.76889211618257,-20.823295850622408
2,3,-11.8,-25.312132812499996,16.047515625,21.10484375,-24.040687499999997
3,4,-2.03,-25.277376404494383,22.069140449438205,14.869460674157304,-19.829444943820224
4,5,-8.87,-24.923091412742384,19.010559556786703,7.338058171745152,-32.9376675900277
5,6,13.91,-17.545684310018903,17.962347826086955,6.182472589792061,-19.76567315689981
6,7,11.26,-15.139321867321867,16.974714987714986,14.085108108108106,-18.52575995085995
7,8,24.99,-20.353995633187775,3.8554235807860264,16.014663755458518,-16.27288034934498
8,9,16.08,-16.727893382352942,10.537132352941176,18.70766544117647,-20.278903676470588
9,10,21.0,-25.598694117647057,10.967129411764708,2.852654901960784,-24.162472549019608
10,11,19.33,-27.46108486238532,5.931433486238532,7.46772247706422,-26.7900123853211
11,12,15.92,-15.07333712121212,6.139291666666666,7.632982954545454,-13.799685795454545
12,13,8.0,-17.92096923076923,9.979567032967031,3.0348923076923073,-16.615314285714287
13,14,14.41,-32.604536082474226,15.232865979381446,2.0307087628865976,-16.231670231958763
14,15,17.15,-33.41279272727273,17.557705454545456,10.231061818181818,-18.219602000000002
15,16,24.92,-27.851398395721922,3.180836898395722,14.423203208556151,-15.66474144385027
16,17,15.43,-25.242204651162783,7.523967441860465,20.63498139534884,-20.09004558139535
17,18,23.02,-30.98995593220339,8.61964406779661,22.269657627118644,-18.154586101694914
18,19,15.1,-35.0524964028777,14.282863309352516,20.4605,-13.220740287769784
19,20,11.1,-36.52011029411765,7.841585784313726,13.691169117647059,-16.013510539215687
20,21,12.63,-36.459623008849555,3.7688283185840707,19.389276106194693,-12.878655044247788
