,cluster_id,curvature,x,y,z,average_potential
0,1,10.73,-17.675323353293415,16.680943113772454,-1.9679610778443113,-14.539184131736526
1,2,16.49,-12.999896000000001,18.047370000000004,-6.100387999999999,-9.466816999999999
2,3,18.71,-12.008213636363635,21.22016590909091,2.552343181818182,-9.02401090909091
3,4,14.42,-18.155219758064515,19.52168548387097,4.304155241935484,-14.911568951612901
4,5,20.77,-29.044422604422603,19.31864127764128,9.88327764127764,-16.203519656019658
5,6,22.29,-22.40739790575916,15.059581151832461,3.917104712041885,-18.15962277486911
6,7,18.35,-26.194626740947072,10.283362116991645,7.6768774373259046,-13.320647632311978
7,8,22.05,-22.023298642533934,15.037877828054299,12.273737556561086,-15.261724886877827
8,9,18.49,-37.92412688821752,13.643021148036254,19.13300604229607,-12.94205589123867
9,10,15.85,-30.430678966789667,10.085629151291513,22.904691881918822,-8.930288929889299
10,11,16.72,-25.355801435406693,12.114724880382775,16.987760765550238,-10.096906937799043
11,12,17.04,-32.37627205882353,11.086561274509805,15.103127450980391,-8.91191862745098
