,cluster_id,curvature,x,y,z,average_potential
0,1,20.8,-8.036458015267176,-48.19279134860051,-9.910798982188293,-6.956962849872774
1,2,12.52,-6.597384615384616,-50.858561253561255,-3.4879629629629627,-7.1593846153846155
2,3,14.05,-19.275790551181103,-48.24693385826772,-0.9851070866141732,-7.7136474015748036
3,4,10.14,-15.392759405940597,-52.846,-4.353634653465347,-10.962281881188117
4,5,14.82,22.339665330661322,-54.579226452905814,-17.097014028056112,-5.124085170340681
5,6,11.45,16.426501355013553,-52.53809349593496,-12.785677506775068,-8.500493902439024
6,7,16.77,2.089585106382979,-50.96779331306992,-8.553524316109424,-10.617534650455928
7,8,18.12,8.470106719367589,-47.384284584980236,-13.43492885375494,-10.561633201581028
8,9,13.22,8.865141544117646,-52.69241727941177,-10.256042279411766,-10.898661580882353
