,cluster_id,curvature,x,y,z,average_potential
0,1,17.98,-2.88331983805668,-18.215698380566803,-2.7960303643724695,-16.840091902834004
1,2,21.66,-1.6553115264797509,-19.484607476635514,6.0767632398753895,-13.731284112149535
2,3,22.59,6.809573170731708,-19.543865853658538,2.2400487804878053,-12.598673780487804
3,4,14.19,1.4477539682539682,-24.42964285714286,0.3018214285714286,-26.66968650793651
4,5,18.99,1.1797597292724198,-12.53573434856176,2.6163604060913705,-10.93311269035533
5,6,19.98,7.067449626865672,-17.34620149253731,-5.195341417910448,-10.057427985074627
6,7,12.67,-3.5608637602179836,-28.567854223433244,2.0467029972752044,-12.268940735694823
7,8,15.94,6.161202,-26.742870000000003,-3.5907380000000004,-14.967266599999999
8,9,26.58,-3.6685812807881772,-22.430078817733992,-8.90051724137931,-9.487365024630543
9,10,13.58,0.21388642659279786,-28.723761772853187,-8.218468144044321,-11.743415373961222
