,cluster_id,curvature,x,y,z,average_potential
0,1,12.65,-11.103706015891035,61.456542565266744,81.46407718501705,-11.138858115777523
1,2,21.53,-19.740460122699385,63.54439263803681,77.03138036809817,-7.549843865030675
2,3,16.79,-15.01339393939394,67.03492045454544,72.79723863636364,-12.983324053030305
3,4,16.2,-15.969617706237424,67.22827967806842,52.21906639839034,-12.123145472837022
4,5,15.46,-21.289255434782607,65.11565760869566,47.49325362318841,-8.089795108695652
5,6,18.42,-12.76760737179487,68.81774358974359,66.33851923076924,-13.161830288461537
6,7,18.86,-10.695505399568034,71.66012958963283,54.952356371490275,-12.386526997840171
7,8,12.76,-17.44601324503311,70.15485651214128,59.293637969094924,-11.211332671081678
8,9,16.59,-12.633212074303406,75.5508374613003,61.30913931888544,-12.284860990712074
