,cluster_id,curvature,x,y,z,average_potential
0,1,14.24,8.465547468354432,47.51907594936709,8.148613924050633,-14.236570569620254
1,2,16.88,5.633547283702214,51.8292736418511,5.6523018108651915,-15.00876800804829
2,3,-15.77,-0.13190871369294602,49.1674356846473,9.003452282157676,-9.5465867219917
3,4,11.48,0.46987988826815635,56.24232960893855,11.083793296089384,-12.701026815642457
4,5,12.03,-4.229357601713063,60.68101713062098,9.9283704496788,-10.126606209850108
5,6,-12.76,3.93351948051948,59.04348376623376,4.197529220779221,-11.642789285714285
6,7,18.93,3.8233986013986017,64.10884382284382,8.367240093240094,-11.556826340326342
7,8,17.44,0.48064423076923074,73.45343509615384,9.43110096153846,-6.747340865384615
8,9,12.57,-4.502921465968587,67.77256151832461,8.459829842931937,-13.867423298429319
9,10,14.85,7.117479224376731,34.87179224376732,2.725565096952909,-17.994915789473684
10,11,17.04,12.74547582697201,30.854488549618317,6.19872010178117,-15.55056386768448
11,12,-11.39,7.513058011049724,32.484298342541436,10.620922651933702,-14.960029834254145
12,13,22.08,11.565152416356877,40.23139405204461,3.5578178438661716,-12.99510223048327
13,14,19.97,11.135828169014085,41.63510704225352,10.692030985915492,-15.156547323943663
14,15,27.6,4.896294832826747,42.89196656534955,2.8576930091185413,-16.096502127659576
15,16,22.11,3.165469298245614,40.5076600877193,10.049405701754386,-9.91203201754386
16,17,-10.33,9.068424336973479,10.873435257410295,5.937477379095164,-9.080908112324494
17,18,14.71,10.383624365482234,12.618670050761422,-0.6288096446700507,-7.456042385786802
18,19,-13.37,6.103294701986755,17.336367549668875,0.8775066225165563,-15.404494039735098
19,20,18.73,10.414338028169013,18.470538732394367,8.696323943661973,-14.737999295774648
20,21,13.63,13.270660477453582,23.315169761273207,4.129819628647215,-14.560137400530504
21,22,14.27,6.173151452282158,26.98125726141079,1.3117904564315352,-10.791542323651452
22,23,13.73,4.979172506738545,22.590544474393532,6.783107816711591,-11.144363611859838
