,cluster_id,curvature,x,y,z,average_potential
0,1,16.47,173.06786738351255,44.41836200716846,615.4393602150537,-16.51045448028674
1,2,17.76,170.3339014084507,39.2520234741784,609.958600938967,-16.48000234741784
2,3,18.13,176.48573816155988,38.31977715877437,616.0538384401115,-16.820156824512537
3,4,14.78,163.75117076923075,48.93930461538462,618.1017446153846,-12.25483492307692
4,5,17.08,163.74261802575106,42.554210300429176,612.8668133047212,-17.78148025751073
5,6,-19.01,163.57926315789476,37.23748496240601,619.1379022556391,-22.057504887218045
6,7,-1.98,164.60478752886834,42.804092378752884,622.0570300230947,-12.767853579676673
7,8,16.3,181.63633259423506,27.524711751662974,602.3018425720622,-8.426954767184036
8,9,14.75,178.0430703812317,24.05581524926686,609.6289530791789,-20.446678005865103
9,10,14.0,175.34974572649574,23.19474145299145,603.1497777777778,-11.693694658119657
10,11,-10.44,168.25386413043478,34.01788768115942,619.3207101449276,-18.13294963768116
11,12,24.57,166.34582758620692,26.79461206896552,622.4844310344828,-8.505499568965517
12,13,17.1,168.33726785714285,29.82159598214286,616.617359375,-20.150658035714287
13,14,20.23,176.86327554179564,31.185860681114548,608.4201393188855,-15.957865015479877
14,15,15.92,174.38642896935934,31.541228412256267,612.9563509749304,-21.458671587743734
15,16,19.6,175.68946420323326,18.341184757505776,613.4452563510393,-7.6648637413394916
16,17,14.38,170.17229904761905,23.26070095238095,614.3422133333333,-14.669379047619048
