,cluster_id,curvature,x,y,z,average_potential
0,1,15.56,21.580974903474903,16.344899613899614,1.681714285714286,-11.829080694980696
1,2,12.27,21.328547309833024,19.504346938775512,7.088797773654917,-6.550994805194806
2,3,16.42,15.241539094650204,13.870530864197532,-2.7144999999999997,-13.806993621399178
3,4,20.58,16.740113590263693,6.638184584178499,-2.3806734279918866,-17.24039188640974
4,5,22.36,-9.456087378640776,9.19002427184466,8.076131067961164,-5.435770388349515
5,6,13.05,-4.180219414893617,6.1722912234042555,2.67780585106383,-9.204323271276595
6,7,14.6,1.484160692212608,10.344206427688505,-3.7986192830655123,-11.780075772558714
7,8,24.66,4.619327327327327,3.8783393393393397,-2.535207207207207,-12.230181681681682
8,9,18.11,9.597543010752688,8.477329301075269,-1.0355295698924731,-12.840016935483872
