,cluster_id,curvature,x,y,z,average_potential
0,1,13.44,14.949187283236993,20.332677456647403,133.63274335260115,-11.686099653179191
1,2,-10.29,14.388877112135177,17.32793548387097,140.68596313364057,-14.505546697388633
2,3,18.59,8.4503025477707,11.229117834394906,142.0161592356688,-15.262236624203823
3,4,12.27,11.074159509202454,14.065404907975461,147.07756237218814,-22.754890184049078
4,5,8.98,18.552464912280705,7.6212309941520475,168.4981812865497,-21.842806140350877
5,6,16.64,19.077244604316547,13.510438848920863,171.93012949640286,-19.933961151079135
6,7,16.17,17.488068965517243,13.75366858237548,177.9878754789272,-14.455342528735631
7,8,-12.02,4.862876595744681,17.750093617021275,172.57689574468085,-16.313732765957447
8,9,21.13,9.961584664536742,18.299821086261986,177.0555495207668,-11.085430990415336
9,10,15.11,10.54167359050445,15.062863501483678,171.67911869436205,-18.918208605341245
10,11,17.56,3.2254710144927534,8.868594202898551,161.28753623188405,-23.306225
11,12,18.92,4.411930693069307,14.199168316831683,166.3818811881188,-17.422224999999997
12,13,14.1,7.526230303030303,14.6854,157.5496,-25.261173333333335
13,14,18.53,12.279322033898303,18.29774237288136,163.28820338983053,-25.92678915254237
14,15,16.24,14.0313203539823,14.176185840707966,152.0139168141593,-35.56749168141593
15,16,14.86,17.457435387673957,19.737455268389663,157.29901590457257,-23.06318051689861
16,17,19.78,16.182220902612826,0.7415581947743467,159.64777909738717,-22.4108080760095
17,18,9.79,8.723545197740114,6.0881779661016955,156.4954576271186,-26.167542937853106
18,19,12.97,9.476171021377672,5.284280285035629,165.6398539192399,-30.99511270783848
19,20,-3.66,23.41755867346939,11.997482142857141,151.57492602040816,-24.41035969387755
20,21,17.59,18.350117647058823,9.052032085561498,147.44417647058825,-26.022028342245992
21,22,20.37,18.365368098159507,2.673349693251534,152.2490245398773,-18.867277300613498
22,23,16.09,24.15502941176471,15.368434640522876,166.36986928104577,-18.86198202614379
23,24,-13.47,26.966241813602014,12.581274559193954,160.12080604534006,-35.096624181360205
24,25,18.11,27.96944913151365,5.588210918114144,165.39662531017368,-16.115978908188584
25,26,-17.8,21.924295,3.337235,160.65060000000003,-21.578941
26,27,17.19,25.815,5.681393854748603,156.394625698324,-22.88243659217877
