,cluster_id,curvature,x,y,z,average_potential
0,1,-12.51,-9.247264705882355,5.114674836601307,-51.65244934640523,-6.9347031045751635
1,2,18.88,-7.5963698630137,-3.479181506849315,-43.849948630136986,-6.0556910958904115
2,3,15.43,-8.306070038910505,5.185772373540856,-43.56149805447471,-11.068871984435798
3,4,20.65,-5.462498007968128,11.380577689243028,-29.19881673306773,-9.512853784860557
4,5,19.24,-7.9373885480572595,9.191795501022495,-32.588989775051125,-9.050014723926381
5,6,18.8,-4.846490445859873,12.97923566878981,-38.21892993630573,-8.700658280254776
6,7,16.25,-3.2016394230769234,5.89007451923077,-39.16894711538461,-8.636397836538462
7,8,-17.15,7.101129692832766,16.412464163822523,-11.243580204778157,-7.125121843003414
8,9,-10.52,6.854620957309185,15.588825355756793,-3.985261319534282,-5.671925485122898
9,10,19.81,-2.624918010752688,10.678642473118279,-24.10866801075269,-11.126964112903224
10,11,14.13,4.118668615984406,11.127255360623781,-16.70504873294347,-6.117257894736842
11,12,12.31,8.311973523421587,13.043535641547864,-22.492264765784117,-6.746008757637473
