,cluster_id,curvature,x,y,z,average_potential
0,1,14.34,-6.4478322698268,6.570669097538742,-23.52340747493163,-0.08012889699179579
1,2,17.05,-2.783263473053892,13.898985029940118,-26.70061377245509,3.5367473053892216
2,3,14.96,-9.339615241635688,10.688985130111522,-27.15984572490706,1.640600371747212
3,4,-10.61,-10.656955315870569,-5.249802773497689,-11.488583975346687,-5.785585824345146
4,5,-15.39,-5.043639583333333,-10.524789583333334,-14.304441666666666,-0.44933312499999994
5,6,17.9,-8.385932258064516,-9.96916935483871,-8.995222580645162,-3.6875780645161287
6,7,21.73,-5.557430641821946,-2.3753726708074536,-21.790830227743275,2.377720082815735
7,8,22.99,-6.889148984198646,-1.500451467268623,-14.670255079006772,-2.030587358916479
8,9,18.3,-13.531068736141908,-0.8449113082039911,-20.21292461197339,0.3333299334811532
9,10,23.01,-8.719281464530892,4.754281464530893,-16.984228832951946,0.46487711670480547
