,cluster_id,curvature,x,y,z,average_potential
0,1,15.93,-38.15404656862745,27.64151593137255,-13.721796568627452,-10.47945894607843
1,2,18.42,-41.53632492997199,30.054014005602244,-7.1062296918767505,-12.344182913165266
2,3,15.48,-36.85864794007491,27.524028089887636,-5.433801498127341,-12.963469475655431
3,4,19.42,-29.247006240249608,26.499477379095165,-10.39833697347894,-15.79614945397816
4,5,23.06,-26.378832000000003,18.67224,-11.779576,-11.808468000000001
5,6,13.45,-30.36484543761639,19.66252886405959,-6.5801061452513965,-14.393959590316573
