,cluster_id,curvature,x,y,z,average_potential
0,1,22.52,40.444865900383135,34.65016475095785,37.227954022988506,-9.853208045977011
1,2,-11.28,46.23106312292358,38.019924695459586,35.4230365448505,-5.018232558139535
2,3,11.48,41.39844359464627,46.8338604206501,38.85845697896749,-1.2109541108986615
3,4,13.41,35.65984832904884,41.511894601542416,36.8577030848329,-3.1496010282776354
4,5,15.65,39.245495850622405,54.56050414937759,32.07880912863071,-0.2755504149377594
5,6,12.9,35.14882170542636,51.40457881136951,40.97193540051679,2.137298191214471
6,7,12.95,35.28005605786619,48.12495840867992,32.11856238698011,-0.6068075949367089
7,8,-14.41,32.04179640718563,64.90456287425151,28.309877245508982,0.48550778443113773
8,9,19.42,30.564868613138692,65.12081204379562,34.0020401459854,-3.810162773722628
9,10,13.96,34.586533333333335,59.101808974358974,29.318108974358974,1.2106452564102566
10,11,18.12,31.093721439749608,57.27721439749609,35.91631455399061,-3.648720813771518
11,12,17.73,12.996669789227168,68.16648009367681,-2.4638079625292737,1.026019906323185
12,13,18.35,25.150155063291137,64.43572784810128,0.08621202531645572,1.9693537974683546
13,14,14.95,19.56218816568047,68.77608875739645,2.6529171597633137,-0.407370177514793
14,15,16.18,27.989883233532932,69.54470958083833,25.91656736526946,-1.635805838323353
15,16,16.36,36.32171840354768,73.88922062084256,24.70197450110865,-3.4003222838137472
16,17,-17.9,39.39691914893617,66.6266,10.112651063829787,-0.787440425531915
17,18,16.58,36.397989510489516,73.74682517482518,9.277566433566433,-3.233001048951049
18,19,14.81,39.74537372262773,70.29788759124088,15.715855474452553,0.23612335766423356
19,20,12.57,29.59420903954802,69.53450847457627,5.691738700564972,-1.96279604519774
20,21,14.51,37.16756084656084,63.256019400352734,4.456959435626102,-2.304327689594356
21,22,10.52,36.94952952380952,69.82072761904762,2.305020952380952,-3.9165097142857137
