,cluster_id,curvature,x,y,z,average_potential
0,1,21.01,16.03452,21.150795294117646,23.137009411764705,-0.010797176470588216
1,2,15.34,16.59102139800285,30.217577746077033,20.675549215406562,-1.745475891583452
2,3,16.47,11.21805376344086,28.08097670250896,25.03042652329749,-0.29874999999999996
3,4,16.21,11.698369261477046,34.67573652694611,28.307852295409184,-0.13404231536926142
4,5,20.18,12.78960597826087,40.744956521739134,20.884489130434783,-1.2760788043478262
5,6,16.85,16.643893271461717,36.315283062645015,22.965406032482598,-1.5098283062645015
6,7,14.61,7.027296296296296,8.66558230452675,23.33985802469136,0.6618874485596706
7,8,-10.59,-0.6480303797468354,9.340399999999999,24.984772151898735,-0.5204020253164555
8,9,13.65,7.4919048117154805,24.35513389121339,33.81019874476987,-4.172523430962343
9,10,20.64,7.53182,15.219285,27.63839,-1.3571805000000001
10,11,18.0,11.150936772046588,19.80720798668885,27.496051580698836,-2.1908663893510814
