,cluster_id,curvature,x,y,z,average_potential
0,1,17.34,11.301608247422681,-15.187249140893469,-33.80223195876288,-14.851144158075602
1,2,16.26,11.337303149606297,-11.747712598425196,-43.40952165354331,-13.382016338582677
2,3,10.51,17.840770597738288,-14.971998384491117,-41.638218093699514,-17.82703731825525
3,4,15.0,9.276834827144686,-36.231682458386686,-43.12123687580026,-20.30699385403329
4,5,10.45,9.488444852941177,-29.77067830882353,-47.57083639705883,-35.27295955882352
5,6,15.85,10.347996138996137,-21.852760617760616,-48.666023166023166,-22.866255984555984
6,7,-3.8,5.105358974358975,-17.969547008547007,-44.381927350427354,-35.05600256410256
7,8,15.54,5.185582627118644,-20.565904661016948,-34.147788135593224,-24.81393029661017
8,9,-4.59,13.022449579831932,-25.04503781512605,-36.83417016806723,-21.361446848739494
9,10,16.38,0.7496794258373205,-28.698263157894736,-52.246337320574156,-17.276355263157892
10,11,15.96,-0.640912579957356,-22.2728933901919,-47.990063965884865,-19.422516631130062
11,12,16.42,-3.4524790419161673,-23.790059880239518,-38.3455508982036,-23.390043413173654
12,13,20.83,-3.626278260869565,-33.51429130434782,-41.04279130434783,-22.571418695652177
13,14,8.2,-1.281423076923077,-30.049659340659343,-45.79066483516483,-25.258966483516485
14,15,16.69,-1.5891520912547528,-27.53132509505703,-31.553682509505705,-18.266075095057033
15,16,13.95,5.817690140845071,-29.82668075117371,-31.100981220657278,-19.782852582159627
16,17,18.37,3.8726377440347073,-35.93106290672451,-35.79073318872017,-15.790234273318873
