,cluster_id,curvature,x,y,z,average_potential
0,1,11.17,-3.6015085995085996,1.1681818181818182,-5.583117936117937,-9.215065601965604
1,2,15.09,3.117917910447761,6.204638059701492,-6.622160447761194,-11.71039552238806
2,3,16.75,3.0285864485981313,-0.7611869158878505,-6.108843457943926,-10.720170327102807
3,4,16.16,-2.7885544794188855,10.428992736077484,0.06888135593220347,-10.15630411622276
4,5,20.13,3.8731571428571425,15.847085714285711,1.4045964285714285,-7.609502142857143
5,6,20.53,3.1311277372262776,10.893215328467154,-2.463507299270073,-10.809032846715327
6,7,14.67,9.783397834912043,18.781841677943167,6.000266576454669,-7.055102435723951
7,8,15.76,18.765213483146066,9.276322097378278,-4.2552228464419475,-4.757330149812734
8,9,19.51,9.910729813664597,1.2268074534161493,-7.101639751552796,-7.449267701863355
9,10,16.33,10.64432183908046,7.748600985221674,-5.2914548440065685,-9.825127257799672
