,cluster_id,curvature,x,y,z,average_potential
0,1,17.37,-23.62030627306273,-12.544302583025832,31.34057564575646,-2.8575254612546126
1,2,15.09,-20.90719337979094,-14.557726480836237,37.6580574912892,-4.42095905923345
2,3,11.97,-8.434763193504738,-9.355424898511501,26.040205683355886,-8.815416238159676
3,4,18.02,-14.730588815789474,-4.201203947368421,28.281549342105265,-4.580884868421053
4,5,16.62,-14.11527704485488,-11.486255936675464,32.769116094986806,-6.1526736147757255
5,6,14.66,14.071334375000001,-6.18681875,13.6397,-6.94125859375
6,7,19.31,8.26438489208633,-4.334924460431655,9.456539568345322,-13.331392086330935
7,8,-12.79,7.484750572082381,-4.60575057208238,16.594528604118995,-10.69310480549199
8,9,21.02,-8.838893670886076,-11.130908860759495,12.349802531645567,-10.09075417721519
9,10,19.75,-4.222228456913827,-13.62646492985972,18.41415631262525,-12.696681763527055
10,11,16.88,1.975196013289036,-0.2309734219269102,13.586186046511628,-9.955
11,12,23.5,-1.662919413919414,-4.77878021978022,8.312838827838826,-15.54974065934066
12,13,13.44,-0.6863719008264462,-6.924779614325069,17.36534435261708,-16.053658402203858
13,14,14.88,1.8941286764705885,-11.673295955882352,10.081959558823527,-13.966966727941175
