,cluster_id,curvature,x,y,z,average_potential
0,1,18.63,-35.68362079510703,-25.550651376146785,-14.3627247706422,-5.521059633027522
1,2,13.93,-30.341987323943663,-25.515114084507044,-7.476763380281691,-5.9960757746478865
2,3,14.31,-26.569310096153842,-25.011891826923076,-1.4465048076923077,-8.587731971153845
3,4,12.29,-22.72463562091503,-22.137184640522875,3.4178872549019603,-8.683221405228759
4,5,17.22,-12.699598118279571,-11.611341397849461,19.69320698924731,-10.340994489247311
5,6,17.34,-20.574856115107913,-20.36032853717026,10.185460431654676,-6.495878177458033
6,7,-13.34,-15.684190361445784,-16.407578313253012,12.12742891566265,-8.648109397590362
7,8,12.95,-7.353252895752897,-3.8485637065637066,37.88073166023165,-5.984928571428572
8,9,12.74,-2.596630094043887,1.174757053291536,41.328855799373045,-7.721900626959249
9,10,-11.71,-3.684211678832117,-7.245443430656934,30.619919708029197,-8.526296167883212
10,11,16.39,-4.307441340782122,-8.955438547486034,21.467849162011174,-9.660204469273744
11,12,13.11,-10.105124161073826,-8.915072147651006,27.946783557046977,-11.74358909395973
