,cluster_id,curvature,x,y,z,average_potential
0,1,17.28,9.993929078014185,11.70890425531915,18.863895390070923,-15.520548581560284
1,2,25.53,5.279260273972603,20.827681506849316,10.30418493150685,-29.431759931506853
2,3,-14.82,10.214362606232294,17.98482152974504,15.024762039660057,-36.074695750708216
3,4,17.63,8.320298206278027,11.266235426008969,11.041793721973095,-22.267416591928253
4,5,17.81,13.832068857589983,12.009374021909233,6.249516431924883,-14.906574334898277
5,6,21.08,10.177614730878187,18.760645892351274,24.728685552407928,-13.827956657223796
6,7,-3.96,8.853656534954407,26.657115501519755,18.998328267477202,-24.633536474164135
7,8,16.21,15.63113181818182,34.16831515151515,23.61387424242424,-18.84659227272727
8,9,14.94,21.037006430868168,25.79776848874598,22.649212218649517,-25.461530546623795
9,10,-0.89,16.73139642857143,21.70227142857143,18.54069642857143,-37.67257535714286
10,11,12.82,13.703242537313432,24.91538432835821,25.55658955223881,-13.602794029850747
11,12,12.5,23.892815315315314,29.702049549549557,15.524513513513513,-21.361883333333328
12,13,11.05,19.55100843881857,36.84806329113924,10.121320675105485,-18.923085232067514
13,14,12.14,18.150882352941178,37.00063921568628,16.62851764705883,-18.815841176470588
14,15,17.79,7.622205533596839,32.39154545454545,13.202454545454545,-22.64625177865613
15,16,22.14,11.163342767295598,37.20683018867925,14.392849056603774,-22.62131886792453
16,17,-16.45,8.295883419689119,27.714836787564767,8.236784974093265,-42.957745077720205
17,18,18.47,11.424822393822394,35.38552509652509,6.017488416988417,-19.95679806949807
18,19,16.91,13.381459731543625,31.687068791946313,0.06837248322147653,-16.173245134228186
19,20,13.49,22.404316326530612,28.308186224489788,5.655716836734693,-26.06297372448979
20,21,19.96,19.69706976744186,18.854125,12.304258720930232,-34.38088575581396
21,22,15.68,24.46682272727273,23.76575909090909,10.23315909090909,-16.586070000000003
22,23,19.8,17.97386194029851,18.513850746268655,2.920563432835821,-20.599781156716418
23,24,20.54,10.157396396396397,26.15181081081081,-0.9869684684684686,-19.348592342342343
24,25,19.84,9.11331046931408,20.3126642599278,1.7647978339350179,-21.229905054151622
