,cluster_id,curvature,x,y,z,average_potential
0,1,18.95,-26.281401734104044,3.6612283236994214,10.348843930635837,2.6729482658959536
1,2,12.81,-14.601791122715406,5.949868146214099,9.443130548302872,-5.75660313315927
2,3,19.82,-21.135656019656018,2.855786240786241,5.388764127764128,-3.0864385749385748
3,4,13.4,-18.268365705614567,7.8768209408194245,3.353836115326252,-4.010457056145675
4,5,14.68,9.672662436548224,10.859898477157358,9.190270304568529,1.085024111675127
5,6,19.22,8.467649819494584,3.1913212996389895,12.69246570397112,-0.7126306859205775
6,7,14.22,15.457013536379021,2.71526565143824,8.618927241962774,2.2571507614213195
7,8,-17.21,-9.457190340909092,12.33236931818182,6.48162784090909,-6.240231818181818
8,9,14.17,-9.964065625,5.5729703125,1.750903125,-0.88883890625
9,10,11.1,6.276015444015443,4.810963320463321,5.67596138996139,1.205799420849421
10,11,15.31,0.8065183246073299,5.023956369982548,2.819839441535777,-0.11637050610820235
11,12,15.19,2.094208258527828,7.532046678635548,13.209068222621184,3.432756193895871
12,13,23.12,-5.2605076923076926,6.0484307692307695,12.18816752136752,2.255789401709402
13,14,16.44,-2.216737226277372,12.52689781021898,8.428435036496351,0.5212459854014599
