,cluster_id,curvature,x,y,z,average_potential
0,1,17.92,29.424111436950145,23.185381231671556,47.443410557184755,-16.841811436950145
1,2,15.6,27.155551807228917,30.058178313253013,43.81515421686746,-15.97978939759036
2,3,14.37,35.41099802371542,30.1456581027668,44.119128458498025,-17.571384189723318
3,4,14.68,31.07045931283906,31.207142857142856,50.16475768535262,-7.254272151898735
4,5,27.05,24.8188698630137,19.141801369863014,32.384095890410954,-14.773409589041098
5,6,-8.19,31.134154150197627,12.297347826086956,38.019150197628456,-17.634561660079047
6,7,20.22,27.506508960573473,14.340387096774194,25.33662365591398,-10.041163799283154
7,8,20.04,30.346685714285716,8.712897619047618,31.753438095238096,-18.841459761904762
8,9,-4.94,20.0887146529563,13.2969794344473,33.132606683804624,-16.929791002570695
9,10,15.34,18.983240088105727,7.075588105726872,37.54102863436123,-11.941857929515416
10,11,17.48,22.50292560553633,4.543863321799308,30.828519031141873,-17.150738235294117
11,12,20.68,19.73531487889273,19.235498269896194,39.33255363321799,-13.099625951557094
12,13,-1.1,24.078922600619194,14.303179566563466,42.75677708978328,-15.409383281733744
13,14,18.02,25.179324858757063,21.134740112994347,44.18647740112994,-18.76300254237288
14,15,18.52,30.381285714285713,21.404640552995396,39.58518202764977,-20.138849078341014
15,16,-4.71,32.08989457831325,18.264557228915663,30.267,-18.817246084337352
16,17,16.8,39.69627361111111,16.885093055555554,31.276758333333337,-14.470995694444444
17,18,7.32,32.786491935483866,27.835560483870967,35.674504032258056,-13.637261693548387
18,19,14.06,37.79328336380256,22.781382084095068,37.240160877513716,-18.614793235831808
