,cluster_id,curvature,x,y,z,average_potential
0,1,15.45,24.552558064516127,34.43828387096774,-11.778229032258066,-19.644052903225806
1,2,-3.78,20.146313131313132,27.93333333333333,-7.226419191919192,-27.124864646464648
2,3,19.66,26.29664090909091,27.632772727272727,-12.659054545454547,-20.68181454545455
3,4,21.8,23.514874092009684,22.37624455205811,-8.689043583535108,-16.189365617433417
4,5,16.51,32.633139240506324,36.028215189873414,-6.867618444846293,-29.111902169981917
5,6,18.23,34.169448780487805,32.428973983739844,-14.7040081300813,-11.640603902439024
6,7,16.83,38.912109339407756,31.482050113895212,-3.1994851936218676,-15.991023917995443
7,8,-8.89,33.61646138211382,26.195678861788622,-7.356022357723576,-27.853997967479675
8,9,17.16,17.00241,28.479989999999997,7.268145,-28.744114
9,10,16.92,20.94781912144703,30.922098191214467,16.509237726098192,-13.298672868217055
10,11,16.16,20.214454545454547,36.01385252525253,10.791462626262627,-18.025848484848485
11,12,17.25,25.380364055299538,37.87925806451612,-3.5830230414746547,-22.432329262672813
12,13,19.9,20.946263157894737,40.15120676691729,1.7438571428571428,-18.397913909774438
13,14,-12.77,19.594804347826088,32.4325652173913,0.8459347826086955,-24.622578695652177
14,15,16.1,18.837011389521642,21.231824601366743,5.281396355353075,-19.40994715261959
15,16,18.53,21.886779956427013,22.483259259259256,-0.6491416122004358,-22.283658387799566
16,17,20.95,36.007208530805684,26.31088625592417,5.131116113744076,-15.785296919431278
17,18,17.79,31.75932142857143,22.862089285714287,-1.190832142857143,-17.892620357142857
18,19,18.45,27.63025531914894,27.255510638297874,9.364844680851064,-25.382321276595746
19,20,16.05,32.85852631578947,34.684122807017545,3.7291052631578943,-22.20978888888889
20,21,7.05,26.519970588235296,36.77472549019608,6.617039215686274,-24.430943790849675
