,cluster_id,curvature,x,y,z,average_potential
0,1,14.9,36.02702713704206,81.92979918588874,19.49351696065129,-9.742324423337855
1,2,-14.78,42.82253731343283,85.29691471215351,30.169724946695094,-7.763478464818763
2,3,-11.57,39.522969072164955,84.55302405498281,25.100731958762886,-10.277293470790378
3,4,18.65,32.70530154639175,79.59615721649484,13.998838917525775,-10.137572680412369
4,5,19.72,28.33293129770992,71.00330534351146,15.333122137404581,-12.52945076335878
5,6,19.43,27.83258379373849,76.24154511970534,10.508151012891345,-12.415606261510128
6,7,19.9,21.657230088495574,76.65900589970501,7.004646017699114,-10.659550737463126
7,8,14.79,24.28365976331361,70.24853846153846,9.31441124260355,-12.514106213017751
8,9,-12.29,19.027830188679243,67.01554202401373,5.426428816466553,-6.65121012006861
9,10,22.01,25.020780104712042,63.29912565445026,-0.5047277486910995,-7.119123036649215
10,11,17.17,22.3372599009901,69.84782425742574,0.8448242574257425,-13.166393564356435
