,cluster_id,curvature,x,y,z,average_potential
0,1,18.17,96.1566692913386,39.85237795275591,26.086028871391072,-9.924961417322836
1,2,14.64,88.53316905901116,45.02487081339712,24.971653907496012,-4.814758054226475
2,3,9.35,95.27292272727273,47.27761818181817,28.68191363636364,-10.35211409090909
3,4,17.26,94.45744770642202,46.7443504587156,22.499798165137612,-6.7462126605504595
4,5,22.41,100.74933608247423,38.77482886597939,30.20462886597938,-10.791414020618557
5,6,26.75,107.40636274509805,41.54639705882353,32.612117647058824,-18.56596470588235
6,7,16.98,105.70506730769232,34.42506538461539,29.516698076923074,-8.637987115384616
7,8,16.34,111.94805238828968,36.25447765793529,32.815224961479196,-13.589593374422188
8,9,14.45,119.20627733333333,33.860268,35.112956000000004,-8.141787866666666
