,cluster_id,curvature,x,y,z,average_potential
0,1,17.02,46.615632653061226,33.97193367346939,11.818915816326532,-15.307187755102042
1,2,18.99,35.83700177935943,33.26845551601424,12.944476868327403,-19.39125516014235
2,3,16.8,42.865869402985076,24.937690298507466,6.925996268656716,-17.39107462686567
3,4,8.59,46.699466535433075,31.578812992125986,4.767431102362205,-26.624992322834647
4,5,15.82,45.925981481481486,29.76462169312169,-2.0044550264550263,-22.972276984126985
5,6,13.31,40.16556888888889,24.902015555555554,-5.049964444444444,-18.936168222222218
6,7,17.03,28.942153005464476,23.576788706739524,0.32883060109289614,-14.104787249544627
7,8,23.28,32.71306853582554,26.16556386292835,10.37367601246106,-13.80602710280374
8,9,16.26,37.0710243902439,22.685738675958188,5.378634146341464,-27.53091986062718
9,10,-8.9,30.68997570850203,34.286935222672064,5.305753036437248,-22.96492914979757
10,11,14.71,27.046326621923935,33.62502460850112,-2.3197628635346756,-18.539317449664427
11,12,13.64,33.13549014778325,27.68037931034483,-9.257221674876847,-20.33030418719212
12,13,16.73,42.864888030888025,39.90809266409266,-4.528247104247104,-29.547665250965256
13,14,5.9,39.629112280701754,34.928961403508765,-9.908063157894736,-21.429724561403507
14,15,13.35,29.39032398753894,37.00579127725857,-8.748672897196263,-29.024943302180684
15,16,15.88,31.983005347593583,42.36445989304813,-13.808955436720144,-12.175031550802139
16,17,5.6,34.12080321285141,43.073317269076306,-6.615293172690763,-26.00282610441767
17,18,-12.99,42.61155012224939,38.36033007334963,2.831369193154034,-61.14410660146699
18,19,19.76,41.947933609958504,40.56112033195021,13.070692946058092,-16.481917012448132
19,20,18.75,45.88282784810128,44.58258987341772,8.83060253164557,-17.79325670886076
20,21,-21.93,35.83681619937695,40.65007476635514,7.179096573208722,-24.95055202492212
21,22,6.62,32.87302843601896,42.68845497630332,0.7784549763033175,-20.012918483412324
22,23,20.05,39.2726546961326,46.93582872928178,-4.018303867403315,-15.854304696132596
23,24,15.06,43.67588309352518,47.9505737410072,1.45108273381295,-15.943802517985613
