,cluster_id,curvature,x,y,z,average_potential
0,1,19.09,16.105948717948717,-2.325210622710623,-9.554470695970696,-6.273139926739926
1,2,16.39,14.878939244663382,-1.0195418719211824,-2.515029556650246,-9.269215763546798
2,3,20.71,19.59910780669145,4.52668029739777,-4.645646840148699,-10.78402527881041
3,4,22.25,15.537128851540613,4.665039215686274,1.0521932773109242,-14.339594117647058
4,5,20.47,15.30798753117207,-0.6580498753117208,7.543703241895262,-8.57261271820449
5,6,15.61,16.6298028419183,7.490662522202487,8.116893428063943,-12.20027051509769
6,7,16.66,16.370586854460093,6.929215962441314,20.0397441314554,-9.59011103286385
7,8,15.24,11.540689265536724,3.2618248587570626,13.557831920903954,-8.750279802259886
