,cluster_id,curvature,x,y,z,average_potential
0,1,15.24,31.67279935794543,41.81356019261637,-13.740534510433385,-14.337493258426965
1,2,21.4,38.113292307692305,42.41881025641026,-9.222707692307692,-16.67548358974359
2,3,8.74,30.439172727272734,41.091781818181815,-6.166218181818182,-28.29827772727273
3,4,10.55,37.646504504504506,33.886870870870865,-10.781276276276277,-22.721296696696694
4,5,21.69,34.07490136054422,25.97241836734694,-8.401333333333334,-19.07583537414966
5,6,17.29,27.836746835443037,32.79580168776371,-5.426917721518988,-24.532629957805906
6,7,19.49,26.801649572649573,24.59537179487179,-1.165132478632479,-9.344217521367522
7,8,21.71,30.897000000000002,23.22930303030303,2.673206060606061,-17.318890000000003
8,9,-2.47,30.705087248322148,31.63868120805369,6.632671140939597,-21.497996308724836
9,10,21.95,34.87494137931034,30.169789655172412,12.896762068965517,-15.740431724137931
10,11,18.73,34.26991031390134,23.968170403587436,9.851174887892377,-12.985074439461881
11,12,16.27,44.83742342342343,34.235707207207206,-4.014234234234235,-30.129383783783787
12,13,-15.06,43.083915068493155,37.012747945205476,2.69892602739726,-61.287413150684934
13,14,14.86,41.955090634441085,26.03109667673716,-6.3851812688821745,-18.12791903323263
14,15,-1.89,37.81708270676691,22.62051127819549,0.5542857142857143,-21.559661278195488
15,16,19.09,43.3623579175705,25.656674620390454,6.7768785249457695,-21.711022993492403
16,17,20.17,47.21550313152402,30.710609603340295,0.871490605427975,-26.39538434237996
17,18,-11.96,34.968350340136055,37.84700000000001,9.53590136054422,-25.284062585034015
18,19,15.93,46.754420365535246,38.90855874673629,10.557963446475195,-20.042775195822454
19,20,19.99,45.0551,30.69289032258064,11.793174193548387,-14.037133870967743
20,21,13.02,40.73858536585365,36.86617073170732,13.936449477351914,-18.957612891986063
21,22,-1.13,32.021197959183674,40.80540612244897,2.0794693877551023,-18.495656326530614
22,23,14.55,45.13771542553192,44.628469414893615,5.999257978723405,-21.963175
23,24,18.6,44.487610027855155,48.63645125348189,-0.8460919220055709,-15.075112534818944
24,25,16.34,43.19610989010989,40.80043406593407,-3.8006538461538466,-33.22568681318681
25,26,19.43,38.605382513661205,46.99927595628415,-3.8498852459016395,-14.925463114754098
