,cluster_id,curvature,x,y,z,average_potential
0,1,13.63,39.899243697479,30.946483193277313,-9.57363445378151,-21.206997899159663
1,2,13.59,43.81445375722543,27.277907514450863,-5.515367052023121,-14.341987283236993
2,3,17.83,28.421808917197453,24.73777494692144,0.4951167728237792,-13.767452866242037
3,4,21.68,33.737602409638555,25.344200803212853,-7.775522088353414,-18.288578313253012
4,5,18.05,27.425096153846155,31.674269230769234,-4.712873626373627,-19.63795631868132
5,6,6.71,30.87283762886598,37.09137886597938,3.704726804123711,-20.965998969072167
6,7,19.06,33.915013623978204,32.19774114441417,12.07858310626703,-20.125594822888285
7,8,14.83,39.04266233766234,34.981615584415586,12.16634025974026,-22.43322623376623
8,9,16.77,33.389457407407406,25.056849999999997,8.575833333333335,-16.133766851851853
9,10,-4.4,38.367758620689656,22.94664367816092,-1.436683908045977,-21.403285632183906
10,11,14.59,41.74569406392694,23.209657534246574,2.6272465753424656,-22.947116894977164
11,12,12.58,46.716579387186634,30.966782729805015,1.9374540389972146,-30.5748495821727
12,13,15.06,44.5887029478458,36.65815873015873,2.586340136054422,-55.115365532879814
13,14,14.8,44.364435643564356,24.2547603960396,8.343877227722771,-18.442529504950496
14,15,17.02,46.98182920792079,32.51469801980198,11.503757425742574,-14.593998019801981
15,16,16.28,32.30411928429423,42.93931610337972,-14.069952286282305,-11.467427435387673
16,17,20.96,37.133962264150945,41.82359905660377,-8.916995283018869,-22.071174528301885
17,18,-5.06,29.51304580152672,40.383511450381675,-5.865595419847328,-26.807414503816798
18,19,17.25,32.281891246684346,34.942846153846155,-10.849997347480105,-25.580385941644565
19,20,13.15,45.66336349453978,44.26021996879875,5.61783151326053,-27.06711981279251
20,21,18.42,44.371777083333335,41.356991666666666,11.390566666666667,-21.600677708333333
21,22,17.05,44.6115487465181,49.480830083565465,-0.5135431754874651,-13.047786350974931
22,23,15.01,43.8655154185022,38.0025859030837,-4.874136563876652,-29.417191629955948
23,24,22.48,37.282287937743185,43.03089105058366,5.145217898832684,-25.63557159533074
24,25,14.83,41.55974074074074,45.0789012345679,-4.4936141975308646,-26.639368518518516
25,26,19.96,35.77349843260188,45.96190595611286,-1.5503761755485894,-16.281542946708466
