,cluster_id,curvature,x,y,z,average_potential
0,1,15.67,-12.576866972477065,50.24673394495413,27.023399082568808,-14.86709633027523
1,2,21.47,-16.94791320754717,55.697254716981135,23.60859811320755,-20.44892641509434
2,3,22.87,-8.801096774193548,57.81088709677419,9.581768817204301,-16.661521505376342
3,4,12.13,-14.190330798479087,56.61544486692016,13.669973384030417,-21.937204182509504
4,5,15.57,-7.631159722222222,66.05865625,13.838618055555555,-19.209409027777777
5,6,14.63,-13.134312169312171,64.09705555555556,17.73344708994709,-18.86084259259259
6,7,-1.94,-4.056996478873239,68.39286971830987,22.899345070422537,-20.867592253521128
7,8,15.72,-13.574157107231922,62.983845386533666,26.568456359102246,-12.076407481296759
8,9,12.05,-6.297188612099644,61.883088967971524,28.105896797153026,-13.286641992882561
9,10,16.79,2.4190347394540943,71.59644168734492,20.003186104218365,-10.93812382133995
10,11,-12.79,4.574888185654008,67.27328270042194,16.839396624472574,-18.77934683544304
11,12,12.18,8.092945378151262,58.91019327731092,22.500004201680674,-12.556305462184875
12,13,-1.62,1.4995333333333332,61.630252631578934,24.697294736842107,-22.01284245614035
13,14,14.1,7.341407232704403,49.426948113207544,16.376205974842765,-20.818931132075473
14,15,19.51,11.411844380403458,54.19176368876081,15.653682997118155,-13.809000864553315
15,16,17.19,6.961488505747126,59.745468390804604,15.483183908045977,-25.337761781609196
16,17,8.51,-2.110125628140704,43.76597487437187,14.641567839195982,-20.79169396984925
17,18,8.97,-4.1595617283950626,41.33273148148148,20.086104938271603,-12.964554320987654
18,19,19.12,1.0240571428571428,45.066007142857146,25.327710714285715,-19.226070357142856
19,20,16.96,4.364022900763359,44.76273027989822,18.137432569974557,-28.85767073791349
20,21,20.96,-6.6205371549893846,45.490749469214435,26.93589384288747,-20.54884649681529
21,22,15.35,0.399215777262181,52.23202784222738,26.151064965197218,-22.484132714617168
22,23,-5.19,-8.445612068965518,44.99536206896551,16.124258620689655,-16.53647370689655
23,24,19.19,-12.785798594847776,49.11944730679157,15.276065573770492,-21.12371147540984
24,25,22.33,-1.8568248587570622,60.46616384180791,12.089525423728814,-27.932206214689266
25,26,22.15,-5.379231111111112,50.57529777777778,10.464559999999999,-18.62069466666667
26,27,-15.77,-1.2992129380053907,53.09469811320755,15.216229110512128,-52.81726199460916
