,cluster_id,curvature,x,y,z,average_potential
0,1,11.57,25.259336666666666,27.087268333333334,61.85934833333333,-10.233595
1,2,11.68,18.211219696969696,27.44470075757576,66.69126515151515,-6.341041161616162
2,3,-16.39,42.81971349862259,22.980162534435266,57.73116804407713,-19.974046005509642
3,4,-10.83,45.23495238095238,27.78867724867725,58.65742592592592,-14.354049206349208
4,5,17.77,30.800360655737705,19.72607786885246,55.04381147540984,-14.815698360655736
5,6,13.98,31.312585263157892,26.21242947368421,58.740614736842105,-13.882701684210527
6,7,15.72,38.40481174438687,12.011730569948186,55.82205699481865,-13.202089982728845
7,8,16.1,43.39471139705882,17.51697794117647,62.458397058823536,-14.277216727941177
8,9,10.43,36.19859188034188,20.536852564102563,59.21682905982906,-14.778941025641025
9,10,12.75,32.15553571428571,50.05312192118226,55.9239618226601,-10.513304433497538
10,11,15.28,37.626061135371174,44.30337336244541,61.177408296943234,-8.996181441048035
11,12,11.2,41.36125568181818,36.1892,58.14667159090909,-14.030848068181818
12,13,13.6,23.074963800904975,62.45049622926094,76.43579939668174,-6.6606752639517355
13,14,12.72,25.074825974025977,63.252040259740255,68.14308441558441,-7.737354155844155
14,15,10.9,25.68905555555556,55.014649122807015,53.517649122807015,-12.081286549707603
15,16,18.53,18.710296296296296,60.80608641975308,46.46170617283951,-9.771345432098766
16,17,-12.14,24.34539875389408,54.47782554517134,47.7656261682243,-10.812342367601248
17,18,17.29,24.68243851508121,59.452965197215775,44.907617169373545,-12.840159396751739
18,19,17.95,17.33063407821229,61.2283938547486,63.09879329608939,-6.891423184357542
19,20,14.31,19.284973727422003,59.814651888341544,56.04032512315272,-10.332160098522168
