,cluster_id,curvature,x,y,z,average_potential
0,1,13.62,38.473023255813956,81.56225792811838,29.547436575052853,-10.617025052854123
1,2,17.38,35.169385600000005,77.635048,20.0988832,-10.96636288
2,3,16.93,32.33204477611941,83.62250746268656,23.829100746268654,-8.832463432835821
3,4,15.26,25.911055437100217,75.26564179104477,13.610484008528786,-12.473008315565034
4,5,21.07,28.045420689655174,80.05549310344828,16.75023793103448,-10.289531724137932
5,6,14.56,32.40949859943977,73.67320168067226,14.083733893557422,-13.179554621848741
6,7,-14.29,28.54790596330275,73.26950917431192,6.5746628440366965,-9.589609633027523
7,8,15.54,20.79612229102167,71.98405417956656,9.239637770897833,-9.310834984520124
