,cluster_id,curvature,x,y,z,average_potential
0,1,17.74,-2.622669172932331,17.313225563909775,10.630612781954888,-6.671866165413534
1,2,14.43,14.248157232704399,13.823849056603775,3.56122641509434,-16.49494842767296
2,3,14.01,11.957052845528457,12.849313008130082,11.500138211382112,-21.68476341463414
3,4,-14.15,4.522743670886076,13.595107594936708,6.8226645569620255,-11.449934810126582
4,5,-12.72,8.303537964458803,19.277137318255253,7.756476575121163,-21.697776736672054
5,6,21.05,26.539709677419356,9.209525345622119,0.6679769585253454,-14.186938248847925
6,7,14.55,20.136908724832214,7.346809395973154,4.593748993288591,-24.187928053691273
7,8,23.41,30.728469594594596,16.478861486486487,4.855327702702703,-22.000613175675678
8,9,-5.35,29.563177419354837,7.467842741935484,8.543157258064516,-21.179090322580645
9,10,8.13,22.240451704545453,16.35806534090909,0.6115511363636363,-27.31757301136364
10,11,15.59,25.48927345844504,23.713916890080434,2.653179624664879,-24.29191260053619
11,12,19.34,14.46638014527845,23.572246973365615,3.9547796610169494,-21.132602905569005
12,13,-4.11,23.88991845493562,25.845583690987123,8.913302575107297,-29.642744635193132
13,14,20.97,18.548813596491232,13.366868421052631,24.55930701754386,-18.346889692982458
14,15,14.27,15.726299663299661,12.878417508417508,17.954572390572395,-21.248879797979797
15,16,20.45,21.782961445783133,24.92650843373494,24.39493012048193,-24.11436771084337
16,17,-3.74,14.136597633136095,21.571319526627217,13.549343195266275,-38.52075650887574
17,18,16.39,16.584272486772484,24.429949735449735,19.511261904761902,-27.27595423280423
18,19,13.55,26.332054794520545,28.633251141552506,15.336406392694062,-25.821521004566208
19,20,16.37,33.87029428571429,24.36087428571429,17.6661,-27.015613142857145
20,21,8.89,30.58637237237237,22.578009009009005,23.31878078078078,-21.56181831831832
21,22,26.95,32.5944678111588,22.769751072961373,11.294832618025751,-31.244715879828327
22,23,14.4,36.400847457627115,16.10835593220339,11.252281355932203,-23.590191864406783
23,24,21.67,37.62495348837209,13.837127906976743,19.163697674418604,-12.996278488372095
24,25,17.1,34.439737532808394,8.377215223097114,14.973868766404198,-23.413449081364828
25,26,8.72,23.276099195710458,7.314839142091152,14.81386327077748,-25.674876675603215
26,27,19.99,29.698519900497512,11.790407960199007,23.543034825870645,-23.31584552238806
27,28,18.84,26.65127419354839,16.62540322580645,26.41251612903226,-26.712296451612904
