,cluster_id,curvature,x,y,z,average_potential
0,1,12.11,34.090999999999994,30.9074356617647,21.606825367647062,-12.744941911764707
1,2,13.67,34.20297094017094,36.98477264957265,14.991229059829058,-12.183039658119657
2,3,14.62,28.83747129909365,30.861051359516622,13.708873111782477,-22.215437160120846
3,4,18.07,28.959883895131085,37.508202247191015,20.222625468164793,-13.619215730337078
4,5,-11.41,46.11846733668341,29.483417085427135,16.758793969849247,-15.198958291457288
5,6,14.14,51.11433815028902,33.450553468208085,18.638067919075144,-11.554243786127167
6,7,10.28,46.50330481283422,39.839951871657746,18.649732620320854,-11.648153654188949
7,8,-12.64,40.67684869565217,33.80872869565217,17.052655652173915,-16.48708156521739
8,9,15.65,4.744949709864604,22.318466150870407,4.452013539651838,-9.199992649903288
9,10,23.04,9.063251101321587,29.587154185022026,4.665832599118943,-6.518526872246695
10,11,-14.74,11.638746478873239,22.913098591549296,6.020866197183098,-14.49607676056338
11,12,-11.88,4.757254385964913,19.289773684210527,14.29381754385965,-6.867364561403509
12,13,21.43,10.270913223140496,13.248338842975206,13.588685950413222,-8.43846694214876
13,14,14.07,11.112930555555556,19.38172777777778,11.382861111111112,-13.045215833333335
14,15,20.79,15.74414893617021,32.480382978723405,21.07034840425532,-12.74485585106383
15,16,23.99,22.0545197044335,26.448189655172413,15.945056650246304,-15.94309433497537
16,17,23.11,24.484990099009906,33.411121287128715,19.59086386138614,-13.699840841584159
17,18,18.52,16.86057920792079,28.812287128712875,6.520819306930692,-13.587230693069305
18,19,14.73,23.361807228915666,32.90220481927711,9.823882530120484,-19.636917469879517
19,20,17.12,15.973197368421053,34.34083771929825,13.05398245614035,-17.080380116959063
