,cluster_id,curvature,x,y,z,average_potential
0,1,13.77,-8.24093083573487,-22.665703170028817,4.884484149855909,-15.154761671469737
1,2,14.98,-14.16439847715736,-31.587644670050764,3.429901015228426,-23.98249974619289
2,3,15.47,-6.743338983050847,-29.793344632768363,2.864322033898305,-16.22160790960452
3,4,20.61,-6.23975,-34.67126086956522,8.239536231884058,-25.479127173913046
4,5,15.83,-4.392543396226415,-25.58508867924528,13.425228301886794,-22.795758490566037
5,6,-23.38,-10.293550000000002,-39.105371428571424,11.558414285714287,-19.438439999999996
6,7,19.37,-4.729130260521043,-37.629452905811625,14.878360721442885,-16.740472144288578
7,8,14.73,-18.039175273865414,-40.629111111111115,7.851156494522691,-18.071005790297338
8,9,15.69,-19.46224594594595,-41.49402972972973,14.880662162162162,-11.845771351351353
9,10,21.01,-21.770318982387476,-22.18613307240705,18.564033268101763,-15.100451663405087
10,11,24.09,-12.227873015873016,-19.590307936507937,13.525136507936507,-19.821423174603176
11,12,11.95,-17.659572839506176,-22.973592592592592,8.36287901234568,-20.168936296296295
12,13,14.44,-8.873275229357798,-33.64527828746178,21.940097859327217,-21.625600000000002
13,14,16.17,-14.764804794520549,-31.18744520547945,25.55647602739726,-24.829524657534247
14,15,16.38,-13.38126183844011,-24.50530919220056,22.064635097493035,-19.509738997214484
15,16,-10.62,-12.894107692307692,-39.13264102564103,18.68042051282051,-20.829101025641027
16,17,7.53,-20.292482269503545,-38.20968085106383,20.607769503546102,-18.84381418439716
17,18,-11.69,-20.564034883720932,-30.995558139534886,11.208662790697675,-30.735498837209303
18,19,22.25,-25.389279411764704,-32.51934926470588,15.237202205882355,-16.00058529411765
19,20,19.31,-21.90562573099415,-30.594008771929825,22.034763157894737,-20.105495321637427
