,cluster_id,curvature,x,y,z,average_potential
0,1,19.08,6.36344665012407,13.00474689826303,12.968786600496278,-6.998231513647642
1,2,13.94,11.64617006802721,12.773659863945579,17.118412698412698,-5.785976870748299
2,3,17.11,12.2580109375,7.9923593749999995,8.1835421875,-12.150443281249999
3,4,19.5,12.901238178633976,3.1369264448336254,14.821084063047286,-11.661865323992995
4,5,16.53,22.304424778761064,-8.036730973451327,12.021120353982303,-13.181028495575221
5,6,14.28,20.823637636080868,-13.440822706065319,6.749939346811819,-12.640048833592536
6,7,20.02,13.582648829431436,-2.894685618729097,5.891110367892977,-14.239116387959868
7,8,22.67,18.859858267716536,1.6588766404199473,6.767792650918636,-13.594990813648293
8,9,18.55,19.963524916943516,-0.03523588039867103,13.842867109634552,-15.44230564784053
9,10,16.84,14.538455882352942,-6.92140931372549,13.410686274509803,-10.252122303921569
