,cluster_id,curvature,x,y,z,average_potential
0,1,17.21,61.07238325991189,4.782660792951543,27.510156387665194,-8.236144493392072
1,2,16.52,64.99550483091787,7.367367149758454,31.559748792270533,-7.993744927536231
2,3,8.04,62.70127745664739,14.555065510597304,29.246932562620422,-12.95407437379576
3,4,14.46,55.87235612535613,12.273545584045582,29.832655270655273,-11.756097435897436
4,5,21.23,58.554867283950614,18.508854938271607,23.80579938271605,-10.509014197530863
5,6,19.53,52.535628571428575,19.723100000000002,27.712633333333333,-14.036890238095241
6,7,16.24,45.41754947368421,23.986294736842105,23.602896842105263,-10.315987999999999
7,8,16.87,45.42647777777778,27.262373333333333,30.153008888888888,-11.108407111111111
8,9,18.45,52.43089149560117,25.564912023460412,32.35058944281525,-14.110290029325512
9,10,-11.33,52.57968,26.304803076923076,23.902144615384614,-10.353720307692308
