,cluster_id,curvature,x,y,z,average_potential
0,1,13.1,4.057070967741936,78.49140387096774,-5.937321290322581,-4.867088387096774
1,2,18.15,11.413839869281047,80.2143954248366,-2.2719869281045755,-2.9520575163398695
2,3,13.25,15.433540489642184,85.01434274952918,1.1711205273069683,-8.203776271186442
3,4,16.7,42.706470288624786,87.00579966044143,14.143147707979628,-6.91715806451613
4,5,12.45,38.11983219954648,87.10419387755103,8.717365079365079,-10.375951247165533
5,6,22.46,26.766435185185188,89.09521604938271,3.52141049382716,-10.168466049382715
6,7,18.3,23.2029605734767,83.37178315412187,2.6955913978494626,-9.748778494623656
7,8,21.86,32.626689516129034,85.34151008064516,2.549596774193548,-13.656763911290323
8,9,-14.19,30.50366584158416,83.48564851485149,8.930722772277226,-15.00155420792079
