,cluster_id,curvature,x,y,z,average_potential
0,1,13.9,13.4534,-1.6655380281690142,29.1372661971831,-14.988386056338031
1,2,12.1,9.947668660287082,13.52730023923445,37.49081578947368,-6.436933851674642
2,3,19.88,6.783856423173803,3.0793123425692692,28.536098236775818,-15.414217632241815
3,4,29.5,4.793911538461538,7.9971461538461535,33.41767307692308,-12.647580000000001
4,5,20.06,7.25036307053942,10.074881742738588,27.49531535269709,-10.098715767634856
