,cluster_id,curvature,x,y,z,average_potential
0,1,22.07,15.694528384279478,20.038834061135372,22.882768558951966,-13.85926288209607
1,2,17.6,13.138266666666667,24.183218181818184,18.148624242424244,-16.547939393939394
2,3,11.91,17.570400611620794,18.993220183486237,10.868850152905198,-26.24596513761468
3,4,7.6,12.833788636363638,23.97844090909091,10.883336363636364,-24.064693181818182
4,5,-2.31,23.179679166666666,17.042745833333335,14.784020833333333,-24.792795833333336
5,6,17.36,31.772253308128548,20.93213421550094,15.746724007561436,-20.11229168241966
6,7,-5.0,28.185811728395056,16.968515432098766,19.461993827160494,-21.174030555555557
7,8,16.58,24.086640483383686,21.530679758308157,22.74987613293051,-18.708062235649546
8,9,19.21,21.488890876565293,28.21559570661896,24.41928980322004,-16.61065527728086
9,10,17.63,21.48112913907285,30.588003311258284,18.345943708609273,-27.637920529801317
10,11,19.85,16.487458193979936,29.880698996655518,10.131692307692308,-27.256026421404684
11,12,17.76,22.9025875,28.386133333333337,6.706895833333333,-45.50291875
12,13,17.53,31.777783950617284,30.124395061728393,12.387209876543212,-18.89549094650206
13,14,17.03,24.36439512195122,33.91512682926829,13.029375609756098,-19.252689756097563
14,15,15.81,18.452357142857142,27.303326086956517,-3.3552142857142853,-22.559106521739132
15,16,11.9,27.564319347319348,32.01181118881119,0.7762634032634032,-26.402867365967364
16,17,17.9,31.587993485342018,26.431752442996743,6.307107491856678,-28.504707166123776
17,18,19.43,35.09305973025048,24.04085549132948,0.8505202312138728,-20.90666223506744
18,19,19.27,25.723811659192826,16.680970852017936,6.343096412556054,-28.16192219730942
19,20,19.57,20.438878481012658,20.941736708860763,0.27278227848101266,-35.20908556962025
20,21,18.92,26.94627977839335,15.766626038781165,-0.8886897506925208,-19.51571745152355
21,22,-14.26,20.714283185840706,21.697670353982296,-21.498568584070796,-10.604449557522123
22,23,18.45,14.764879606879607,17.729081081081077,-26.69698034398034,-6.90237371007371
23,24,11.1,20.54041324200913,16.521439497716894,-32.233707762557074,-9.220429337899544
24,25,15.84,22.891653543307086,23.60513910761155,-14.316763779527559,-15.123139370078741
25,26,19.69,26.975808724832213,21.139016778523487,-7.069050335570469,-15.206411073825505
26,27,14.19,35.050778603268945,28.65220653789004,-8.216939078751857,-13.794227191679049
27,28,15.34,24.931114104595878,30.784779714738516,-9.640828843106181,-16.667142155309033
