,cluster_id,curvature,x,y,z,average_potential
0,1,18.08,6.300070731707317,-7.892026829268292,23.231995121951222,-7.621794878048782
1,2,14.89,-0.7397074721780605,-8.193524642289347,23.6492066772655,-14.262919077901433
2,3,21.85,-4.008828897338403,-15.262467680608367,21.559920152091255,-13.185339543726236
3,4,14.07,-1.411938775510204,-10.625294784580499,16.35069614512472,-10.414794557823129
4,5,18.35,-24.935545816733068,-7.415541832669323,14.879274900398407,-9.468404382470117
5,6,14.53,-28.22898181818182,-3.7583590909090905,21.774242424242424,-8.380247727272726
6,7,13.1,-26.4646921641791,1.5924832089552239,17.851958955223875,-11.906577425373134
7,8,18.45,-8.826302931596091,-5.727482084690553,22.151504885993486,-18.74447719869707
8,9,21.55,-10.732266524520258,-12.71857142857143,20.95105117270789,-15.891595948827291
9,10,18.22,-18.65826229508197,-1.7462540983606558,22.572177595628418,-12.625853278688524
10,11,24.17,-15.377149999999999,-5.001116666666666,24.13349666666667,-15.942637666666666
11,12,18.45,-17.04605128205128,-8.779407407407408,18.17858547008547,-14.264925783475784
