,cluster_id,curvature,x,y,z,average_potential
0,1,16.28,13.648347826086955,82.35564073226543,63.29109839816933,-19.051063157894735
1,2,18.75,16.58267095115681,74.92382005141388,67.76619280205655,-13.359521336760928
2,3,9.41,18.21755974842767,74.85236897274632,60.01484276729559,-18.43432389937107
3,4,15.11,5.518287581699346,83.49263888888888,58.765241830065364,-17.70623267973856
4,5,13.63,-1.7333217592592594,77.72267824074073,57.61356481481483,-19.37705138888889
5,6,-19.68,0.4003872832369942,68.71793641618498,56.0847225433526,-20.71515780346821
6,7,17.27,-2.3583164893617026,70.35744946808511,63.59304521276596,-15.836338563829788
7,8,-12.8,10.84509497206704,67.91117318435755,63.187810055865924,-19.32706592178771
8,9,16.82,7.3561099137931025,65.86349784482759,59.40367887931035,-18.485645258620693
9,10,-3.62,11.467588996763753,76.56376051779935,55.2652427184466,-23.7276071197411
10,11,14.44,7.277443333333334,73.57537,66.75324333333333,-23.705341666666662
11,12,21.92,-0.17812011173184358,68.78015083798883,28.751561452513968,-16.23081033519553
12,13,13.74,-2.761092105263158,64.77425000000001,33.85611842105263,-20.26241798245614
13,14,11.16,-3.758846808510638,73.43351489361702,35.11502127659574,-15.454371914893617
14,15,16.39,-9.641103174603174,64.20332275132274,36.71170899470899,-7.905471693121692
15,16,19.21,-5.729839464882944,68.03838795986623,40.4698060200669,-26.075182608695656
16,17,12.1,-2.2268701923076923,64.43350480769232,44.36735336538462,-22.380837259615383
17,18,-5.49,5.92019465648855,62.192103053435105,43.94696183206106,-15.41027748091603
18,19,21.04,4.713075425790755,61.495479318734795,36.465396593673965,-21.064285158150852
19,20,18.19,3.470446564885497,75.78530916030535,32.304820610687024,-19.002347328244277
20,21,16.67,8.476112068965516,69.97650287356322,29.24558620689655,-14.920581609195402
21,22,12.23,12.101077253218884,67.58631759656653,38.88934763948498,-14.333796995708154
22,23,18.5,11.72928997867804,74.5810959488273,37.52280597014924,-16.024263113006395
23,24,14.64,8.006756906077348,70.99392817679559,46.26922651933702,-27.14412817679558
24,25,26.68,1.5867361702127658,63.88859574468085,50.92633617021276,-21.86305404255319
25,26,17.97,7.285872463768117,66.72187536231884,52.38322608695652,-23.99484376811594
26,27,12.98,3.217058461538462,75.3238,40.85268307692308,-32.28328769230769
27,28,14.44,1.7533982300884954,74.39032300884955,49.44168731563422,-27.5638802359882
