,cluster_id,curvature,x,y,z,average_potential
0,1,15.01,31.796620689655175,-27.98431237322515,-10.437738336713997,-12.398743610547667
1,2,13.55,34.404562256809335,-28.14531712062257,-4.706250972762645,-10.20854299610895
2,3,-13.9,27.6470626223092,-30.45282387475538,-16.3203072407045,-10.043162230919766
3,4,14.28,30.208780991735537,-34.29792975206612,-22.193219008264464,-10.392495867768597
4,5,14.33,29.67597080291971,-28.283686131386858,-24.39989416058394,-9.195953284671534
5,6,15.09,54.31004946996466,-5.15145406360424,13.79462367491166,-6.522713074204947
6,7,18.94,50.577787878787866,-10.380383838383837,5.193156565656566,-5.179076262626263
7,8,14.64,50.28448831168831,-16.745555844155845,7.747633766233766,-14.758452207792208
8,9,19.85,58.660039999999995,-15.813524,3.8134880000000004,-6.5141928
9,10,13.37,57.636177914110434,-10.699865030674847,8.319693251533742,-12.807845398773006
10,11,17.24,52.56512742382271,-20.17919944598338,12.982171745152355,-9.230170637119114
11,12,18.84,54.03709547738694,-24.256082914572865,6.671477386934673,-9.585591708542715
12,13,24.21,47.53501955990221,-25.457198044009782,8.239858190709047,-15.17818997555012
13,14,16.29,39.710103448275866,-25.989159874608156,-0.30936363636363645,-8.575584796238244
14,15,14.31,40.421478818998715,-25.47869833119384,7.856268292682928,-14.5982026957638
