,cluster_id,curvature,x,y,z,average_potential
0,1,-0.54,19.10862555066079,0.17957268722466962,16.991581497797355,0.5085788546255505
1,2,10.07,11.44233962264151,6.133162264150943,18.890169811320753,1.5980064150943396
2,3,22.89,23.836356200527703,5.9215514511873355,16.461899736147757,-0.4268794195250659
3,4,19.66,16.863607645875252,4.911321931589536,23.37901408450704,2.7008374245472835
4,5,-12.24,12.359490277777779,-4.479598611111111,19.020062499999998,0.35194847222222225
5,6,-4.37,19.503831360946744,2.2282337278106508,8.520494082840237,0.2677340236686391
6,7,17.15,9.393491634491633,0.5293410553410555,11.403419562419561,0.44524607464607463
7,8,13.74,27.26238659793814,16.45993556701031,1.3408994845360824,2.5632659793814434
8,9,15.01,26.101013667425967,7.839161731207289,-0.9173917995444192,-1.400333029612756
9,10,21.58,32.337718411552345,6.415444043321299,1.5790469314079423,2.8790740072202166
10,11,18.85,29.847055384615384,12.401227692307693,7.48055076923077,-0.022498461538461488
11,12,19.19,26.44225726141079,7.423983402489627,9.611659751037344,-2.6550242738589214
12,13,17.61,20.736235478806908,14.881978021978021,16.729858712715856,0.02175824175824187
13,14,12.54,23.812164490861623,20.668913838120105,8.257245430809398,2.5456702349869453
14,15,19.39,27.817896805896805,16.79384520884521,13.276518427518427,-4.889866339066339
15,16,18.73,9.43063425925926,11.85754398148148,12.8015,3.7512324074074077
16,17,-6.22,14.962712990936557,16.60408761329305,9.82377341389728,-3.323364652567976
17,18,13.26,10.614079617834395,12.084799363057325,2.6066751592356687,-0.2837557324840763
18,19,20.9,13.106362989323843,4.332740213523132,2.814455516014235,-0.9458334519572954
19,20,16.23,8.893708955223882,5.771278606965175,6.197223880597015,0.8342830845771145
20,21,20.31,12.118633744855964,21.28951440329218,3.900586419753086,-4.1880753086419755
21,22,15.23,18.531456666666667,20.725316666666668,3.6799600000000003,-2.6465063333333334
22,23,14.35,19.571670033670035,6.48936026936027,-0.47755892255892257,-0.12504175084175073
23,24,14.68,18.2756512,15.454147200000001,-2.3917599999999997,-0.5685316800000001
