,cluster_id,curvature,x,y,z,average_potential
0,1,22.22,12.40832438016529,5.300072314049587,41.888487603305784,-22.862805991735534
1,2,16.08,9.413409495548962,4.595979228486647,35.044287833827894,-16.674857566765578
2,3,18.74,16.922376731301938,7.601509695290859,28.87825761772853,-13.948857063711912
3,4,-16.19,20.26314598540146,11.76269708029197,34.17943430656934,-27.187549635036497
4,5,-4.85,19.948944444444443,5.263143518518518,37.1740787037037,-18.046154166666668
5,6,22.15,8.466771028037384,13.87072429906542,41.272799065420564,-16.247208411214952
6,7,-1.8,10.705538181818183,18.042105454545453,36.23926545454546,-31.420639272727275
7,8,18.92,5.907789346246974,9.919762711864408,30.7653995157385,-12.855533898305085
8,9,19.55,7.640404929577467,15.462190140845069,28.84956690140845,-16.164779577464788
9,10,-11.65,14.268467625899282,17.114033573141487,27.46767146282974,-24.118226139088726
10,11,-13.97,16.022701149425288,16.58996091954023,45.59132643678161,-23.4746783908046
11,12,20.13,21.65169400630915,9.437804416403784,44.83523028391167,-20.39963406940063
12,13,16.94,24.36125333333333,16.065017777777776,46.68713555555554,-16.675342
13,14,5.07,12.118806153846155,24.521824615384617,36.200021538461534,-22.416698153846156
14,15,17.18,10.518757716049382,24.166452160493826,29.83639506172839,-16.882951697530864
15,16,23.95,17.667717770034844,30.175916376306617,37.80522648083624,-8.684215331010455
16,17,15.4,20.62290528634361,23.915482378854627,41.21917621145375,-19.148351101321584
17,18,17.08,22.714901515151514,23.870123737373735,32.495732323232325,-21.312941666666667
18,19,18.04,27.390886574074074,17.990421296296297,34.320219907407406,-18.73740300925926
19,20,13.67,22.95773076923077,16.181930769230767,33.55587692307692,-25.69159653846154
