,cluster_id,curvature,x,y,z,average_potential
0,1,17.56,-21.96240201005025,-91.04759547738693,-21.05635175879397,-21.88946783919598
1,2,21.75,-18.71896812749004,-85.56582470119523,-15.13914342629482,-10.39882749003984
2,3,18.23,-15.723643678160915,-93.6886724137931,-15.29855747126437,-14.871217816091951
3,4,-5.1,-24.87753043478261,-90.99219565217392,-12.868439130434783,-18.18806608695652
4,5,17.93,-19.114429133858266,-94.05162992125983,-2.1142598425196852,-8.332380708661418
5,6,19.33,-17.69524697336562,-92.80689830508473,-8.565283292978208,-16.101184503631963
6,7,6.56,-18.22796234309623,-102.16602510460251,-12.708748953974894,-21.429568200836822
7,8,17.58,-20.455526195899772,-103.40297949886106,-5.847389521640092,-11.231109339407746
8,9,17.8,-28.46199356223176,-103.8473712446352,-13.316841201716738,-29.207660085836913
9,10,15.0,-26.33589457831325,-99.32598192771083,-8.977322289156627,-20.70384939759036
10,11,20.85,-17.43628010471204,-99.49835602094241,-22.240178010471205,-17.54636439790576
11,12,-8.99,-24.627115501519757,-104.66116413373861,-20.167209726443772,-32.53181428571428
12,13,17.44,-25.301425129087782,-103.40829948364889,-30.49407228915662,-20.66501273666093
13,14,22.32,-21.93218502202643,-95.72931718061675,-31.169541850220266,-18.712571365638762
14,15,-1.82,-26.779379310344826,-92.77678369905956,-27.594714733542318,-21.01766363636364
15,16,-1.59,-35.29568338557994,-99.67286206896553,-29.752319749216294,-17.824774294670846
16,17,-4.85,-31.042193396226413,-90.60946226415093,-20.152575471698114,-22.95431179245283
17,18,15.28,-38.08911235955056,-92.85378202247192,-24.38265393258427,-14.603262471910114
18,19,20.31,-31.966152882205517,-109.70041854636591,-18.47459649122807,-20.51832932330827
19,20,17.5,-34.814070559610705,-107.01811678832117,-26.38672506082725,-18.73862481751825
20,21,12.89,-38.23778696741855,-102.26998746867169,-20.43526065162907,-20.132277192982457
21,22,15.0,-35.30283216783217,-102.87919580419582,-12.786174825174825,-21.78204055944056
22,23,-17.04,-34.29981375358166,-97.10991977077364,-17.106318051575933,-39.84906303724929
