,cluster_id,curvature,x,y,z,average_potential
0,1,20.78,34.01828879310345,0.22376724137931034,9.475487068965517,-3.070908189655172
1,2,19.88,32.42728,8.078538181818182,11.111912727272726,-7.532600363636363
2,3,19.35,28.115143790849675,3.9696568627450977,23.208245098039214,-6.956865359477124
3,4,18.12,32.687877598152426,1.9922124711316396,16.216842956120093,-10.252927020785219
4,5,13.0,35.60745357142857,1.1734732142857143,21.60234464285714,-11.017600714285715
5,6,13.15,21.151338181818183,-15.61273818181818,30.486265454545453,-5.7215287272727275
6,7,20.01,30.179327058823528,-2.239315294117647,28.273463529411767,-14.907854588235294
7,8,16.79,26.658545023696682,-10.509213270142181,33.20174881516587,-11.99373823064771
8,9,23.29,32.46975352112676,-12.266330985915493,29.19910915492958,-12.09333309859155
9,10,11.83,29.562964041095892,-8.860678082191782,24.573856164383564,-11.218877226027397
