,cluster_id,curvature,x,y,z,average_potential
0,1,14.21,14.63946923076923,22.923623076923075,20.41182115384615,-4.93513
1,2,-12.71,12.16461505681818,29.81079971590909,15.724413352272729,-10.449877556818182
2,3,22.31,20.12529957805907,32.32035021097047,-2.0511181434599157,-21.106305063291135
3,4,14.67,19.924525606469004,23.96602964959569,-5.585865229110513,-10.442478975741238
4,5,13.46,15.731804347826086,25.68663586956522,-0.9847717391304348,-16.76711413043478
5,6,16.58,12.194136771300448,21.88021076233184,-5.577356502242153,-13.780252242152468
6,7,16.17,18.294625000000003,37.05630043859649,-13.24963596491228,-15.894300657894739
7,8,-5.24,14.26362857142857,29.72012380952381,-10.791638095238095,-20.0429273015873
8,9,16.21,5.74586319218241,33.31642182410424,-15.945164495114007,-18.365094462540718
9,10,21.03,6.336785714285713,27.899942857142857,-8.110596428571426,-21.147035714285714
10,11,20.04,1.5293422222222222,33.787568888888885,-6.900853333333333,-21.08038933333333
11,12,-7.27,8.691346613545816,28.512836653386454,-1.4042828685258966,-22.093278884462155
12,13,17.8,3.4980514285714293,32.661362857142855,2.243465714285714,-19.292644857142857
13,14,7.31,17.246268882175226,34.256084592145015,5.259643504531722,-25.408402114803625
14,15,18.06,9.244479099678458,36.29815755627009,8.215183279742764,-19.339790353697747
15,16,21.56,3.1205467836257315,47.61742982456141,-5.250766081871346,-10.420534795321636
16,17,16.82,3.4160775,41.852227500000005,0.7062625000000001,-18.195859249999998
17,18,3.68,3.7928454545454544,39.652778787878795,-10.112818181818183,-25.670312121212124
18,19,11.03,14.57139053254438,43.3558875739645,-11.618502958579882,-23.560475147928994
19,20,-12.9,8.72938683127572,44.10909053497942,-11.029131687242797,-17.03164650205761
20,21,19.74,16.70041810344828,47.85981465517241,-6.935823275862069,-21.830559913793103
21,22,-7.84,20.232186943620178,40.666765578635015,-7.639994065281899,-20.29145816023739
22,23,11.37,16.976486666666666,48.15246666666667,1.1579,-14.988903333333335
23,24,19.81,10.865222689075631,51.27544537815126,-0.6763697478991597,-14.329955882352941
24,25,16.49,12.019918674698795,45.82203012048193,6.564807228915664,-15.597247891566264
25,26,11.04,19.903948509485097,42.504628726287265,2.463211382113821,-25.53844823848238
