,cluster_id,curvature,x,y,z,average_potential
0,1,24.75,-13.691622641509435,-46.639108490566045,15.977334905660378,-11.613576886792453
1,2,13.94,-15.15836276083467,-50.449224719101124,23.955715890850723,-13.032825521669343
2,3,20.56,-2.2183248407643315,-49.814971337579614,32.24175796178344,-6.779525796178344
3,4,18.63,-1.2366377551020409,-45.69084438775511,26.397165816326535,-6.203695918367346
4,5,15.65,-6.476796460176991,-53.37024336283186,25.38276991150443,-8.990173451327433
5,6,16.44,-7.382302259887005,-47.64446892655367,21.6654011299435,-10.114732485875706
6,7,15.06,-9.257092243186582,-45.89441928721174,28.772576519916143,-8.814968972746332
7,8,17.73,-18.009524305555555,-31.02996180555555,6.722152777777778,-5.424737847222222
8,9,17.78,-24.109250859106528,-35.65777663230241,6.934319587628867,-7.243229896907216
9,10,19.79,-25.811810240963858,-34.73924698795181,14.403692771084337,-8.633680120481928
10,11,17.27,-28.27134855769231,-39.662002403846145,18.198490384615386,-14.41570480769231
11,12,17.65,-22.122757647058826,-41.5805505882353,11.606741176470587,-13.084672
12,13,18.46,-28.391917266187047,-46.23909712230216,21.455539568345326,-13.933478417266189
13,14,-10.43,-20.55325,-42.48649019607843,19.99256862745098,-10.092910294117647
14,15,19.29,-27.71600524934383,-48.60909711286089,13.610734908136484,-14.911197900262467
15,16,16.41,-21.09287294117647,-49.17390588235293,17.947870588235293,-15.686499764705882
