,cluster_id,curvature,x,y,z,average_potential
0,1,-15.16,15.407322966507179,22.1896004784689,116.70530382775121,-6.062262440191388
1,2,14.45,18.35850971922246,21.893611231101513,110.37538012958964,-11.344353779697622
2,3,19.15,15.81351937984496,16.207596899224807,105.77127519379846,-12.839331395348838
3,4,17.15,14.5539568627451,23.003423529411766,100.8602862745098,-14.866687450980393
4,5,8.78,21.12645335276968,19.98929008746356,101.69723469387755,-13.247756268221575
5,6,16.96,14.880826855123672,22.31495406360424,95.21218021201413,-17.958211307420495
6,7,12.48,12.908733490566037,13.904308962264153,99.49940801886791,-16.124664386792453
7,8,10.86,13.570465240641711,11.894465240641711,45.923065508021395,-10.08461631016043
8,9,14.16,10.052640488656197,5.85313612565445,43.00945026178011,-11.078256195462478
9,10,12.9,10.535274447949526,5.532334384858044,55.70415141955836,-13.815567192429024
10,11,-11.15,15.29631906614786,9.641398832684825,57.38269844357977,-11.092058560311285
11,12,16.8,5.3474250764526,6.654464831804282,50.61429051987768,-12.992860856269111
12,13,9.66,8.263190036900369,13.436339483394834,54.64555719557195,-15.17965
13,14,17.64,12.567242463958062,13.43759501965924,82.40714547837483,-16.66851861074705
14,15,10.12,16.113745762711865,16.24995593220339,89.80952881355933,-15.598189491525421
15,16,14.39,7.429338902147971,18.009207637231505,85.6213031026253,-14.848396181384246
16,17,16.9,9.888083900226759,14.986870748299319,91.71990702947846,-15.778919727891157
17,18,-10.04,15.730382920110193,10.50190082644628,68.29574104683195,-12.208545730027549
18,19,16.89,7.817011160714286,7.479732142857143,65.20718080357143,-16.977264732142856
19,20,14.71,9.81756619144603,15.051790224032587,66.09940733197556,-15.121966395112016
20,21,16.41,9.419636893203885,16.416601941747572,75.44344660194174,-14.513261165048544
21,22,28.61,5.096663157894736,11.337563157894738,70.95739999999999,-15.463528421052631
22,23,18.65,8.622772631578947,9.2122,76.21164631578947,-13.572322105263156
