,cluster_id,curvature,x,y,z,average_potential
0,1,13.74,-15.34973410404624,2.288597302504817,15.002067437379576,-11.95955780346821
1,2,16.35,-15.950471345029237,8.260789473684211,14.44460701754386,-7.8209306432748535
2,3,13.57,-17.14936551724138,-3.7621765517241372,12.53928827586207,-11.066699172413793
3,4,15.2,-16.056827687776142,-7.825270986745214,6.480455081001471,-9.205414285714285
4,5,15.7,-10.785270664505674,-32.170405186385736,9.166729335494328,-11.91608978930308
5,6,-11.69,-14.802894639556378,-28.518391866913124,6.956293900184843,-9.479537707948245
6,7,24.37,-16.549743055555556,-15.922437500000001,5.973920138888889,-10.506934374999998
7,8,13.8,-15.55170426065163,-13.815330827067669,13.849586466165412,-10.0451664160401
8,9,14.4,-16.74797391304348,-23.69498260869565,5.646188405797102,-10.321794202898552
9,10,11.94,-13.911043778801844,-20.256783410138247,12.283133640552993,-10.249758986175113
