,cluster_id,curvature,x,y,z,average_potential
0,1,17.27,23.788983164983165,5.732006734006734,14.226754208754206,-14.491846464646466
1,2,21.14,21.68813309352518,-5.1089100719424465,16.94970143884892,-16.3603809352518
2,3,15.47,22.29022594142259,0.6287824267782427,16.96298326359833,-16.98050271966527
3,4,15.93,24.338582089552236,-2.254776119402985,22.890973880597016,-16.05084589552239
4,5,17.27,26.446062753036436,-10.38096963562753,21.621937246963565,-13.810679149797572
5,6,15.02,33.554058394160585,-0.17952068126520673,24.942377128953773,-22.00508248175182
6,7,12.63,33.00739877300613,-8.279301840490797,24.80096073619632,-22.714857791411045
7,8,16.48,42.152734374999994,6.80337109375,20.727910156250005,-21.690716015625
8,9,15.38,45.496680412371134,0.8350687285223367,9.68607560137457,-25.330210309278353
9,10,14.99,48.098649305555554,3.6816857638888885,14.580291666666666,-20.597768055555555
10,11,18.18,38.137315280464215,-6.366781431334624,14.430466150870407,-25.70156073500967
11,12,23.22,41.7836347826087,-8.879986956521739,21.422043478260868,-18.24345043478261
12,13,21.22,44.84787804878049,-1.968330623306233,20.259222222222224,-21.801022764227646
13,14,14.9,30.795740240240246,-3.087355855855856,10.904396396396395,-28.676409009009014
14,15,16.18,30.095107913669064,7.131345323741008,6.3097458033573135,-18.674803836930455
15,16,-13.14,36.58791176470588,3.7531919504643962,6.024727554179567,-27.741466563467494
16,17,10.46,33.07465384615384,7.26035347985348,20.350516483516483,-26.90556611721612
17,18,14.79,43.283345744680865,9.643239361702127,12.172558510638297,-22.548321276595743
18,19,19.49,39.0408719346049,14.22950136239782,13.663253405994553,-11.108409809264305
19,20,21.34,28.73892233009709,10.420606796116505,12.927927184466016,-20.103810679611648
20,21,17.63,34.40481866666667,13.610458666666668,9.868394666666665,-17.8944024
