,cluster_id,curvature,x,y,z,average_potential
0,1,13.74,11.522692780337943,-9.363801843317972,4.283814132104455,-6.012844700460829
1,2,-10.9,7.524356812933025,-19.30368129330254,5.914530023094688,-7.887154157043881
2,3,17.19,9.221797008547009,10.266220085470087,10.790393162393162,-10.723879914529913
3,4,15.35,16.47572266666667,15.138505333333335,12.201762666666667,-9.555748266666667
4,5,18.51,12.754506493506492,-2.1642025974025976,2.175574025974026,-8.82928935064935
5,6,16.96,16.980445859872614,2.915866242038217,1.5127537154989386,-10.951454777070063
6,7,24.14,11.083092409240924,3.2672244224422444,7.734920792079208,-11.590248844884488
7,8,19.23,10.782852601156069,8.216158959537571,1.7259017341040463,-10.797788439306357
8,9,17.23,15.244151750972764,9.586007782101166,7.384295719844357,-14.946379377431905
