,cluster_id,curvature,x,y,z,average_potential
0,1,12.84,-95.0342809139785,76.97785349462366,12.607388440860216,-2.0354842741935486
1,2,-14.86,-101.05529571106095,86.46652595936796,6.454158013544018,-0.808496388261851
2,3,15.95,-108.09778651685394,87.5502738764045,7.557240168539326,-0.11277317415730345
3,4,14.65,-89.25247214076246,90.05753079178886,1.282121212121212,-7.972502737047898
4,5,13.14,-94.03553519256309,86.53686985391766,5.671515272244355,-2.0217480743691896
5,6,15.46,-98.72074212034383,77.68570343839541,3.783876790830945,-0.19237063037249288
6,7,18.83,-94.55451436031332,72.13870234986945,-1.4050417754569189,0.762914360313316
7,8,14.81,-92.1208064516129,81.5767376344086,-3.5072989247311828,0.27541892473118285
8,9,16.08,-96.38950454545456,77.42050454545453,-3.484831818181818,0.13733363636363635
