,cluster_id,curvature,x,y,z,average_potential
0,1,16.12,27.290696428571433,5.461140306122449,137.24313775510203,-16.04455331632653
1,2,16.98,22.023074257425744,10.77954702970297,134.43291584158416,-17.805644306930695
2,3,13.47,18.202408163265307,8.48982142857143,139.0351836734694,-10.483429846938776
3,4,17.97,30.659121951219515,22.118678048780488,141.32460731707317,-26.246071951219516
4,5,19.09,20.79922222222222,20.97344197530864,140.23824197530863,-13.347331358024691
5,6,17.28,24.277644986449868,14.773739837398374,142.70711111111112,-16.941828184281842
6,7,20.73,27.805518840579712,27.65279420289855,119.94587826086956,-17.451078840579708
7,8,13.94,24.291850746268658,26.250970149253728,126.58616417910447,-27.64873582089552
8,9,16.51,29.536758122743688,31.753382671480136,124.1784512635379,-22.629562815884476
9,10,-22.05,28.063364285714286,33.13383214285715,130.99195714285713,-18.334821428571427
10,11,16.02,23.476730659025787,26.870389684813752,135.49177077363896,-20.021677650429798
11,12,-3.05,31.36790740740741,30.42301388888889,139.5330601851852,-17.756602314814817
12,13,12.66,34.859470414201176,33.246224852071,135.67489940828403,-15.441602071005915
13,14,17.76,37.08574436090226,25.872270676691734,138.65326691729322,-24.16289887218045
14,15,18.09,41.34330193236715,28.542618357487925,133.90491062801934,-15.326910869565216
15,16,-1.26,35.20347175141243,14.868765536723163,126.68303107344634,-21.491733898305085
16,17,18.77,37.6322489626556,20.04875726141079,122.69903526970954,-17.36131597510374
17,18,15.5,40.36198529411764,18.986726470588234,131.87340882352942,-17.35371088235294
18,19,4.6,36.15434334763948,27.429330472103004,124.56928326180255,-19.621121030042918
19,20,-22.14,29.362871527777777,21.398572916666666,123.9759548611111,-51.329538541666665
20,21,11.62,23.690471794871794,18.34972564102564,128.85011282051283,-21.93621769230769
21,22,-11.1,33.93232679738563,18.620039215686276,135.58443790849674,-44.75869738562092
22,23,16.26,30.631938144329897,11.969034364261168,133.72234020618558,-28.78400687285223
