,cluster_id,curvature,x,y,z,average_potential
0,1,15.66,58.048988405797104,9.064066666666667,63.27207826086956,2.0968869565217387
1,2,12.9,54.41467137096774,11.679719758064515,57.34304435483871,-3.7210673387096778
2,3,19.38,78.67959941520469,1.9210233918128656,49.72337719298247,0.7027415204678363
3,4,16.98,74.96700348432056,-3.4802984901277587,47.10539837398374,-3.0115703832752616
4,5,19.28,62.75971267605634,7.72150985915493,54.70365492957747,-4.739305633802816
5,6,20.19,70.89663999999999,6.697004999999999,49.22532,0.07419149999999998
6,7,20.16,68.5899810725552,5.455973186119874,54.89161514195584,-2.492258832807571
7,8,20.83,69.5420968992248,0.16308139534883717,48.83919379844961,0.17591162790697676
8,9,21.65,72.71240959409594,0.03235424354243537,55.46125645756457,1.5471166051660517
