,cluster_id,curvature,x,y,z,average_potential
0,1,19.71,-2.5531788617886177,10.251540650406504,5.5307154471544715,-4.350684552845529
1,2,-14.1,-8.543162790697673,10.998136950904392,7.550894056847545,-9.703835400516795
2,3,15.11,-9.233348051948052,-1.0939064935064935,11.153025974025972,-21.649336623376623
3,4,16.41,-13.998843511450382,6.671916030534351,11.986015267175574,-20.714278244274812
4,5,13.82,-7.660035185185185,8.040357407407408,16.562003703703702,-21.46800222222222
5,6,14.08,-16.08341059602649,-18.340847682119204,34.50288079470198,-14.335668377483442
6,7,17.63,-20.152518053375196,-10.497175824175825,34.5449497645212,-17.708297017268446
7,8,12.72,-20.435354591836735,-12.725364795918368,26.02234438775511,-18.22193698979592
8,9,21.58,-10.835603112840467,-8.657910505836576,32.29116342412451,-24.06802762645914
9,10,-0.45,-12.243778816199375,-12.623813084112149,25.950461059190026,-25.681694704049846
10,11,15.26,-24.092703517587935,0.8764748743718592,33.317824120603014,-9.62639095477387
11,12,-1.34,-17.329478827361562,-4.386550488599348,33.20069706840391,-34.50202573289902
12,13,-18.29,-15.262849849849852,0.05592792792792794,30.36824024024024,-28.95130930930931
13,14,19.62,-25.340259668508295,-4.288425414364641,27.369215469613263,-15.85460055248619
14,15,23.35,-22.307758503401363,-6.371744897959184,20.984517006802722,-22.9175156462585
15,16,23.37,-19.151762626262627,4.60210606060606,17.328848484848482,-23.567850505050504
16,17,16.82,-21.492704641350215,2.4884367088607595,23.662481012658226,-19.867711603375525
17,18,19.9,-8.023802197802198,-2.3801010989010987,28.49777362637363,-21.81769186813187
18,19,-1.63,-7.255988326848248,-3.091214007782101,19.51845914396887,-25.229818677042804
19,20,23.84,-12.259329710144927,5.624909420289855,25.64890579710145,-19.70826050724638
20,21,20.32,-4.693150306748466,3.647349693251534,22.959680981595092,-15.67511319018405
21,22,21.59,-13.704026004728131,-9.881014184397163,17.699470449172576,-22.21929858156028
22,23,13.97,-20.935030508474576,-0.8054983050847458,13.196291525423728,-20.823941355932206
23,24,22.55,-15.54035344827586,-6.30959195402299,7.910646551724137,-13.193843390804599
24,25,16.65,-19.93937966101695,-7.355959322033898,13.359044067796612,-16.213004745762714
