,cluster_id,curvature,x,y,z,average_potential
0,1,11.61,20.271163120567376,-2.9520496453900704,16.01309929078014,-19.67631914893617
1,2,19.57,15.667625,-4.60044696969697,22.074424242424243,-25.164862121212124
2,3,14.72,12.451780730897012,-14.619647840531565,17.170906976744185,-16.12540099667774
3,4,19.19,18.750827292110873,-10.907705756929637,18.87295735607676,-19.191056929637526
4,5,-17.38,18.865415760869567,-11.123796195652174,12.601448369565219,-22.522337228260866
5,6,-3.09,15.795576086956524,-5.584766304347826,3.7080217391304346,-25.268852173913046
6,7,19.5,14.517951367781155,1.246969604863222,4.2091276595744676,-22.302748632218847
7,8,17.94,15.907573170731709,2.486772357723577,13.705191056910568,-40.98336544715446
8,9,12.81,19.3068375,-4.17666875,8.7860390625,-32.48365125
9,10,-3.31,3.10713671875,-5.511628906250001,7.20172265625,-28.35885078125
10,11,21.73,7.422163333333333,-5.376933333333333,1.4961200000000001,-21.538564666666666
11,12,17.73,4.0759480519480515,-13.264280519480518,11.314545454545456,-16.845338701298704
12,13,17.56,10.588435897435899,-13.322461538461539,7.46609090909091,-22.50433776223776
13,14,15.08,9.616731070496083,5.7621305483028715,4.736120104438642,-24.5887725848564
14,15,-1.12,9.500921182266012,8.960802955665025,12.415783251231527,-38.13700640394089
15,16,16.96,4.384693877551019,11.051930612244897,6.579485714285714,-22.67268897959184
16,17,13.19,-0.954589861751152,4.688691244239632,3.8812350230414743,-20.709673041474655
17,18,16.88,-6.696511254019292,0.9785112540192926,8.399400321543407,-17.485178778135047
18,19,21.23,-8.421429078014183,8.726046099290782,9.555815602836878,-13.3625390070922
19,20,17.5,-7.2560530035335695,4.64313074204947,16.21191519434629,-20.404142402826857
20,21,15.62,-3.2331178861788614,4.114817073170731,22.211101626016262,-16.98287195121951
21,22,11.56,2.0919616858237546,-1.759478927203065,24.56808237547893,-24.392262452107282
22,23,19.04,5.827824156305505,-7.412367673179397,19.40095026642984,-33.282090941385434
23,24,18.65,-3.153171079429735,-4.688588594704684,13.63266598778004,-20.54407230142566
24,25,18.49,3.0251983240223463,11.037692737430167,20.33800837988827,-24.636238826815642
25,26,-12.51,1.6841782945736434,11.481250645994834,14.331,-27.816676744186044
26,27,20.99,10.354301886792452,7.79728679245283,20.153520754716986,-28.33266528301887
27,28,14.98,12.542637956204377,2.6221854014598542,22.9566102189781,-24.27687328467153
