,cluster_id,curvature,x,y,z,average_potential
0,1,19.83,24.543573487031704,69.15723919308357,4.7812161383285305,-13.979819596541788
1,2,16.12,27.058853403141363,73.50368586387434,9.751303664921467,-8.790057242582897
2,3,14.52,21.25955154639175,74.04084020618556,14.277412371134021,-10.356505412371133
3,4,9.41,16.748667621776505,69.2509111747851,11.342189111747851,-15.905820916905446
4,5,11.04,23.337238993710695,52.716366876310275,14.458833333333333,-8.602092243186581
5,6,21.64,25.483428265524626,63.655546038543896,8.875079229122056,-17.26472205567452
6,7,17.93,19.723385878489324,59.76851231527095,15.005638752052548,-18.101904761904763
7,8,-15.19,23.627745664739884,66.18857225433526,15.957491329479767,-16.727746820809248
8,9,20.08,17.67529239766082,66.31243079922028,20.50896101364522,-9.251283625730993
