,cluster_id,curvature,x,y,z,average_potential
0,1,12.07,25.022961583236324,-29.618419091967407,7.951236321303842,0.05093224679860306
1,2,17.1,20.564372357723578,-26.792269918699187,14.852097560975611,-1.3928243902439024
2,3,13.62,21.96850140056022,-32.57436274509804,13.859840336134454,-1.3733775910364145
3,4,16.04,10.585849915682967,-29.96181450252951,26.045185497470488,-0.7833622259696459
4,5,13.79,16.689476076555025,-25.610443779904305,29.530381578947367,-3.2739907894736846
5,6,23.59,20.415956175298803,-21.202155378486058,17.118035856573705,0.20888007968127495
6,7,14.79,20.93726273148148,-20.189466435185185,21.904438657407404,-1.5474766203703705
7,8,15.02,18.813770061728395,-11.409320987654322,24.25798611111111,-1.1661404320987654
8,9,15.62,16.412873540856033,-16.308503891050584,30.440824902723737,-2.3339496108949414
