,cluster_id,curvature,x,y,z,average_potential
0,1,13.25,-1.5168091603053435,26.36220038167939,-13.370601145038167,-7.686534732824428
1,2,16.83,-1.807784893267652,38.981950738916254,-8.243459770114942,-8.719193596059112
2,3,13.49,-1.4779180695847363,32.33858249158249,-6.912037037037037,-10.112856228956227
3,4,14.25,-6.449625174825175,54.12554545454545,12.201039160839162,-7.172339999999999
4,5,18.68,-9.36100576368876,41.569449567723346,-2.6092997118155616,-8.430696253602306
5,6,15.2,-9.972461224489795,48.06683061224491,7.232924489795918,-9.749341428571428
6,7,15.71,-3.0293083573487025,49.797789625360224,3.414576368876081,-9.934728530259367
7,8,13.95,-4.325410641200546,44.81743383356071,1.5454106412005457,-11.58198062755798
