,cluster_id,curvature,x,y,z,average_potential
0,1,21.15,22.9575664160401,49.0559298245614,-4.505962406015037,-0.13047969924812028
1,2,18.88,18.546938502673797,43.766371657754014,-1.9702860962566846,-0.4485344919786096
2,3,17.37,20.151432270916334,49.1282828685259,1.321081673306773,-7.318552589641434
3,4,19.65,28.73353358208955,53.091365671641796,5.482111940298508,-2.5195029850746264
4,5,20.1,22.833494117647056,52.14952352941176,6.181494117647059,-5.361661176470588
5,6,-11.41,16.503319767441862,43.72544186046512,7.536331395348839,-4.620905813953487
6,7,17.03,15.090423255813954,49.98002325581395,9.512989147286822,-5.261308992248062
7,8,18.63,3.647366729678639,33.963640831758035,0.4308298676748582,-2.860734404536862
8,9,-3.02,3.480934328358209,36.87675820895522,6.394558208955225,-2.532825373134328
9,10,14.0,2.561172701949861,43.338983286908075,-2.7055988857938718,-8.30089860724234
10,11,19.83,-2.635085271317829,38.43086046511628,-2.0633585271317827,-4.614168410852713
11,12,12.12,1.3135170454545455,45.257960227272726,5.439230113636364,-7.003235511363636
12,13,-3.79,8.592389521640092,44.38471981776765,8.32904555808656,-3.963495444191344
13,14,16.88,12.980286723163843,37.96823587570621,1.3641822033898308,-2.8623550847457624
14,15,-13.28,11.65562456140351,47.44115789473685,-0.7881263157894738,-6.604560350877192
15,16,16.71,5.962958762886599,48.605657216494855,-0.44082474226804136,-4.641384536082474
