,cluster_id,curvature,x,y,z,average_potential
0,1,14.94,-26.65509501187648,-3.7469382422802857,-17.43907482185273,-5.228061282660332
1,2,22.27,-20.05538512035011,-8.69857986870897,-15.22982056892779,-8.12539715536105
2,3,15.33,-15.18399827586207,-15.052046551724137,-13.600746551724137,-4.9900150000000005
