,cluster_id,curvature,x,y,z,average_potential
0,1,17.23,29.66685714285714,-26.152548319327735,-10.924399159663867,-8.17998949579832
1,2,18.76,24.64100237529691,-23.650441805225658,-14.357641330166269,-9.98505273159145
2,3,16.26,-0.4192877697841726,-15.59668824940048,-19.119278177458032,-6.041668345323741
3,4,-9.64,4.844998589562765,-19.55823836389281,-19.27380677009873,-9.238208603667138
4,5,18.85,12.341553805774277,-17.49551706036745,-22.827364829396327,-7.42173937007874
5,6,26.55,15.418895384615384,-22.905643076923077,-17.839538461538464,-11.632174461538462
6,7,14.22,21.84914489311164,-22.62061995249406,-19.469532066508314,-7.625360095011875
