,cluster_id,curvature,x,y,z,average_potential
0,1,-11.65,13.128084033613447,-1.1778655462184875,2.018053781512605,-10.928289243697478
1,2,11.76,19.699197333333334,1.8312240000000002,3.916397333333333,-11.1873512
2,3,15.17,21.56501629327902,-2.3914399185336053,0.2761344195519348,-8.834615885947045
3,4,11.98,12.562471502590673,4.662744386873921,8.498236614853196,-9.178567012089811
4,5,-11.19,7.443708771929824,3.472424561403509,0.1747701754385965,-12.644935263157894
5,6,11.11,3.1350514018691586,3.639858255451713,6.192822429906543,-13.395769626168224
6,7,-13.03,-43.449668571428575,7.39791619047619,17.89757523809524,-5.059415047619048
7,8,14.17,-38.18593548387097,3.7254153225806452,13.667967741935483,-6.032811693548386
8,9,18.31,-30.95231843575419,4.012899441340782,11.157245810055866,-9.540787709497206
9,10,12.23,-33.71155866900175,8.202094570928196,15.28108931698774,-12.065485814360771
10,11,8.24,-18.768917383820998,9.246067125645439,13.418734939759036,-15.70684991394148
11,12,12.51,-26.028311363636366,9.037247727272728,11.599077272727275,-15.619746818181817
12,13,13.33,-21.844294264339155,7.432229426433915,3.9126982543640905,-10.53266408977556
13,14,13.91,-22.903619354838707,2.5771182795698926,10.507737634408603,-11.729487956989248
14,15,18.92,-12.063004149377592,6.597817427385893,7.114710926694329,-15.697816182572616
15,16,-10.49,-2.169310714285714,6.0405678571428565,10.744967857142859,-10.98325357142857
16,17,15.75,-5.107369418132612,5.889109607577807,3.2503274695534508,-15.529999052774018
