,cluster_id,curvature,x,y,z,average_potential
0,1,15.63,-4.287405315614618,10.242915282392028,26.98968604651163,-1.2925981727574751
1,2,15.57,3.4343116438356165,8.356268835616438,26.05138184931507,-0.12693202054794525
2,3,17.43,7.144435064935065,12.29888961038961,26.69504329004329,-0.060663419913419975
3,4,20.42,14.038243401759532,35.685149560117296,27.640304985337245,-0.032010557184750765
4,5,16.85,10.310617834394904,30.60244585987261,27.248770700636943,-0.541084076433121
5,6,18.06,13.40754674796748,39.38244105691057,21.442849593495936,-1.168
6,7,13.85,16.398404185022027,31.472487885462556,21.84058920704846,-1.2209496696035242
7,8,17.19,6.128006289308177,22.289220125786166,36.2731320754717,-3.2642174004192874
8,9,15.3,8.604903361344537,27.88971148459384,32.71552801120448,-3.5111750700280115
9,10,18.23,15.456395705521471,23.73382055214724,24.2372791411043,-1.083617791411043
10,11,17.41,10.647530805687204,18.95081990521327,27.95658649289099,-0.8994767772511849
