,cluster_id,curvature,x,y,z,average_potential
0,1,11.87,12.533376391982182,5.0535033407572385,-18.015429844097998,-4.605471269487751
1,2,11.82,11.638002663115845,5.001083888149134,-11.580272969374168,-10.296507456724367
2,3,18.79,-4.2737462686567165,12.270716417910446,-18.414035447761194,-12.577213059701492
3,4,16.07,-5.891079754601227,10.474004601226993,-11.194530674846625,-13.637491717791411
4,5,16.33,2.261785024154589,3.403214975845411,-19.25342995169082,-9.629648309178744
5,6,16.09,1.061620253164557,3.6564759493670884,-11.135729113924052,-12.978397468354432
6,7,13.09,3.3327245119305857,10.98347071583514,-11.548388286334056,-12.234999566160521
7,8,18.34,-8.206352233676977,9.364840206185567,-24.669211340206186,-9.475824226804125
8,9,14.76,-12.235789976133653,12.292723150357995,-32.20431742243437,-6.3684014319809075
9,10,17.1,-15.508129113924051,5.817888607594936,-28.814020253164557,-5.718259746835443
10,11,-14.28,-22.31442096219931,14.027819587628867,-31.958228522336768,-5.163475429553264
11,12,12.1,-20.713738979118332,16.203498839907194,-40.49954292343387,-6.869547911832948
