,cluster_id,curvature,x,y,z,average_potential
0,1,18.3,37.17080769230769,44.5455650887574,64.12786982248521,-1.2469476331360947
1,2,9.73,44.19884863523573,47.609593052109176,62.562655086848636,-3.277935980148883
2,3,12.65,38.61546676300578,47.11007658959538,56.100839595375724,-2.082935260115607
3,4,14.77,47.7975193236715,46.81799275362318,55.574333333333335,0.8472961352657006
4,5,17.45,44.315530145530154,41.1716340956341,58.8427130977131,-4.520783991683992
5,6,19.57,33.718428802588996,48.392095469255665,45.9900857605178,-0.47918252427184466
6,7,15.17,40.90251013513514,44.850447635135126,45.978697635135134,-0.9375535472972973
7,8,6.21,35.65915450643777,45.71441630901287,51.26367811158797,-0.926321888412017
8,9,20.69,40.67624615384616,40.21470512820512,50.86457435897435,-7.189964871794872
9,10,8.74,25.485519379844963,43.30832558139535,27.579664082687337,-2.8497033591731267
10,11,18.75,26.788008016032066,47.4302384769539,20.720779559118235,-6.159230661322645
11,12,12.72,21.494054491899856,44.88920471281296,21.628469808541972,-5.63211148748159
12,13,17.94,34.655192446043166,45.1600701438849,39.635023381294964,-1.256981654676259
13,14,23.62,33.104404388714734,52.09366144200627,39.473454545454544,-5.881351410658307
14,15,14.1,35.67635294117647,46.78463585434173,34.03203641456582,-8.481010644257703
15,16,10.72,29.15942064714946,49.34276733436056,33.2046748844376,-4.232394761171032
16,17,15.14,30.829289372599234,47.80719590268886,26.575338028169014,-3.5832152368758003
